{"type": "FeatureCollection", "features": [{"type": "Feature", "id": "way/133763677", "properties": {"osm_id": 133763677, "osm_type": "way", "building": "office", "government": "administrative", "name": "VMRDA Office", "office": "government"}, "geometry": {"type": "Polygon", "coordinates": [[[83.3181599, 17.7213329], [83.3181627, 17.7214685], [83.3181877, 17.7215921], [83.3182271, 17.7217227], [83.3182844, 17.7218364], [83.3180913, 17.7219229], [83.3180246, 17.7217968], [83.31798, 17.7216327], [83.3179709, 17.7214825], [83.3179747, 17.7213312], [83.3181599, 17.7213329]]]}}, {"type": "Feature", "id": "way/388816182", "properties": {"osm_id": 388816182, "osm_type": "way", "building": "yes", "name": "AU Auditorium"}, "geometry": {"type": "Polygon", "coordinates": [[[83.3221972, 17.7212554], [83.3221898, 17.7213564], [83.3222897, 17.7213631], [83.3222649, 17.7216999], [83.3222594, 17.7217749], [83.3225424, 17.7217939], [83.3225705, 17.7214119], [83.3226892, 17.7214199], [83.3226989, 17.7212889], [83.3226315, 17.7212844], [83.3224955, 17.7212753], [83.3223677, 17.7212668], [83.3221972, 17.7212554]]]}}, {"type": "Feature", "id": "way/389828677", "properties": {"osm_id": 389828677, "osm_type": "way", "building": "university", "name": "A.U Officers Block"}, "geometry": {"type": "Polygon", "coordinates": [[[83.3238783, 17.7252685], [83.3238554, 17.7253751], [83.3240348, 17.7254102], [83.3240239, 17.7254609], [83.3240964, 17.7254751], [83.3241062, 17.7254296], [83.324262, 17.7254601], [83.3242861, 17.7253483], [83.3238783, 17.7252685]]]}}, {"type": "Feature", "id": "way/389828683", "properties": {"osm_id": 389828683, "osm_type": "way", "building": "university", "name": "Examination Block"}, "geometry": {"type": "Polygon", "coordinates": [[[83.3232462, 17.7249893], [83.323164, 17.7254463], [83.3233312, 17.7254736], [83.3234135, 17.7250166], [83.3232462, 17.7249893]]]}}, {"type": "Feature", "id": "way/389828813", "properties": {"osm_id": 389828813, "osm_type": "way", "building": "university", "name": "Department Of Geophysics"}, "geometry": {"type": "Polygon", "coordinates": [[[83.3228997, 17.7255535], [83.3228356, 17.7256807], [83.3233537, 17.7259176], [83.3234178, 17.7257904], [83.3228997, 17.7255535]]]}}, {"type": "Feature", "id": "way/389828848", "properties": {"osm_id": 389828848, "osm_type": "way", "building": "college", "name": "Economics Department"}, "geometry": {"type": "Polygon", "coordinates": [[[83.3207944, 17.7246468], [83.3210133, 17.7247342], [83.3209979, 17.7247691], [83.3210196, 17.7247807], [83.3211088, 17.7247016], [83.3212752, 17.7246605], [83.3213522, 17.7246781], [83.321383, 17.7246312], [83.3213707, 17.7246018], [83.3214755, 17.7243985], [83.3213827, 17.7243551], [83.3212752, 17.7245637], [83.3212089, 17.7245909], [83.3211596, 17.7244817], [83.3210808, 17.7245141], [83.3211251, 17.7246121], [83.3210287, 17.7246517], [83.3208276, 17.7245714], [83.3207944, 17.7246468]]]}}, {"type": "Feature", "id": "way/389828910", "properties": {"osm_id": 389828910, "osm_type": "way", "building": "bank", "name": "SBI"}, "geometry": {"type": "Polygon", "coordinates": [[[83.3210708, 17.7253047], [83.3210444, 17.7255586], [83.3211815, 17.7255716], [83.3212079, 17.7253177], [83.3210708, 17.7253047]]]}}, {"type": "Feature", "id": "way/389829071", "properties": {"osm_id": 389829071, "osm_type": "way", "building": "house", "name": "Collectors Bunglow", "tourism": "guest_house"}, "geometry": {"type": "Polygon", "coordinates": [[[83.322778, 17.7229482], [83.3228138, 17.7230546], [83.3229182, 17.7230228], [83.3229518, 17.7231226], [83.3230695, 17.7230867], [83.323014, 17.7229219], [83.3230001, 17.7228804], [83.322778, 17.7229482]]]}}, {"type": "Feature", "id": "way/389829082", "properties": {"osm_id": 389829082, "osm_type": "way", "amenity": "library", "building": "yes", "name": "AU Library"}, "geometry": {"type": "Polygon", "coordinates": [[[83.323013, 17.7213832], [83.3230095, 17.7215371], [83.3232132, 17.7215414], [83.3232068, 17.7218223], [83.3233719, 17.7218257], [83.3233781, 17.7215548], [83.323598, 17.7215593], [83.3235955, 17.7216709], [83.3237755, 17.7216747], [83.3237818, 17.7213991], [83.323013, 17.7213832]]]}}, {"type": "Feature", "id": "way/393568838", "properties": {"osm_id": 393568838, "osm_type": "way", "building": "apartments", "building:levels": "5"}, "geometry": {"type": "Polygon", "coordinates": [[[83.3212112, 17.7256294], [83.3214135, 17.7256502], [83.3214384, 17.7254292], [83.3212361, 17.7254084], [83.3212112, 17.7256294]]]}}, {"type": "Feature", "id": "way/393569372", "properties": {"osm_id": 393569372, "osm_type": "way", "building": "apartments"}, "geometry": {"type": "Polygon", "coordinates": [[[83.3210578, 17.7256776], [83.321043, 17.7257795], [83.3211095, 17.7257882], [83.3211039, 17.725827], [83.3210416, 17.7258188], [83.3210242, 17.7259385], [83.3211045, 17.7259491], [83.3211027, 17.7259614], [83.3211671, 17.7259698], [83.3211818, 17.7258683], [83.3212273, 17.7258743], [83.3212356, 17.725817], [83.3211863, 17.7258105], [83.3212028, 17.7256967], [83.3210578, 17.7256776]]]}}, {"type": "Feature", "id": "way/393570022", "properties": {"osm_id": 393570022, "osm_type": "way", "building": "apartments"}, "geometry": {"type": "Polygon", "coordinates": [[[83.3212303, 17.7257012], [83.3212166, 17.7257904], [83.3212517, 17.7257953], [83.3212371, 17.7258901], [83.3212019, 17.7258852], [83.3211834, 17.7260056], [83.321344, 17.7260281], [83.321358, 17.725937], [83.3212791, 17.7259259], [83.3212827, 17.7259024], [83.321369, 17.7259144], [83.3213776, 17.7258591], [83.321291, 17.725847], [83.3212949, 17.7258211], [83.321365, 17.7258309], [83.3213818, 17.7257224], [83.3212303, 17.7257012]]]}}, {"type": "Feature", "id": "way/393570101", "properties": {"osm_id": 393570101, "osm_type": "way", "building": "apartments"}, "geometry": {"type": "Polygon", "coordinates": [[[83.3210194, 17.7259857], [83.3209947, 17.7260879], [83.3211271, 17.7261169], [83.3211238, 17.7261306], [83.3212725, 17.7261632], [83.3213005, 17.7260473], [83.3210194, 17.7259857]]]}}, {"type": "Feature", "id": "way/393570194", "properties": {"osm_id": 393570194, "osm_type": "way", "building": "yes"}, "geometry": {"type": "Polygon", "coordinates": [[[83.3210849, 17.7262132], [83.32104, 17.7264252], [83.3210556, 17.7264282], [83.3210633, 17.7264297], [83.3210444, 17.7265187], [83.3211814, 17.7265451], [83.3211948, 17.7264818], [83.3212452, 17.7262441], [83.3210849, 17.7262132]]]}}, {"type": "Feature", "id": "way/393571704", "properties": {"osm_id": 393571704, "osm_type": "way", "building": "yes"}, "geometry": {"type": "Polygon", "coordinates": [[[83.3212912, 17.7261671], [83.3212819, 17.7264554], [83.32138, 17.7264582], [83.3213893, 17.72617], [83.3212912, 17.7261671]]]}}, {"type": "Feature", "id": "way/393572221", "properties": {"osm_id": 393572221, "osm_type": "way", "building": "yes", "name": "old chemistry block"}, "geometry": {"type": "Polygon", "coordinates": [[[83.321574, 17.7265044], [83.3215564, 17.7266259], [83.3216279, 17.7266353], [83.3216455, 17.7265138], [83.321574, 17.7265044]]]}}, {"type": "Feature", "id": "way/393574047", "properties": {"osm_id": 393574047, "osm_type": "way", "amenity": "library", "building": "yes", "building:levels": "1", "height": "4", "name": "Civil Library"}, "geometry": {"type": "Polygon", "coordinates": [[[83.320239, 17.727789], [83.3201615, 17.7278208], [83.3202004, 17.727907], [83.3202779, 17.7278752], [83.320239, 17.727789]]]}}, {"type": "Feature", "id": "way/393927803", "properties": {"osm_id": 393927803, "osm_type": "way", "amenity": "bank", "atm": "yes", "building": "yes", "name": "SBI Zonal Office"}, "geometry": {"type": "Polygon", "coordinates": [[[83.3195855, 17.7264205], [83.3195316, 17.7264669], [83.3195498, 17.7264861], [83.319501, 17.7265282], [83.3195157, 17.7265436], [83.3192739, 17.7267519], [83.3192419, 17.7267182], [83.3191871, 17.7267654], [83.3192456, 17.726827], [83.3192321, 17.7268386], [83.3193822, 17.7269966], [83.3194895, 17.7269041], [83.3194161, 17.7268268], [83.3194535, 17.7267946], [83.3194035, 17.726742], [83.3194267, 17.726722], [83.3195473, 17.7268491], [83.3195295, 17.7268645], [83.3195906, 17.7269288], [83.3197061, 17.7268293], [83.3196282, 17.7267473], [83.3196048, 17.7267674], [83.3195586, 17.7267189], [83.3194985, 17.7266556], [83.3195171, 17.7266396], [83.3195738, 17.7266993], [83.3196198, 17.7266597], [83.3196949, 17.7267387], [83.319801, 17.7266473], [83.3195855, 17.7264205]]]}}, {"type": "Feature", "id": "way/393928869", "properties": {"osm_id": 393928869, "osm_type": "way", "building": "university", "name": "Petro Chemical Engineering"}, "geometry": {"type": "Polygon", "coordinates": [[[83.3214058, 17.7269086], [83.3211837, 17.7269966], [83.3212645, 17.7271818], [83.3211962, 17.7272088], [83.3212641, 17.7273643], [83.3215544, 17.7272494], [83.3214058, 17.7269086]]]}}, {"type": "Feature", "id": "way/393937543", "properties": {"osm_id": 393937543, "osm_type": "way", "building": "school", "name": "vignan school"}, "geometry": {"type": "Polygon", "coordinates": [[[83.3215796, 17.7254498], [83.3215244, 17.725543], [83.3216474, 17.7256091], [83.3217026, 17.7255159], [83.3215796, 17.7254498]]]}}, {"type": "Feature", "id": "way/393938243", "properties": {"osm_id": 393938243, "osm_type": "way", "building": "commercial", "name": "Maruthi suzuki service centre"}, "geometry": {"type": "Polygon", "coordinates": [[[83.3221456, 17.7257165], [83.3220681, 17.7258435], [83.3220879, 17.7258544], [83.3220059, 17.7259889], [83.3219828, 17.7259761], [83.3219377, 17.7260501], [83.3219933, 17.7260809], [83.321928, 17.7261879], [83.3219995, 17.7262275], [83.3220829, 17.7262737], [83.3223339, 17.7258624], [83.3223164, 17.7258527], [83.3223354, 17.7258216], [83.3221456, 17.7257165]]]}}, {"type": "Feature", "id": "way/393938696", "properties": {"osm_id": 393938696, "osm_type": "way", "building": "commercial", "name": "Varun Bajaj Bike Service"}, "geometry": {"type": "Polygon", "coordinates": [[[83.3224464, 17.7258768], [83.322396, 17.7259589], [83.3223477, 17.7259319], [83.3222601, 17.7260746], [83.3223087, 17.7261017], [83.3222126, 17.7262581], [83.3223049, 17.7263095], [83.3223759, 17.726349], [83.3225792, 17.7260179], [83.3225929, 17.7259956], [83.3226099, 17.7259679], [83.3224464, 17.7258768]]]}}, {"type": "Feature", "id": "way/393938711", "properties": {"osm_id": 393938711, "osm_type": "way", "building": "yes", "name": "A.ravichandran DIG of police house"}, "geometry": {"type": "Polygon", "coordinates": [[[83.3229572, 17.7263151], [83.3227588, 17.7262032], [83.3226877, 17.7263175], [83.3228862, 17.7264294], [83.3229572, 17.7263151]]]}}, {"type": "Feature", "id": "way/393939214", "properties": {"osm_id": 393939214, "osm_type": "way", "building": "yes", "name": "DCP's Apartments"}, "geometry": {"type": "Polygon", "coordinates": [[[83.3231292, 17.7265076], [83.3230624, 17.7266793], [83.3232363, 17.7267407], [83.3233031, 17.726569], [83.3231292, 17.7265076]]]}}, {"type": "Feature", "id": "way/393940306", "properties": {"osm_id": 393940306, "osm_type": "way", "building": "residential"}, "geometry": {"type": "Polygon", "coordinates": [[[83.3243311, 17.727124], [83.32426, 17.7272296], [83.3245278, 17.727393], [83.3245989, 17.7272874], [83.3243311, 17.727124]]]}}, {"type": "Feature", "id": "way/393940307", "properties": {"osm_id": 393940307, "osm_type": "way", "building": "residential"}, "geometry": {"type": "Polygon", "coordinates": [[[83.3242355, 17.7273175], [83.3241673, 17.7274161], [83.3243807, 17.7275499], [83.3244489, 17.7274514], [83.3242355, 17.7273175]]]}}, {"type": "Feature", "id": "way/393940308", "properties": {"osm_id": 393940308, "osm_type": "way", "building": "residential"}, "geometry": {"type": "Polygon", "coordinates": [[[83.3241037, 17.7275176], [83.3240383, 17.7276123], [83.3241045, 17.7276538], [83.3241783, 17.7277], [83.3242489, 17.7277443], [83.3243143, 17.7276496], [83.3241037, 17.7275176]]]}}, {"type": "Feature", "id": "way/393940506", "properties": {"osm_id": 393940506, "osm_type": "way", "building": "yes"}, "geometry": {"type": "Polygon", "coordinates": [[[83.3239973, 17.7269254], [83.3239276, 17.7270284], [83.3241502, 17.7271651], [83.3242199, 17.7270621], [83.3239973, 17.7269254]]]}}, {"type": "Feature", "id": "way/394308500", "properties": {"osm_id": 394308500, "osm_type": "way", "building": "university", "name": "Chemical Workshops"}, "geometry": {"type": "Polygon", "coordinates": [[[83.3210446, 17.7279802], [83.321279, 17.7280682], [83.3213975, 17.7277818], [83.3211631, 17.7276938], [83.3210446, 17.7279802]]]}}, {"type": "Feature", "id": "way/394766069", "properties": {"osm_id": 394766069, "osm_type": "way", "building": "residential"}, "geometry": {"type": "Polygon", "coordinates": [[[83.3208641, 17.7252148], [83.3208444, 17.7254289], [83.3207972, 17.725425], [83.3207755, 17.7256615], [83.320931, 17.7256744], [83.3209724, 17.7252239], [83.3208641, 17.7252148]]]}}, {"type": "Feature", "id": "way/394766070", "properties": {"osm_id": 394766070, "osm_type": "way", "building": "residential"}, "geometry": {"type": "Polygon", "coordinates": [[[83.3208331, 17.7251626], [83.3206948, 17.7251487], [83.3206479, 17.7255733], [83.3207452, 17.7255831], [83.3207658, 17.7253963], [83.3208068, 17.7254004], [83.3208331, 17.7251626]]]}}, {"type": "Feature", "id": "way/394766155", "properties": {"osm_id": 394766155, "osm_type": "way", "building": "residential"}, "geometry": {"type": "Polygon", "coordinates": [[[83.3208025, 17.7258747], [83.3207971, 17.726096], [83.3209036, 17.7260984], [83.320909, 17.725877], [83.3208025, 17.7258747]]]}}, {"type": "Feature", "id": "way/394766157", "properties": {"osm_id": 394766157, "osm_type": "way", "building": "residential"}, "geometry": {"type": "Polygon", "coordinates": [[[83.3206666, 17.7258597], [83.3206666, 17.7259385], [83.3206666, 17.7260248], [83.3206666, 17.7260756], [83.3207737, 17.7260756], [83.3207737, 17.7258597], [83.3206666, 17.7258597]]]}}, {"type": "Feature", "id": "way/394766158", "properties": {"osm_id": 394766158, "osm_type": "way", "building": "residential"}, "geometry": {"type": "Polygon", "coordinates": [[[83.3206265, 17.7258863], [83.3205295, 17.7258783], [83.3205258, 17.7259191], [83.3204821, 17.7259155], [83.3204669, 17.7260827], [83.3205793, 17.7260919], [83.3205825, 17.7260569], [83.3206107, 17.7260592], [83.3206265, 17.7258863]]]}}, {"type": "Feature", "id": "way/394766939", "properties": {"osm_id": 394766939, "osm_type": "way", "building": "residential"}, "geometry": {"type": "Polygon", "coordinates": [[[83.3202961, 17.7258609], [83.3202927, 17.7260044], [83.3203902, 17.7260065], [83.3203937, 17.725863], [83.3202961, 17.7258609]]]}}, {"type": "Feature", "id": "way/394766940", "properties": {"osm_id": 394766940, "osm_type": "way", "building": "residential"}, "geometry": {"type": "Polygon", "coordinates": [[[83.3202336, 17.7258806], [83.3200768, 17.7258822], [83.3200797, 17.726125], [83.3202365, 17.7261234], [83.3202336, 17.7258806]]]}}, {"type": "Feature", "id": "way/394766945", "properties": {"osm_id": 394766945, "osm_type": "way", "building": "apartments"}, "geometry": {"type": "Polygon", "coordinates": [[[83.3197807, 17.7260349], [83.3195824, 17.7260364], [83.3195832, 17.7261246], [83.3196677, 17.7261239], [83.3197815, 17.7261231], [83.3197807, 17.7260349]]]}}, {"type": "Feature", "id": "way/394766970", "properties": {"osm_id": 394766970, "osm_type": "way", "building": "apartments"}, "geometry": {"type": "Polygon", "coordinates": [[[83.3202248, 17.7255036], [83.3201515, 17.7257027], [83.320253, 17.7257366], [83.3203262, 17.7255374], [83.3202248, 17.7255036]]]}}, {"type": "Feature", "id": "way/394766971", "properties": {"osm_id": 394766971, "osm_type": "way", "building": "apartments"}, "geometry": {"type": "Polygon", "coordinates": [[[83.3198468, 17.7254231], [83.3198161, 17.7255429], [83.3200655, 17.7256011], [83.3200963, 17.7254812], [83.3198468, 17.7254231]]]}}, {"type": "Feature", "id": "way/394766972", "properties": {"osm_id": 394766972, "osm_type": "way", "building": "apartments"}, "geometry": {"type": "Polygon", "coordinates": [[[83.3198155, 17.7255757], [83.3198039, 17.7256191], [83.3197804, 17.7256134], [83.3197623, 17.7256811], [83.3197871, 17.7256871], [83.3197837, 17.7256999], [83.3199986, 17.725752], [83.3200317, 17.7256281], [83.3198155, 17.7255757]]]}}, {"type": "Feature", "id": "way/394767102", "properties": {"osm_id": 394767102, "osm_type": "way", "building": "apartments"}, "geometry": {"type": "Polygon", "coordinates": [[[83.3198375, 17.7247507], [83.3196954, 17.7247998], [83.3197414, 17.7249205], [83.3197885, 17.7249042], [83.3197983, 17.7249298], [83.319859, 17.7249087], [83.3198413, 17.7248623], [83.3198756, 17.7248505], [83.3198375, 17.7247507]]]}}, {"type": "Feature", "id": "way/394767515", "properties": {"osm_id": 394767515, "osm_type": "way", "building": "commercial"}, "geometry": {"type": "Polygon", "coordinates": [[[83.3177308, 17.724154], [83.3174988, 17.7240978], [83.3174557, 17.724259], [83.3176878, 17.7243151], [83.3177308, 17.724154]]]}}, {"type": "Feature", "id": "way/394767616", "properties": {"osm_id": 394767616, "osm_type": "way", "building": "commercial"}, "geometry": {"type": "Polygon", "coordinates": [[[83.3170881, 17.7251443], [83.3171001, 17.7252066], [83.317046, 17.7252161], [83.3170579, 17.7252775], [83.3170239, 17.7252834], [83.317037, 17.7253509], [83.3170131, 17.7253551], [83.3170257, 17.7254203], [83.3170095, 17.7254232], [83.3170219, 17.7254876], [83.3169977, 17.7254919], [83.3170168, 17.7255911], [83.31731, 17.7255397], [83.317229, 17.7251196], [83.3170881, 17.7251443]]]}}, {"type": "Feature", "id": "way/394768051", "properties": {"osm_id": 394768051, "osm_type": "way", "building": "commercial", "name": "UNV"}, "geometry": {"type": "Polygon", "coordinates": [[[83.3155356, 17.7251368], [83.3155259, 17.7253375], [83.3158047, 17.7253498], [83.3158145, 17.725149], [83.3155356, 17.7251368]]]}}, {"type": "Feature", "id": "way/395206362", "properties": {"osm_id": 395206362, "osm_type": "way", "building": "university"}, "geometry": {"type": "Polygon", "coordinates": [[[83.3244205, 17.722813], [83.3244187, 17.7230278], [83.3245432, 17.7230288], [83.3245441, 17.7229283], [83.3250159, 17.7229319], [83.3250149, 17.7230389], [83.3251361, 17.7230399], [83.325138, 17.7228198], [83.3248227, 17.7228174], [83.3248233, 17.722755], [83.3247225, 17.7227542], [83.3247219, 17.7228154], [83.3244205, 17.722813]]]}}, {"type": "Feature", "id": "way/395206363", "properties": {"osm_id": 395206363, "osm_type": "way", "building": "university"}, "geometry": {"type": "Polygon", "coordinates": [[[83.3244189, 17.7231869], [83.3244139, 17.7233023], [83.3247251, 17.7233144], [83.3248782, 17.7233203], [83.325079, 17.7233281], [83.3250841, 17.7232098], [83.324738, 17.7231964], [83.3247402, 17.7231467], [83.3246868, 17.7231446], [83.3246846, 17.7231972], [83.3244189, 17.7231869]]]}}, {"type": "Feature", "id": "way/395206884", "properties": {"osm_id": 395206884, "osm_type": "way", "building": "university"}, "geometry": {"type": "Polygon", "coordinates": [[[83.3217099, 17.7245109], [83.321537, 17.7248336], [83.3216921, 17.724909], [83.321748, 17.7248047], [83.3218485, 17.7248536], [83.3218105, 17.7249245], [83.3218782, 17.7249574], [83.3219242, 17.7248716], [83.3220151, 17.7249158], [83.3219549, 17.7250282], [83.322101, 17.7250993], [83.3223341, 17.7246644], [83.322173, 17.7245861], [83.3220628, 17.7247917], [83.3218128, 17.7246701], [83.3218592, 17.7245835], [83.3217099, 17.7245109]]]}}, {"type": "Feature", "id": "way/395206885", "properties": {"osm_id": 395206885, "osm_type": "way", "building": "university"}, "geometry": {"type": "Polygon", "coordinates": [[[83.320585, 17.7243072], [83.3204853, 17.7245017], [83.3205731, 17.7245426], [83.3206055, 17.7244793], [83.3206587, 17.7245041], [83.3206284, 17.7245632], [83.3207184, 17.7246051], [83.320816, 17.7244147], [83.320585, 17.7243072]]]}}, {"type": "Feature", "id": "way/395206887", "properties": {"osm_id": 395206887, "osm_type": "way", "building": "university"}, "geometry": {"type": "Polygon", "coordinates": [[[83.3222633, 17.7241201], [83.3222268, 17.7241838], [83.3224065, 17.7242771], [83.3223711, 17.7243389], [83.3224554, 17.7243827], [83.3224967, 17.7243105], [83.3226805, 17.724406], [83.3227119, 17.7243511], [83.3225136, 17.7242481], [83.3225471, 17.7241896], [83.3224884, 17.7241591], [83.322454, 17.7242192], [83.3222633, 17.7241201]]]}}, {"type": "Feature", "id": "way/395206888", "properties": {"osm_id": 395206888, "osm_type": "way", "building": "university"}, "geometry": {"type": "Polygon", "coordinates": [[[83.3226807, 17.7249989], [83.3226677, 17.7251603], [83.3227981, 17.7251698], [83.3228033, 17.7251049], [83.3229378, 17.7251147], [83.3229455, 17.7250182], [83.3226807, 17.7249989]]]}}, {"type": "Feature", "id": "way/395207057", "properties": {"osm_id": 395207057, "osm_type": "way", "building": "university"}, "geometry": {"type": "Polygon", "coordinates": [[[83.3208833, 17.7220718], [83.3208639, 17.7222012], [83.3213476, 17.722267], [83.321367, 17.7221376], [83.3208833, 17.7220718]]]}}, {"type": "Feature", "id": "way/395207058", "properties": {"osm_id": 395207058, "osm_type": "way", "building": "university"}, "geometry": {"type": "Polygon", "coordinates": [[[83.3207176, 17.7217595], [83.3206598, 17.7222175], [83.3208199, 17.7222358], [83.3208777, 17.7217778], [83.3207176, 17.7217595]]]}}, {"type": "Feature", "id": "way/395207059", "properties": {"osm_id": 395207059, "osm_type": "way", "building": "university"}, "geometry": {"type": "Polygon", "coordinates": [[[83.3204216, 17.7217374], [83.3203643, 17.7221923], [83.3205423, 17.7222127], [83.3205996, 17.7217577], [83.3204216, 17.7217374]]]}}, {"type": "Feature", "id": "way/395207067", "properties": {"osm_id": 395207067, "osm_type": "way", "building": "university"}, "geometry": {"type": "Polygon", "coordinates": [[[83.3212223, 17.7227892], [83.3211891, 17.7228755], [83.321162, 17.7229458], [83.3211352, 17.7230154], [83.3214147, 17.7231131], [83.3214362, 17.7230572], [83.3214643, 17.7229841], [83.3213037, 17.7229279], [83.3213411, 17.7228307], [83.3212223, 17.7227892]]]}}, {"type": "Feature", "id": "way/395207070", "properties": {"osm_id": 395207070, "osm_type": "way", "building": "university"}, "geometry": {"type": "Polygon", "coordinates": [[[83.3217261, 17.7236041], [83.3216537, 17.7237533], [83.3216295, 17.7238032], [83.3216845, 17.7238275], [83.3216267, 17.7239466], [83.3217529, 17.7240022], [83.3218141, 17.7238762], [83.3218796, 17.723905], [83.3219087, 17.7238451], [83.321973, 17.7237128], [83.3217261, 17.7236041]]]}}, {"type": "Feature", "id": "way/395480111", "properties": {"osm_id": 395480111, "osm_type": "way", "building": "university"}, "geometry": {"type": "Polygon", "coordinates": [[[83.3238474, 17.7214039], [83.3238453, 17.7217468], [83.3239048, 17.7217472], [83.3239046, 17.7217847], [83.3239525, 17.721785], [83.3239527, 17.7217513], [83.3240303, 17.7217517], [83.3240314, 17.7215779], [83.3244145, 17.7215801], [83.3244156, 17.7214071], [83.3238474, 17.7214039]]]}}, {"type": "Feature", "id": "way/395480112", "properties": {"osm_id": 395480112, "osm_type": "way", "building": "university"}, "geometry": {"type": "Polygon", "coordinates": [[[83.3245068, 17.7214464], [83.3244934, 17.7215912], [83.3245202, 17.7215935], [83.3245087, 17.7217176], [83.3245786, 17.7217235], [83.3245924, 17.7215755], [83.3247972, 17.7215928], [83.3248085, 17.7214719], [83.3245068, 17.7214464]]]}}, {"type": "Feature", "id": "way/395711319", "properties": {"osm_id": 395711319, "osm_type": "way", "building": "apartments"}, "geometry": {"type": "Polygon", "coordinates": [[[83.3200643, 17.7248483], [83.3200205, 17.7249648], [83.3202805, 17.7250535], [83.3203243, 17.724937], [83.3200643, 17.7248483]]]}}, {"type": "Feature", "id": "way/395711432", "properties": {"osm_id": 395711432, "osm_type": "way", "building": "apartments"}, "geometry": {"type": "Polygon", "coordinates": [[[83.3215291, 17.7191186], [83.321494, 17.7192316], [83.3215818, 17.7192563], [83.3215956, 17.7192121], [83.3216317, 17.7192223], [83.3216192, 17.7192626], [83.3217091, 17.7192879], [83.3217416, 17.7191833], [83.3216455, 17.7191562], [83.3216338, 17.719194], [83.3216059, 17.7191861], [83.321619, 17.719144], [83.3215291, 17.7191186]]]}}, {"type": "Feature", "id": "way/395711490", "properties": {"osm_id": 395711490, "osm_type": "way", "building": "apartments"}, "geometry": {"type": "Polygon", "coordinates": [[[83.3210739, 17.7190019], [83.3210716, 17.7190017], [83.3210695, 17.7190248], [83.3210583, 17.7190238], [83.321054, 17.7190708], [83.3210815, 17.7190732], [83.32108, 17.7190896], [83.3211135, 17.7190924], [83.3211145, 17.7190812], [83.3211407, 17.7190834], [83.321142, 17.7190694], [83.3211637, 17.7190712], [83.3211616, 17.7190946], [83.321177, 17.7190959], [83.3211759, 17.7191072], [83.3211976, 17.7191091], [83.3211966, 17.7191199], [83.3212139, 17.7191214], [83.321215, 17.7191105], [83.3212338, 17.719112], [83.3212364, 17.7190835], [83.3212562, 17.7190851], [83.3212606, 17.7190367], [83.3212314, 17.7190342], [83.3212287, 17.7190629], [83.3211818, 17.7190589], [83.3211854, 17.71902], [83.3211633, 17.7190181], [83.3211623, 17.7190292], [83.3211345, 17.7190269], [83.3211331, 17.7190415], [83.3210895, 17.7190379], [83.3210926, 17.7190035], [83.3210739, 17.7190019]]]}}, {"type": "Feature", "id": "way/395711523", "properties": {"osm_id": 395711523, "osm_type": "way", "building": "apartments"}, "geometry": {"type": "Polygon", "coordinates": [[[83.3209637, 17.7190136], [83.3209368, 17.7190874], [83.3209831, 17.7191028], [83.3209703, 17.7191379], [83.32094, 17.7191279], [83.3209291, 17.7191579], [83.3209131, 17.7191526], [83.3209003, 17.7191876], [83.3209511, 17.7192044], [83.3209573, 17.7191874], [83.3209953, 17.7192], [83.3210123, 17.7191537], [83.3210012, 17.7191501], [83.3210169, 17.719107], [83.3210276, 17.7190779], [83.3210416, 17.7190395], [83.3209637, 17.7190136]]]}}, {"type": "Feature", "id": "way/395711596", "properties": {"osm_id": 395711596, "osm_type": "way", "building": "apartments"}, "geometry": {"type": "Polygon", "coordinates": [[[83.3209798, 17.7193694], [83.3209402, 17.719359], [83.3209365, 17.7193717], [83.3208949, 17.7193608], [83.3208891, 17.719381], [83.3208784, 17.719418], [83.3208876, 17.7194205], [83.320872, 17.7194747], [83.3208651, 17.7194729], [83.320849, 17.7195286], [83.3208856, 17.7195382], [83.3208811, 17.7195536], [83.3209234, 17.7195647], [83.3209293, 17.7195443], [83.3209434, 17.7194956], [83.320951, 17.7194693], [83.320957, 17.7194485], [83.3209715, 17.7193984], [83.3209798, 17.7193694]]]}}, {"type": "Feature", "id": "way/395711597", "properties": {"osm_id": 395711597, "osm_type": "way", "building": "apartments"}, "geometry": {"type": "Polygon", "coordinates": [[[83.320631, 17.719375], [83.3206161, 17.719419], [83.3206014, 17.7194144], [83.3205863, 17.7194588], [83.3206225, 17.7194699], [83.3206291, 17.7194503], [83.3206744, 17.7194642], [83.3206826, 17.71944], [83.3207088, 17.719448], [83.320702, 17.7194682], [83.3207539, 17.7194841], [83.3207476, 17.7195026], [83.3207829, 17.7195134], [83.3207977, 17.7194698], [83.3207884, 17.7194669], [83.3208006, 17.7194308], [83.3207249, 17.7194076], [83.3207173, 17.7194302], [83.3206903, 17.7194219], [83.3206991, 17.7193959], [83.320631, 17.719375]]]}}, {"type": "Feature", "id": "way/395711603", "properties": {"osm_id": 395711603, "osm_type": "way", "building": "apartments"}, "geometry": {"type": "Polygon", "coordinates": [[[83.3210027, 17.7194867], [83.3209912, 17.7195296], [83.3209679, 17.7195239], [83.3209542, 17.7195747], [83.3209976, 17.7195853], [83.3210028, 17.7195663], [83.3210377, 17.7195748], [83.3210459, 17.7195441], [83.3210739, 17.719551], [83.3210637, 17.7195891], [83.3210832, 17.7195939], [83.3211195, 17.7196028], [83.3211147, 17.7196206], [83.3211498, 17.7196292], [83.3211612, 17.7195867], [83.3211473, 17.7195833], [83.3211597, 17.7195373], [83.3211155, 17.7195265], [83.3210842, 17.7195189], [83.3210802, 17.719534], [83.3210572, 17.7195283], [83.3210644, 17.7195018], [83.3210027, 17.7194867]]]}}, {"type": "Feature", "id": "way/395711607", "properties": {"osm_id": 395711607, "osm_type": "way", "building": "apartments"}, "geometry": {"type": "Polygon", "coordinates": [[[83.3213354, 17.7196753], [83.3213261, 17.7197099], [83.3212988, 17.7197032], [83.3212921, 17.7197283], [83.3212768, 17.7197245], [83.3212708, 17.7197466], [83.3212557, 17.7197428], [83.3212495, 17.7197658], [83.3212384, 17.7197631], [83.3212354, 17.7197739], [83.3212857, 17.7197862], [83.3212804, 17.7198056], [83.3212952, 17.7198092], [83.3212825, 17.7198563], [83.3212315, 17.7198438], [83.3212336, 17.7198357], [83.3212041, 17.7198285], [83.3212101, 17.719806], [83.3212008, 17.7198037], [83.3212098, 17.7197703], [83.3212203, 17.7197728], [83.3212344, 17.7197206], [83.3212294, 17.7197194], [83.3212397, 17.7196816], [83.3212472, 17.7196537], [83.3213354, 17.7196753]]]}}, {"type": "Feature", "id": "way/395711608", "properties": {"osm_id": 395711608, "osm_type": "way", "building": "apartments"}, "geometry": {"type": "Polygon", "coordinates": [[[83.3216808, 17.7193093], [83.3216734, 17.7193431], [83.3217107, 17.7193506], [83.3217057, 17.7193734], [83.3216723, 17.7193667], [83.3216662, 17.7193941], [83.3217116, 17.7194032], [83.3217052, 17.7194321], [83.3216545, 17.7194219], [83.3216471, 17.7194557], [83.3216357, 17.7195076], [83.3217312, 17.7195266], [83.3217387, 17.7194926], [83.3217551, 17.7194958], [83.3217625, 17.719462], [83.3217428, 17.7194581], [83.3217453, 17.7194464], [83.321752, 17.719416], [83.321756, 17.7193979], [83.3217715, 17.7193274], [83.3216808, 17.7193093]]]}}, {"type": "Feature", "id": "way/395711683", "properties": {"osm_id": 395711683, "osm_type": "way", "building": "apartments"}, "geometry": {"type": "Polygon", "coordinates": [[[83.3210337, 17.7197734], [83.3210229, 17.7198165], [83.3210124, 17.7198584], [83.3210372, 17.719864], [83.3210409, 17.7198491], [83.3210868, 17.7198595], [83.3210906, 17.7198444], [83.3211224, 17.7198516], [83.3211164, 17.7198755], [83.3211648, 17.7198865], [83.3211603, 17.7199042], [83.3211921, 17.7199114], [83.3212112, 17.7198351], [83.3211789, 17.7198277], [83.321183, 17.7198112], [83.32115, 17.7198037], [83.3211439, 17.7198283], [83.3211063, 17.7198198], [83.3211077, 17.7198141], [83.3210864, 17.7198092], [83.321092, 17.7197866], [83.3210337, 17.7197734]]]}}, {"type": "Feature", "id": "way/396824510", "properties": {"osm_id": 396824510, "osm_type": "way", "building": "apartments", "building:levels": "6", "roof:levels": "0"}, "geometry": {"type": "Polygon", "coordinates": [[[83.3133014, 17.7226009], [83.3132928, 17.7226957], [83.313252, 17.7226923], [83.3132466, 17.7227513], [83.3132312, 17.7229225], [83.3134871, 17.7229434], [83.3135039, 17.7227576], [83.3134061, 17.7227496], [83.3134106, 17.722699], [83.3134186, 17.7226105], [83.3133014, 17.7226009]]]}}, {"type": "Feature", "id": "way/396824511", "properties": {"osm_id": 396824511, "osm_type": "way", "building": "apartments"}, "geometry": {"type": "Polygon", "coordinates": [[[83.3130551, 17.7222027], [83.3128115, 17.722372], [83.3129172, 17.72251], [83.3131608, 17.7223407], [83.3130551, 17.7222027]]]}}, {"type": "Feature", "id": "way/396824512", "properties": {"osm_id": 396824512, "osm_type": "way", "building": "apartments"}, "geometry": {"type": "Polygon", "coordinates": [[[83.3130781, 17.7214725], [83.3129697, 17.7214992], [83.3130673, 17.7218576], [83.3131757, 17.7218309], [83.3130781, 17.7214725]]]}}, {"type": "Feature", "id": "way/396824515", "properties": {"osm_id": 396824515, "osm_type": "way", "building": "apartments"}, "geometry": {"type": "Polygon", "coordinates": [[[83.3130036, 17.7227253], [83.3129905, 17.7228853], [83.3131841, 17.7228997], [83.3131972, 17.7227397], [83.3130036, 17.7227253]]]}}, {"type": "Feature", "id": "way/396824518", "properties": {"osm_id": 396824518, "osm_type": "way", "building": "apartments"}, "geometry": {"type": "Polygon", "coordinates": [[[83.3129494, 17.7220302], [83.3128232, 17.7221123], [83.31279, 17.7220659], [83.3126561, 17.7221529], [83.3127851, 17.7223329], [83.3130451, 17.7221638], [83.3129494, 17.7220302]]]}}, {"type": "Feature", "id": "way/396824550", "properties": {"osm_id": 396824550, "osm_type": "way", "building": "residential"}, "geometry": {"type": "Polygon", "coordinates": [[[83.3132623, 17.7219397], [83.3131729, 17.7220057], [83.3132626, 17.7221159], [83.313352, 17.7220499], [83.3132623, 17.7219397]]]}}, {"type": "Feature", "id": "way/396824551", "properties": {"osm_id": 396824551, "osm_type": "way", "building": "residential"}, "geometry": {"type": "Polygon", "coordinates": [[[83.3131812, 17.7224659], [83.313325, 17.7223577], [83.3132655, 17.7222859], [83.3131217, 17.722394], [83.3131812, 17.7224659]]]}}, {"type": "Feature", "id": "way/396824554", "properties": {"osm_id": 396824554, "osm_type": "way", "building": "residential"}, "geometry": {"type": "Polygon", "coordinates": [[[83.3134446, 17.722102], [83.3133473, 17.7221707], [83.3134445, 17.7222955], [83.3135417, 17.7222268], [83.3134446, 17.722102]]]}}, {"type": "Feature", "id": "way/396824563", "properties": {"osm_id": 396824563, "osm_type": "way", "building": "guest_house"}, "geometry": {"type": "Polygon", "coordinates": [[[83.3133212, 17.7214383], [83.3133292, 17.7215135], [83.3132862, 17.7215176], [83.3132898, 17.7215512], [83.3132922, 17.7215741], [83.3132382, 17.7215794], [83.3132431, 17.7216257], [83.3131845, 17.7216314], [83.3132048, 17.721821], [83.3133499, 17.721807], [83.3133577, 17.7218801], [83.3136079, 17.7218558], [83.3135778, 17.7215736], [83.3136313, 17.7215684], [83.3136225, 17.7214866], [83.3135202, 17.7214965], [83.3135121, 17.7214198], [83.3133212, 17.7214383]]]}}, {"type": "Feature", "id": "way/396826094", "properties": {"osm_id": 396826094, "osm_type": "way", "building": "apartments", "building:levels": "6", "name": "Deepanjali"}, "geometry": {"type": "Polygon", "coordinates": [[[83.314242, 17.7213425], [83.3141565, 17.7216364], [83.3143241, 17.7216807], [83.314334, 17.7216469], [83.3145523, 17.7217046], [83.3145678, 17.7216514], [83.3146878, 17.7216831], [83.3147306, 17.721536], [83.3145857, 17.7214977], [83.3145917, 17.7214772], [83.3144298, 17.7214344], [83.314388, 17.7214234], [83.3143994, 17.7213841], [83.314242, 17.7213425]]]}}, {"type": "Feature", "id": "way/396826095", "properties": {"osm_id": 396826095, "osm_type": "way", "building": "commercial"}, "geometry": {"type": "Polygon", "coordinates": [[[83.3147522, 17.7209988], [83.3146559, 17.7211896], [83.3147838, 17.7212481], [83.3148801, 17.7210573], [83.3147522, 17.7209988]]]}}, {"type": "Feature", "id": "way/396826096", "properties": {"osm_id": 396826096, "osm_type": "way", "building": "apartments"}, "geometry": {"type": "Polygon", "coordinates": [[[83.3142249, 17.7210234], [83.3141288, 17.7212115], [83.314341, 17.7213099], [83.3144372, 17.7211218], [83.3142249, 17.7210234]]]}}, {"type": "Feature", "id": "way/396826245", "properties": {"osm_id": 396826245, "osm_type": "way", "building": "residential"}, "geometry": {"type": "Polygon", "coordinates": [[[83.3143996, 17.7220736], [83.3143962, 17.7221726], [83.3142668, 17.7221685], [83.3142702, 17.7220695], [83.3143996, 17.7220736]]]}}, {"type": "Feature", "id": "way/396826246", "properties": {"osm_id": 396826246, "osm_type": "way", "building": "apartments", "building:levels": "5", "name": "Prathiba Vinayagar"}, "geometry": {"type": "Polygon", "coordinates": [[[83.314226, 17.722576], [83.314398, 17.7225963], [83.314413, 17.7224814], [83.314241, 17.7224611], [83.314226, 17.722576]]]}}, {"type": "Feature", "id": "way/396826247", "properties": {"osm_id": 396826247, "osm_type": "way", "building": "apartments"}, "geometry": {"type": "Polygon", "coordinates": [[[83.3142107, 17.7226148], [83.3141959, 17.7227145], [83.314372, 17.7227383], [83.3143868, 17.7226386], [83.3142107, 17.7226148]]]}}, {"type": "Feature", "id": "way/396826248", "properties": {"osm_id": 396826248, "osm_type": "way", "building": "apartments", "building:levels": "6", "name": "Natraj Towers"}, "geometry": {"type": "Polygon", "coordinates": [[[83.314411, 17.722243], [83.3143997, 17.7224219], [83.3142028, 17.7224106], [83.3142141, 17.7222318], [83.314411, 17.722243]]]}}, {"type": "Feature", "id": "way/396826297", "properties": {"osm_id": 396826297, "osm_type": "way", "building": "apartments"}, "geometry": {"type": "Polygon", "coordinates": [[[83.3139664, 17.7229718], [83.3139636, 17.723132], [83.3136727, 17.7231273], [83.3136755, 17.7229672], [83.3139664, 17.7229718]]]}}, {"type": "Feature", "id": "way/396826298", "properties": {"osm_id": 396826298, "osm_type": "way", "building": "apartments"}, "geometry": {"type": "Polygon", "coordinates": [[[83.3141317, 17.7227897], [83.3141424, 17.7231315], [83.314028, 17.7231348], [83.3140173, 17.722793], [83.3141317, 17.7227897]]]}}, {"type": "Feature", "id": "way/396826299", "properties": {"osm_id": 396826299, "osm_type": "way", "building": "residential"}, "geometry": {"type": "Polygon", "coordinates": [[[83.3138262, 17.7229534], [83.3139571, 17.7229633], [83.313971, 17.722796], [83.3138402, 17.7227861], [83.3138262, 17.7229534]]]}}, {"type": "Feature", "id": "way/396826300", "properties": {"osm_id": 396826300, "osm_type": "way", "building": "school", "building:levels": "6", "name": "Divine Touch School"}, "geometry": {"type": "Polygon", "coordinates": [[[83.3136927, 17.7227773], [83.3136906, 17.7229215], [83.3138148, 17.7229232], [83.3138169, 17.722779], [83.3136927, 17.7227773]]]}}, {"type": "Feature", "id": "way/396826301", "properties": {"osm_id": 396826301, "osm_type": "way", "building": "residential"}, "geometry": {"type": "Polygon", "coordinates": [[[83.3141908, 17.7228002], [83.3141785, 17.7229169], [83.3143638, 17.7229345], [83.314376, 17.7228178], [83.3141908, 17.7228002]]]}}, {"type": "Feature", "id": "way/396826302", "properties": {"osm_id": 396826302, "osm_type": "way", "building": "apartments", "building:levels": "6", "name": "Mount Moriya Residency"}, "geometry": {"type": "Polygon", "coordinates": [[[83.3136448, 17.7234116], [83.3136318, 17.7236684], [83.3137879, 17.7236756], [83.3138009, 17.7234188], [83.3136448, 17.7234116]]]}}, {"type": "Feature", "id": "way/396826303", "properties": {"osm_id": 396826303, "osm_type": "way", "building": "apartments"}, "geometry": {"type": "Polygon", "coordinates": [[[83.3142589, 17.7232381], [83.3142223, 17.7236872], [83.3143554, 17.7236971], [83.3143655, 17.7235736], [83.3143723, 17.7234892], [83.3143771, 17.7234305], [83.3143827, 17.7233622], [83.314392, 17.723248], [83.3142589, 17.7232381]]]}}, {"type": "Feature", "id": "way/396826456", "properties": {"osm_id": 396826456, "osm_type": "way", "building": "residential"}, "geometry": {"type": "Polygon", "coordinates": [[[83.3142231, 17.723163], [83.3144026, 17.7231695], [83.3144074, 17.723051], [83.3142279, 17.7230445], [83.3142231, 17.723163]]]}}, {"type": "Feature", "id": "way/396826457", "properties": {"osm_id": 396826457, "osm_type": "way", "building": "residential"}, "geometry": {"type": "Polygon", "coordinates": [[[83.3141679, 17.7230318], [83.3143734, 17.723046], [83.3143815, 17.7229388], [83.3141761, 17.7229246], [83.3141679, 17.7230318]]]}}, {"type": "Feature", "id": "way/396826458", "properties": {"osm_id": 396826458, "osm_type": "way", "building": "apartments"}, "geometry": {"type": "Polygon", "coordinates": [[[83.3145157, 17.7231884], [83.3145047, 17.7233084], [83.3146428, 17.7233199], [83.3146538, 17.7231999], [83.3145157, 17.7231884]]]}}, {"type": "Feature", "id": "way/396826459", "properties": {"osm_id": 396826459, "osm_type": "way", "building": "apartments"}, "geometry": {"type": "Polygon", "coordinates": [[[83.3144568, 17.7235276], [83.3144479, 17.7237061], [83.3146106, 17.7237134], [83.3146196, 17.723535], [83.3144568, 17.7235276]]]}}, {"type": "Feature", "id": "way/396826460", "properties": {"osm_id": 396826460, "osm_type": "way", "building": "apartments"}, "geometry": {"type": "Polygon", "coordinates": [[[83.3146406, 17.723417], [83.3146358, 17.7236918], [83.3147333, 17.7236933], [83.3147381, 17.7234186], [83.3146406, 17.723417]]]}}, {"type": "Feature", "id": "way/396826461", "properties": {"osm_id": 396826461, "osm_type": "way", "building": "apartments"}, "geometry": {"type": "Polygon", "coordinates": [[[83.3146605, 17.7230797], [83.3146547, 17.723362], [83.314761, 17.7233639], [83.3147642, 17.7232114], [83.3148919, 17.7232138], [83.3148946, 17.723084], [83.3146605, 17.7230797]]]}}, {"type": "Feature", "id": "way/396826577", "properties": {"osm_id": 396826577, "osm_type": "way", "building": "apartments"}, "geometry": {"type": "Polygon", "coordinates": [[[83.3149223, 17.723422], [83.3151693, 17.7234209], [83.3151688, 17.7233127], [83.3151458, 17.7233128], [83.3151454, 17.723215], [83.3151453, 17.7231858], [83.3151448, 17.723084], [83.3149459, 17.7230848], [83.3149461, 17.7231393], [83.314921, 17.7231394], [83.3149215, 17.7232444], [83.3149223, 17.723422]]]}}, {"type": "Feature", "id": "way/396826578", "properties": {"osm_id": 396826578, "osm_type": "way", "building": "apartments"}, "geometry": {"type": "Polygon", "coordinates": [[[83.3148662, 17.7234816], [83.3148591, 17.7236807], [83.3149924, 17.723685], [83.3149995, 17.7234859], [83.3148662, 17.7234816]]]}}, {"type": "Feature", "id": "way/396826579", "properties": {"osm_id": 396826579, "osm_type": "way", "building": "apartments"}, "geometry": {"type": "Polygon", "coordinates": [[[83.3151367, 17.7237112], [83.3151527, 17.7234756], [83.3150219, 17.7234675], [83.3150059, 17.7237032], [83.3151367, 17.7237112]]]}}, {"type": "Feature", "id": "way/396826580", "properties": {"osm_id": 396826580, "osm_type": "way", "building": "residential"}, "geometry": {"type": "Polygon", "coordinates": [[[83.3144847, 17.7231318], [83.3146359, 17.7231494], [83.3146507, 17.7230345], [83.3144995, 17.7230169], [83.3144847, 17.7231318]]]}}, {"type": "Feature", "id": "way/396826581", "properties": {"osm_id": 396826581, "osm_type": "way", "building": "residential"}, "geometry": {"type": "Polygon", "coordinates": [[[83.3146344, 17.7230055], [83.3147293, 17.7230099], [83.3148076, 17.7230166], [83.3148203, 17.7228384], [83.3146471, 17.7228272], [83.3146344, 17.7230055]]]}}, {"type": "Feature", "id": "way/396828475", "properties": {"osm_id": 396828475, "osm_type": "way", "amenity": "restaurant", "building": "hotel", "cuisine": "indian", "outdoor_seating": "yes"}, "geometry": {"type": "Polygon", "coordinates": [[[83.317933, 17.7206979], [83.3181904, 17.7207103], [83.318203, 17.7204718], [83.3179456, 17.7204595], [83.317933, 17.7206979]]]}}, {"type": "Feature", "id": "way/397016335", "properties": {"osm_id": 397016335, "osm_type": "way", "building": "commercial"}, "geometry": {"type": "Polygon", "coordinates": [[[83.3180164, 17.7220823], [83.3181354, 17.7222141], [83.318531, 17.7218902], [83.3184121, 17.7217584], [83.3180164, 17.7220823]]]}}, {"type": "Feature", "id": "way/397016339", "properties": {"osm_id": 397016339, "osm_type": "way", "building": "university"}, "geometry": {"type": "Polygon", "coordinates": [[[83.3209795, 17.7211473], [83.3209518, 17.7216206], [83.3211754, 17.7216325], [83.3212032, 17.7211592], [83.3209795, 17.7211473]]]}}, {"type": "Feature", "id": "way/402615929", "properties": {"osm_id": 402615929, "osm_type": "way", "building": "commercial", "name": "Lenovo Show Room"}, "geometry": {"type": "Polygon", "coordinates": [[[83.3136243, 17.7206535], [83.3137152, 17.7204576], [83.3136085, 17.7204126], [83.3135175, 17.7206086], [83.3136243, 17.7206535]]]}}, {"type": "Feature", "id": "way/402615931", "properties": {"osm_id": 402615931, "osm_type": "way", "building": "commercial"}, "geometry": {"type": "Polygon", "coordinates": [[[83.3132004, 17.7204503], [83.3132828, 17.720499], [83.3133631, 17.7203757], [83.3132807, 17.720327], [83.3132004, 17.7204503]]]}}, {"type": "Feature", "id": "way/402615934", "properties": {"osm_id": 402615934, "osm_type": "way", "building": "commercial"}, "geometry": {"type": "Polygon", "coordinates": [[[83.3132706, 17.7205766], [83.3133594, 17.7206182], [83.313474, 17.7203962], [83.3133852, 17.7203546], [83.3132706, 17.7205766]]]}}, {"type": "Feature", "id": "way/402615937", "properties": {"osm_id": 402615937, "osm_type": "way", "building": "commercial"}, "geometry": {"type": "Polygon", "coordinates": [[[83.3131461, 17.7204684], [83.3132598, 17.7203042], [83.31318, 17.7202541], [83.3130663, 17.7204183], [83.3131461, 17.7204684]]]}}, {"type": "Feature", "id": "way/402615939", "properties": {"osm_id": 402615939, "osm_type": "way", "building": "commercial"}, "geometry": {"type": "Polygon", "coordinates": [[[83.3135862, 17.7204118], [83.3135058, 17.7206123], [83.3134212, 17.7205815], [83.3135016, 17.720381], [83.3135862, 17.7204118]]]}}, {"type": "Feature", "id": "way/402624568", "properties": {"osm_id": 402624568, "osm_type": "way", "building": "commercial"}, "geometry": {"type": "Polygon", "coordinates": [[[83.3158473, 17.7251523], [83.3158366, 17.7253388], [83.3159841, 17.7253465], [83.3159948, 17.72516], [83.3158473, 17.7251523]]]}}, {"type": "Feature", "id": "way/402626290", "properties": {"osm_id": 402626290, "osm_type": "way", "building": "commercial"}, "geometry": {"type": "Polygon", "coordinates": [[[83.3134474, 17.7243964], [83.3134175, 17.7245315], [83.3136122, 17.7245707], [83.3136422, 17.7244356], [83.3135641, 17.7244169], [83.3134474, 17.7243964]]]}}, {"type": "Feature", "id": "way/402836656", "properties": {"osm_id": 402836656, "osm_type": "way", "amenity": "bank", "brand:wikidata": "Q1340361", "brand:wikipedia": "en:State Bank of India", "building": "yes", "name": "Abandoned building", "short_name": "SBI", "website": "https://www.sbi.co.in"}, "geometry": {"type": "Polygon", "coordinates": [[[83.3192457, 17.7276915], [83.3194018, 17.7278071], [83.3195237, 17.7276578], [83.3193676, 17.7275422], [83.3192457, 17.7276915]]]}}, {"type": "Feature", "id": "way/403863605", "properties": {"osm_id": 403863605, "osm_type": "way", "amenity": "bank", "building": "yes", "name": "Cooperative Credit Society SBI Employees"}, "geometry": {"type": "Polygon", "coordinates": [[[83.3187143, 17.7267631], [83.3186433, 17.7266992], [83.3187519, 17.7265945], [83.318835, 17.7266737], [83.318768, 17.7267312], [83.3187143, 17.7267631]]]}}, {"type": "Feature", "id": "way/409717556", "properties": {"osm_id": 409717556, "osm_type": "way", "building": "yes"}, "geometry": {"type": "Polygon", "coordinates": [[[83.3244162, 17.721952], [83.3243974, 17.7218344], [83.3239259, 17.7219028], [83.3239447, 17.7220203], [83.3244162, 17.721952]]]}}, {"type": "Feature", "id": "way/409717775", "properties": {"osm_id": 409717775, "osm_type": "way", "building": "yes"}, "geometry": {"type": "Polygon", "coordinates": [[[83.322135, 17.7223633], [83.3221364, 17.7222688], [83.3219679, 17.7222666], [83.3219665, 17.7223611], [83.322135, 17.7223633]]]}}, {"type": "Feature", "id": "way/409719113", "properties": {"osm_id": 409719113, "osm_type": "way", "building": "yes"}, "geometry": {"type": "Polygon", "coordinates": [[[83.3188358, 17.7272877], [83.3191652, 17.7270544], [83.3190144, 17.7268612], [83.318685, 17.7270944], [83.3188358, 17.7272877]]]}}, {"type": "Feature", "id": "way/409719894", "properties": {"osm_id": 409719894, "osm_type": "way", "building": "yes"}, "geometry": {"type": "Polygon", "coordinates": [[[83.3216736, 17.7268929], [83.321793, 17.7269376], [83.3218547, 17.7267882], [83.3217353, 17.7267435], [83.3216736, 17.7268929]]]}}, {"type": "Feature", "id": "way/409719896", "properties": {"osm_id": 409719896, "osm_type": "way", "building": "yes"}, "geometry": {"type": "Polygon", "coordinates": [[[83.3215408, 17.7273324], [83.3215564, 17.7273992], [83.3216131, 17.7273872], [83.3215975, 17.7273204], [83.3215408, 17.7273324]]]}}, {"type": "Feature", "id": "way/409724604", "properties": {"osm_id": 409724604, "osm_type": "way", "building": "yes"}, "geometry": {"type": "Polygon", "coordinates": [[[83.3219706, 17.7197213], [83.3218619, 17.7199175], [83.3219747, 17.7199742], [83.3220834, 17.719778], [83.3219706, 17.7197213]]]}}, {"type": "Feature", "id": "way/409724605", "properties": {"osm_id": 409724605, "osm_type": "way", "building": "yes"}, "geometry": {"type": "Polygon", "coordinates": [[[83.321976, 17.7201148], [83.3220876, 17.7201709], [83.3222621, 17.7198559], [83.3221506, 17.7197998], [83.321976, 17.7201148]]]}}, {"type": "Feature", "id": "way/409724606", "properties": {"osm_id": 409724606, "osm_type": "way", "building": "yes"}, "geometry": {"type": "Polygon", "coordinates": [[[83.3221044, 17.7195255], [83.3220334, 17.7196537], [83.3221392, 17.7197069], [83.322102, 17.719774], [83.3221967, 17.7198216], [83.3222398, 17.7197438], [83.3223387, 17.7197935], [83.3224038, 17.7196761], [83.3221044, 17.7195255]]]}}, {"type": "Feature", "id": "way/430735041", "properties": {"osm_id": 430735041, "osm_type": "way", "building": "yes"}, "geometry": {"type": "Polygon", "coordinates": [[[83.3176482, 17.7234459], [83.3176396, 17.7233459], [83.3177626, 17.7233362], [83.3177712, 17.7234362], [83.3176482, 17.7234459]]]}}, {"type": "Feature", "id": "way/431186083", "properties": {"osm_id": 431186083, "osm_type": "way", "brand": "Jos Alukkas", "brand:wikidata": "Q6279093", "building": "yes", "check_date": "2024-02-11", "name": "Jos Alukkas", "shop": "jewelry"}, "geometry": {"type": "Polygon", "coordinates": [[[83.3130915, 17.7243941], [83.3132928, 17.724447], [83.3133486, 17.7242542], [83.3131473, 17.7242013], [83.3130915, 17.7243941]]]}}, {"type": "Feature", "id": "way/431186094", "properties": {"osm_id": 431186094, "osm_type": "way", "building": "residential"}, "geometry": {"type": "Polygon", "coordinates": [[[83.3132436, 17.7238103], [83.3134704, 17.7238226], [83.313483, 17.7236133], [83.3132561, 17.7236009], [83.3132436, 17.7238103]]]}}, {"type": "Feature", "id": "way/431341698", "properties": {"osm_id": 431341698, "osm_type": "way", "building": "apartments"}, "geometry": {"type": "Polygon", "coordinates": [[[83.3164232, 17.7238028], [83.3166753, 17.7237837], [83.3166867, 17.723921], [83.3167816, 17.7239138], [83.316791, 17.7240266], [83.3166966, 17.7240337], [83.3166918, 17.7239764], [83.3165678, 17.7239858], [83.3165632, 17.7239315], [83.3164347, 17.7239412], [83.3164232, 17.7238028]]]}}, {"type": "Feature", "id": "way/431341707", "properties": {"osm_id": 431341707, "osm_type": "way", "building": "residential"}, "geometry": {"type": "Polygon", "coordinates": [[[83.3156945, 17.7242858], [83.315693, 17.7241032], [83.3158553, 17.724102], [83.3158568, 17.7242846], [83.3156945, 17.7242858]]]}}, {"type": "Feature", "id": "way/431341711", "properties": {"osm_id": 431341711, "osm_type": "way", "building": "apartments"}, "geometry": {"type": "Polygon", "coordinates": [[[83.3149362, 17.7226948], [83.3148964, 17.7224423], [83.3149975, 17.7224279], [83.3150373, 17.7226803], [83.3149362, 17.7226948]]]}}, {"type": "Feature", "id": "way/431341716", "properties": {"osm_id": 431341716, "osm_type": "way", "building": "apartments"}, "geometry": {"type": "Polygon", "coordinates": [[[83.3161759, 17.7229939], [83.3162464, 17.7228896], [83.3163703, 17.7229655], [83.3162998, 17.7230698], [83.3161759, 17.7229939]]]}}, {"type": "Feature", "id": "way/431341718", "properties": {"osm_id": 431341718, "osm_type": "way", "building": "apartments"}, "geometry": {"type": "Polygon", "coordinates": [[[83.3163142, 17.7228748], [83.3164557, 17.7229627], [83.3165244, 17.7228623], [83.3163829, 17.7227745], [83.3163142, 17.7228748]]]}}, {"type": "Feature", "id": "way/431341720", "properties": {"osm_id": 431341720, "osm_type": "way", "building": "residential"}, "geometry": {"type": "Polygon", "coordinates": [[[83.3172448, 17.7241201], [83.3172812, 17.7239996], [83.3173694, 17.7240238], [83.317333, 17.7241442], [83.3172448, 17.7241201]]]}}, {"type": "Feature", "id": "way/431341730", "properties": {"osm_id": 431341730, "osm_type": "way", "building": "commercial"}, "geometry": {"type": "Polygon", "coordinates": [[[83.3163049, 17.7223716], [83.3164588, 17.7221754], [83.3166778, 17.7223314], [83.3165239, 17.7225275], [83.3163049, 17.7223716]]]}}, {"type": "Feature", "id": "way/431341733", "properties": {"osm_id": 431341733, "osm_type": "way", "building": "commercial"}, "geometry": {"type": "Polygon", "coordinates": [[[83.3171255, 17.7231339], [83.3172812, 17.7228959], [83.3174015, 17.7229673], [83.3172458, 17.7232053], [83.3171255, 17.7231339]]]}}, {"type": "Feature", "id": "way/431341757", "properties": {"osm_id": 431341757, "osm_type": "way", "building": "apartments"}, "geometry": {"type": "Polygon", "coordinates": [[[83.3169709, 17.7230969], [83.3170775, 17.7231558], [83.3171565, 17.723026], [83.3170499, 17.7229672], [83.3169709, 17.7230969]]]}}, {"type": "Feature", "id": "way/431341758", "properties": {"osm_id": 431341758, "osm_type": "way", "building": "residential"}, "geometry": {"type": "Polygon", "coordinates": [[[83.315172, 17.7212922], [83.3153357, 17.721282], [83.3153745, 17.7213868], [83.315227, 17.7213944], [83.315172, 17.7212922]]]}}, {"type": "Feature", "id": "way/431341767", "properties": {"osm_id": 431341767, "osm_type": "way", "building": "apartments"}, "geometry": {"type": "Polygon", "coordinates": [[[83.3170805, 17.7235831], [83.3172003, 17.7233463], [83.3173191, 17.7234008], [83.3171994, 17.7236376], [83.3170805, 17.7235831]]]}}, {"type": "Feature", "id": "way/431341769", "properties": {"osm_id": 431341769, "osm_type": "way", "building": "commercial"}, "geometry": {"type": "Polygon", "coordinates": [[[83.3139761, 17.7247455], [83.3140015, 17.7243457], [83.3141956, 17.7243569], [83.3141703, 17.7247567], [83.3139761, 17.7247455]]]}}, {"type": "Feature", "id": "way/431341772", "properties": {"osm_id": 431341772, "osm_type": "way", "building": "apartments"}, "geometry": {"type": "Polygon", "coordinates": [[[83.3149364, 17.7221565], [83.3149328, 17.7220583], [83.3150603, 17.722054], [83.3150639, 17.7221523], [83.3149364, 17.7221565]]]}}, {"type": "Feature", "id": "way/431341779", "properties": {"osm_id": 431341779, "osm_type": "way", "building": "commercial"}, "geometry": {"type": "Polygon", "coordinates": [[[83.3160007, 17.7220574], [83.3161104, 17.7219072], [83.3162168, 17.7219777], [83.3161071, 17.7221279], [83.3160007, 17.7220574]]]}}, {"type": "Feature", "id": "way/431341780", "properties": {"osm_id": 431341780, "osm_type": "way", "building": "residential"}, "geometry": {"type": "Polygon", "coordinates": [[[83.31542, 17.722699], [83.3154044, 17.7225519], [83.3155692, 17.7225361], [83.3155848, 17.7226832], [83.31542, 17.722699]]]}}, {"type": "Feature", "id": "way/431341781", "properties": {"osm_id": 431341781, "osm_type": "way", "building": "school", "building:levels": "4", "name": "Narayana Junior College"}, "geometry": {"type": "Polygon", "coordinates": [[[83.3173123, 17.7239574], [83.317375, 17.7239824], [83.3174105, 17.7239016], [83.3173478, 17.7238766], [83.3173123, 17.7239574]]]}}, {"type": "Feature", "id": "way/431341782", "properties": {"osm_id": 431341782, "osm_type": "way", "building": "commercial"}, "geometry": {"type": "Polygon", "coordinates": [[[83.3137886, 17.7245427], [83.3138101, 17.7244519], [83.3136802, 17.7244239], [83.3136586, 17.7245147], [83.3137886, 17.7245427]]]}}, {"type": "Feature", "id": "way/431341793", "properties": {"osm_id": 431341793, "osm_type": "way", "building": "apartments"}, "geometry": {"type": "Polygon", "coordinates": [[[83.3144823, 17.7242853], [83.3147395, 17.7243009], [83.3147674, 17.7238829], [83.3145102, 17.7238673], [83.3144823, 17.7242853]]]}}, {"type": "Feature", "id": "way/431341795", "properties": {"osm_id": 431341795, "osm_type": "way", "building": "commercial"}, "geometry": {"type": "Polygon", "coordinates": [[[83.3152381, 17.7246991], [83.3152491, 17.724587], [83.3153768, 17.7245984], [83.3153659, 17.7247104], [83.3152381, 17.7246991]]]}}, {"type": "Feature", "id": "way/431341801", "properties": {"osm_id": 431341801, "osm_type": "way", "building": "apartments"}, "geometry": {"type": "Polygon", "coordinates": [[[83.3138144, 17.7240414], [83.3139569, 17.7240562], [83.3139843, 17.7238164], [83.3138418, 17.7238016], [83.3138144, 17.7240414]]]}}, {"type": "Feature", "id": "way/431341803", "properties": {"osm_id": 431341803, "osm_type": "way", "building": "residential"}, "geometry": {"type": "Polygon", "coordinates": [[[83.3152177, 17.7220237], [83.3152025, 17.7219283], [83.315349, 17.7219071], [83.3153643, 17.7220025], [83.3152177, 17.7220237]]]}}, {"type": "Feature", "id": "way/431341808", "properties": {"osm_id": 431341808, "osm_type": "way", "building": "commercial"}, "geometry": {"type": "Polygon", "coordinates": [[[83.3166446, 17.7225173], [83.3167036, 17.7224304], [83.3168458, 17.7225198], [83.3167894, 17.7226143], [83.3166446, 17.7225173]]]}}, {"type": "Feature", "id": "way/431341812", "properties": {"osm_id": 431341812, "osm_type": "way", "building": "commercial"}, "geometry": {"type": "Polygon", "coordinates": [[[83.3170228, 17.7227855], [83.3170979, 17.722829], [83.3171623, 17.7227319], [83.3170764, 17.7226859], [83.3170228, 17.7227855]]]}}, {"type": "Feature", "id": "way/431341817", "properties": {"osm_id": 431341817, "osm_type": "way", "building": "commercial"}, "geometry": {"type": "Polygon", "coordinates": [[[83.315787, 17.721858], [83.315907, 17.7217258], [83.3160056, 17.721807], [83.3158856, 17.7219392], [83.315787, 17.721858]]]}}, {"type": "Feature", "id": "way/431341823", "properties": {"osm_id": 431341823, "osm_type": "way", "building": "residential"}, "geometry": {"type": "Polygon", "coordinates": [[[83.3142746, 17.7240094], [83.3142776, 17.723924], [83.3143515, 17.7239263], [83.3143485, 17.7240117], [83.3142746, 17.7240094]]]}}, {"type": "Feature", "id": "way/431341827", "properties": {"osm_id": 431341827, "osm_type": "way", "building": "apartments"}, "geometry": {"type": "Polygon", "coordinates": [[[83.3173719, 17.7236689], [83.3174687, 17.7234494], [83.3175575, 17.7234849], [83.3174606, 17.7237044], [83.3173719, 17.7236689]]]}}, {"type": "Feature", "id": "way/431341830", "properties": {"osm_id": 431341830, "osm_type": "way", "building": "apartments", "building:levels": "5", "name": "Aakruthi Apartment"}, "geometry": {"type": "Polygon", "coordinates": [[[83.313797, 17.724692], [83.3138255, 17.7243751], [83.3139598, 17.7243745], [83.3139297, 17.7246983], [83.313797, 17.724692]]]}}, {"type": "Feature", "id": "way/431341831", "properties": {"osm_id": 431341831, "osm_type": "way", "building": "apartments"}, "geometry": {"type": "Polygon", "coordinates": [[[83.3161014, 17.7235553], [83.31605, 17.7233809], [83.3161726, 17.7233481], [83.316224, 17.7235225], [83.3161014, 17.7235553]]]}}, {"type": "Feature", "id": "way/431341847", "properties": {"osm_id": 431341847, "osm_type": "way", "building": "commercial"}, "geometry": {"type": "Polygon", "coordinates": [[[83.3173205, 17.7231688], [83.3174519, 17.7229669], [83.3175458, 17.7230512], [83.3174144, 17.7232326], [83.3173205, 17.7231688]]]}}, {"type": "Feature", "id": "way/431341859", "properties": {"osm_id": 431341859, "osm_type": "way", "building": "residential"}, "geometry": {"type": "Polygon", "coordinates": [[[83.3148449, 17.7220113], [83.314842, 17.721936], [83.3149883, 17.721931], [83.3149911, 17.7220063], [83.3148449, 17.7220113]]]}}, {"type": "Feature", "id": "way/431341866", "properties": {"osm_id": 431341866, "osm_type": "way", "building": "commercial"}, "geometry": {"type": "Polygon", "coordinates": [[[83.3148197, 17.7212466], [83.3148727, 17.7211136], [83.314945, 17.7211398], [83.314892, 17.7212727], [83.3148197, 17.7212466]]]}}, {"type": "Feature", "id": "way/431341867", "properties": {"osm_id": 431341867, "osm_type": "way", "building": "residential"}, "geometry": {"type": "Polygon", "coordinates": [[[83.3157203, 17.7239329], [83.3157181, 17.7238257], [83.3158845, 17.7238226], [83.3158867, 17.7239298], [83.3157203, 17.7239329]]]}}, {"type": "Feature", "id": "way/431341869", "properties": {"osm_id": 431341869, "osm_type": "way", "building": "residential"}, "geometry": {"type": "Polygon", "coordinates": [[[83.3148753, 17.7223402], [83.3148628, 17.7222481], [83.3149941, 17.7222319], [83.3150066, 17.722324], [83.3148753, 17.7223402]]]}}, {"type": "Feature", "id": "way/431341871", "properties": {"osm_id": 431341871, "osm_type": "way", "building": "apartments"}, "geometry": {"type": "Polygon", "coordinates": [[[83.3168779, 17.7240211], [83.3169614, 17.7237845], [83.3170483, 17.7238123], [83.3169648, 17.7240489], [83.3168779, 17.7240211]]]}}, {"type": "Feature", "id": "way/431341873", "properties": {"osm_id": 431341873, "osm_type": "way", "building": "apartments"}, "geometry": {"type": "Polygon", "coordinates": [[[83.315737, 17.7228271], [83.3157689, 17.7227092], [83.3159308, 17.722749], [83.3158988, 17.7228669], [83.315737, 17.7228271]]]}}, {"type": "Feature", "id": "way/431341875", "properties": {"osm_id": 431341875, "osm_type": "way", "building": "residential"}, "geometry": {"type": "Polygon", "coordinates": [[[83.3171271, 17.7240894], [83.3172047, 17.7238448], [83.317294, 17.7238705], [83.3172164, 17.7241151], [83.3171271, 17.7240894]]]}}, {"type": "Feature", "id": "way/431341885", "properties": {"osm_id": 431341885, "osm_type": "way", "building": "commercial"}, "geometry": {"type": "Polygon", "coordinates": [[[83.3131269, 17.7197867], [83.3132288, 17.7196436], [83.3131728, 17.7196075], [83.3130709, 17.7197505], [83.3131269, 17.7197867]]]}}, {"type": "Feature", "id": "way/431341888", "properties": {"osm_id": 431341888, "osm_type": "way", "building": "commercial", "name": "Grs Paradise"}, "geometry": {"type": "Polygon", "coordinates": [[[83.3146048, 17.7247212], [83.3147252, 17.7247261], [83.3147388, 17.7244192], [83.3146185, 17.7244143], [83.3146048, 17.7247212]]]}}, {"type": "Feature", "id": "way/431341895", "properties": {"osm_id": 431341895, "osm_type": "way", "building": "apartments"}, "geometry": {"type": "Polygon", "coordinates": [[[83.3172633, 17.7236422], [83.3173676, 17.7233963], [83.317438, 17.7234234], [83.3173337, 17.7236693], [83.3172633, 17.7236422]]]}}, {"type": "Feature", "id": "way/431341898", "properties": {"osm_id": 431341898, "osm_type": "way", "building": "commercial"}, "geometry": {"type": "Polygon", "coordinates": [[[83.3157544, 17.7220309], [83.3158062, 17.7219505], [83.3159295, 17.7220225], [83.3158777, 17.722103], [83.3157544, 17.7220309]]]}}, {"type": "Feature", "id": "way/431341899", "properties": {"osm_id": 431341899, "osm_type": "way", "building": "residential"}, "geometry": {"type": "Polygon", "coordinates": [[[83.3151816, 17.7226989], [83.3151764, 17.7225631], [83.3153289, 17.7225579], [83.315334, 17.7226937], [83.3151816, 17.7226989]]]}}, {"type": "Feature", "id": "way/431341912", "properties": {"osm_id": 431341912, "osm_type": "way", "building": "apartments"}, "geometry": {"type": "Polygon", "coordinates": [[[83.3152798, 17.7235776], [83.3152735, 17.7232864], [83.3157024, 17.723278], [83.3157087, 17.7235685], [83.3155863, 17.7235709], [83.3155839, 17.7234593], [83.3154151, 17.7234626], [83.3154175, 17.7235749], [83.3152798, 17.7235776]]]}}, {"type": "Feature", "id": "way/438787494", "properties": {"osm_id": 438787494, "osm_type": "way", "building": "yes"}, "geometry": {"type": "Polygon", "coordinates": [[[83.3151308, 17.7201817], [83.3151095, 17.7200064], [83.3153411, 17.7199808], [83.3153625, 17.7201561], [83.3151308, 17.7201817]]]}}, {"type": "Feature", "id": "way/495472055", "properties": {"osm_id": 495472055, "osm_type": "way", "building": "yes"}, "geometry": {"type": "Polygon", "coordinates": [[[83.3138739, 17.7182122], [83.3139919, 17.7183412], [83.3141118, 17.7182417], [83.3139938, 17.7181126], [83.3138739, 17.7182122]]]}}, {"type": "Feature", "id": "way/495472056", "properties": {"osm_id": 495472056, "osm_type": "way", "building": "yes"}, "geometry": {"type": "Polygon", "coordinates": [[[83.3140589, 17.7184153], [83.314181, 17.7185443], [83.3143323, 17.7184144], [83.3142103, 17.7182854], [83.3140589, 17.7184153]]]}}, {"type": "Feature", "id": "way/495472057", "properties": {"osm_id": 495472057, "osm_type": "way", "building": "yes"}, "geometry": {"type": "Polygon", "coordinates": [[[83.313662, 17.7180129], [83.3137156, 17.7180755], [83.313833, 17.7179842], [83.3137794, 17.7179216], [83.313662, 17.7180129]]]}}, {"type": "Feature", "id": "way/495847274", "properties": {"osm_id": 495847274, "osm_type": "way", "building": "yes"}, "geometry": {"type": "Polygon", "coordinates": [[[83.3233556, 17.727278], [83.3233568, 17.727319], [83.323299, 17.7273205], [83.3233033, 17.7274726], [83.3235323, 17.7274668], [83.3235281, 17.7273149], [83.3234359, 17.7273172], [83.3234348, 17.727276], [83.3233556, 17.727278]]]}}, {"type": "Feature", "id": "way/509878606", "properties": {"osm_id": 509878606, "osm_type": "way", "addr:postcode": "530003", "amenity": "bank", "atm": "yes", "building": "yes", "building:levels": "1", "drive_through": "yes", "height": "4", "name": "Andhra Bank"}, "geometry": {"type": "Polygon", "coordinates": [[[83.3208258, 17.728088], [83.3208943, 17.7281137], [83.3209336, 17.7280153], [83.320865, 17.7279898], [83.3208258, 17.728088]]]}}, {"type": "Feature", "id": "way/509878639", "properties": {"osm_id": 509878639, "osm_type": "way", "building": "yes", "name": "Mechanical Lab"}, "geometry": {"type": "Polygon", "coordinates": [[[83.319896, 17.7283752], [83.3196726, 17.7281561], [83.3198576, 17.7279851], [83.3200809, 17.7282042], [83.319896, 17.7283752]]]}}, {"type": "Feature", "id": "way/509878640", "properties": {"osm_id": 509878640, "osm_type": "way", "building": "yes", "name": "Mechanical Department"}, "geometry": {"type": "Polygon", "coordinates": [[[83.3189037, 17.7282421], [83.3188427, 17.7281879], [83.3189199, 17.7281221], [83.3186719, 17.7278839], [83.3187573, 17.7278084], [83.3189931, 17.7280659], [83.319046, 17.7280194], [83.3187472, 17.7277174], [83.3188549, 17.7276341], [83.3191171, 17.7278975], [83.3191761, 17.7278413], [83.3192533, 17.7279149], [83.3189037, 17.7282421]]]}}, {"type": "Feature", "id": "way/509878641", "properties": {"osm_id": 509878641, "osm_type": "way", "building": "yes", "name": "Coastal Engineering Laboratory"}, "geometry": {"type": "Polygon", "coordinates": [[[83.3195491, 17.7276446], [83.3192449, 17.7273379], [83.3193588, 17.7272354], [83.319663, 17.7275421], [83.3195491, 17.7276446]]]}}, {"type": "Feature", "id": "way/509878642", "properties": {"osm_id": 509878642, "osm_type": "way", "building": "yes", "name": "Centre For Research Studies Off Shore Structures"}, "geometry": {"type": "Polygon", "coordinates": [[[83.3197644, 17.7275811], [83.3193627, 17.7271871], [83.3194157, 17.727138], [83.3198175, 17.727532], [83.3197644, 17.7275811]]]}}, {"type": "Feature", "id": "way/509878644", "properties": {"osm_id": 509878644, "osm_type": "way", "building": "yes", "name": "Civil Engineering Department"}, "geometry": {"type": "Polygon", "coordinates": [[[83.31984, 17.7273851], [83.3196932, 17.727238], [83.3199126, 17.7270392], [83.3199687, 17.7270954], [83.3200453, 17.727026], [83.320136, 17.7271169], [83.3200698, 17.7271768], [83.31984, 17.7273851]]]}}, {"type": "Feature", "id": "way/509878645", "properties": {"osm_id": 509878645, "osm_type": "way", "building": "yes", "building:levels": "1", "height": "4", "name": "Civil laboratories"}, "geometry": {"type": "Polygon", "coordinates": [[[83.3203979, 17.7280385], [83.3202934, 17.7276211], [83.3205244, 17.7275686], [83.3206289, 17.727986], [83.3203979, 17.7280385]]]}}, {"type": "Feature", "id": "way/509878647", "properties": {"osm_id": 509878647, "osm_type": "way", "building": "yes", "name": "Department Of Architecture"}, "geometry": {"type": "Polygon", "coordinates": [[[83.3201036, 17.7264705], [83.3200452, 17.7264991], [83.3199691, 17.7264705], [83.3200523, 17.7262733], [83.3201231, 17.7262868], [83.3201549, 17.7263356], [83.3201036, 17.7264705]]]}}, {"type": "Feature", "id": "way/509878648", "properties": {"osm_id": 509878648, "osm_type": "way", "addr:city": "Visakhapatnam", "addr:street": "AU noth campus dispensary road", "building": "yes", "building:levels": "1", "height": "4", "name": "SAC room, Department Of Architecture"}, "geometry": {"type": "Polygon", "coordinates": [[[83.3205301, 17.7267155], [83.3204368, 17.7266819], [83.3204555, 17.7266346], [83.3204066, 17.726617], [83.320494, 17.7263967], [83.3203206, 17.7263348], [83.3203657, 17.7262194], [83.3205151, 17.7262723], [83.3206822, 17.7263325], [83.3205301, 17.7267155]]]}}, {"type": "Feature", "id": "way/509881320", "properties": {"osm_id": 509881320, "osm_type": "way", "building": "yes", "name": "IPS Bunglow"}, "geometry": {"type": "Polygon", "coordinates": [[[83.3214678, 17.72641], [83.3214749, 17.7262068], [83.3215227, 17.7262083], [83.3215693, 17.726209], [83.3215682, 17.7262724], [83.3215845, 17.726239], [83.3217023, 17.7262446], [83.3216952, 17.7263795], [83.3216641, 17.726378], [83.3216649, 17.7263639], [83.3216158, 17.7263616], [83.3216129, 17.7264156], [83.3215515, 17.7264127], [83.3214678, 17.72641]]]}}, {"type": "Feature", "id": "way/520578421", "properties": {"osm_id": 520578421, "osm_type": "way", "amenity": "hospital", "building": "commercial", "building:levels": "1", "name": "AU North Campus Dispensary", "smoking": "no"}, "geometry": {"type": "Polygon", "coordinates": [[[83.3208002, 17.7271958], [83.3209005, 17.7273583], [83.3207985, 17.7274154], [83.3206982, 17.7272529], [83.3208002, 17.7271958]]]}}, {"type": "Feature", "id": "way/538307732", "properties": {"osm_id": 538307732, "osm_type": "way", "building": "yes", "building:levels": "1", "height": "4"}, "geometry": {"type": "Polygon", "coordinates": [[[83.3201187, 17.7266971], [83.3201764, 17.7267213], [83.3202032, 17.7266636], [83.3201455, 17.7266393], [83.3201187, 17.7266971]]]}}, {"type": "Feature", "id": "way/538307736", "properties": {"osm_id": 538307736, "osm_type": "way", "building": "yes", "building:levels": "1", "height": "4"}, "geometry": {"type": "Polygon", "coordinates": [[[83.3200523, 17.7269934], [83.320139, 17.7270802], [83.3202072, 17.7270183], [83.3201206, 17.7269316], [83.3200523, 17.7269934]]]}}, {"type": "Feature", "id": "way/538574213", "properties": {"osm_id": 538574213, "osm_type": "way", "building": "yes", "building:levels": "1", "height": "4"}, "geometry": {"type": "Polygon", "coordinates": [[[83.3195508, 17.728032], [83.3196632, 17.7281423], [83.3198377, 17.7279809], [83.3197253, 17.7278706], [83.3195508, 17.728032]]]}}, {"type": "Feature", "id": "way/634114764", "properties": {"osm_id": 634114764, "osm_type": "way", "building": "yes", "building:levels": "4"}, "geometry": {"type": "Polygon", "coordinates": [[[83.3132985, 17.7188292], [83.3133998, 17.7188263], [83.3134013, 17.7188743], [83.3135293, 17.7188706], [83.3135278, 17.7188227], [83.3136566, 17.718819], [83.313653, 17.7187043], [83.3135119, 17.7187083], [83.3134909, 17.7186838], [83.3134398, 17.7186853], [83.3134167, 17.718711], [83.3132949, 17.7187145], [83.3132985, 17.7188292]]]}}, {"type": "Feature", "id": "way/635177274", "properties": {"osm_id": 635177274, "osm_type": "way", "building": "office", "name": "The Hongkong and Shanghai Banking Corporation"}, "geometry": {"type": "Polygon", "coordinates": [[[83.3174814, 17.7225415], [83.3176343, 17.722414], [83.3177189, 17.7224327], [83.3177158, 17.7223587], [83.3178606, 17.7222404], [83.317723, 17.722087], [83.317735, 17.7220126], [83.317663, 17.7220201], [83.3175293, 17.7218712], [83.3173761, 17.7220107], [83.3173176, 17.7220037], [83.3173178, 17.7220638], [83.3171797, 17.7221851], [83.3172967, 17.7223233], [83.3172926, 17.7223967], [83.3173599, 17.722398], [83.3174814, 17.7225415]]]}}, {"type": "Feature", "id": "way/635582158", "properties": {"osm_id": 635582158, "osm_type": "way", "addr:city": "Visakhapatnam", "addr:postcode": "530003", "addr:street": "Waltair Uplands", "amenity": "events_venue", "building": "yes", "name": "Waltair Club Function Hall"}, "geometry": {"type": "Polygon", "coordinates": [[[83.3171593, 17.7190027], [83.3167301, 17.7190589], [83.3166979, 17.7188391], [83.3167811, 17.7188289], [83.3167784, 17.7187523], [83.3168616, 17.7187369], [83.3168669, 17.7186731], [83.3169662, 17.7186603], [83.3169635, 17.7185709], [83.3171217, 17.7185326], [83.3171593, 17.7190027]]]}}, {"type": "Feature", "id": "way/859400442", "properties": {"osm_id": 859400442, "osm_type": "way", "building": "yes"}, "geometry": {"type": "Polygon", "coordinates": [[[83.3133622, 17.7254599], [83.313328, 17.7256438], [83.3132611, 17.7256325], [83.3132938, 17.7254628], [83.3132964, 17.7254488], [83.3133622, 17.7254599]]]}}, {"type": "Feature", "id": "way/859400443", "properties": {"osm_id": 859400443, "osm_type": "way", "building": "yes"}, "geometry": {"type": "Polygon", "coordinates": [[[83.313328, 17.7256438], [83.3133784, 17.7256523], [83.3134126, 17.7254684], [83.3133622, 17.7254599], [83.313328, 17.7256438]]]}}, {"type": "Feature", "id": "way/859400444", "properties": {"osm_id": 859400444, "osm_type": "way", "building": "yes"}, "geometry": {"type": "Polygon", "coordinates": [[[83.3135936, 17.725518], [83.3135843, 17.7255693], [83.3135664, 17.7255663], [83.3135732, 17.7255189], [83.3135171, 17.7255116], [83.3135147, 17.7255112], [83.3135081, 17.7255566], [83.3135044, 17.725556], [83.3134991, 17.7255845], [83.3135168, 17.7255875], [83.3134954, 17.7257035], [83.3136412, 17.7257249], [83.3136772, 17.7256964], [83.3137089, 17.7255308], [83.313657, 17.7255213], [83.3136452, 17.7255795], [83.3136312, 17.7255772], [83.3136405, 17.7255257], [83.3135936, 17.725518]]]}}, {"type": "Feature", "id": "way/859400445", "properties": {"osm_id": 859400445, "osm_type": "way", "building": "yes"}, "geometry": {"type": "Polygon", "coordinates": [[[83.3135372, 17.7259242], [83.3136248, 17.7259414], [83.3136624, 17.7257677], [83.3135748, 17.7257505], [83.3135372, 17.7259242]]]}}, {"type": "Feature", "id": "way/859400446", "properties": {"osm_id": 859400446, "osm_type": "way", "building": "yes"}, "geometry": {"type": "Polygon", "coordinates": [[[83.3134273, 17.7259], [83.3135204, 17.7259189], [83.3135634, 17.7257273], [83.3134702, 17.7257083], [83.3134273, 17.7259]]]}}, {"type": "Feature", "id": "way/859400447", "properties": {"osm_id": 859400447, "osm_type": "way", "building": "yes"}, "geometry": {"type": "Polygon", "coordinates": [[[83.3131859, 17.7256419], [83.3132569, 17.7256545], [83.3132611, 17.7256325], [83.3132938, 17.7254628], [83.3132234, 17.7254503], [83.3131859, 17.7256419]]]}}, {"type": "Feature", "id": "way/859400448", "properties": {"osm_id": 859400448, "osm_type": "way", "building": "yes"}, "geometry": {"type": "Polygon", "coordinates": [[[83.3130477, 17.7256189], [83.3131647, 17.7256365], [83.3131942, 17.725459], [83.3130772, 17.7254414], [83.3130477, 17.7256189]]]}}, {"type": "Feature", "id": "way/859400449", "properties": {"osm_id": 859400449, "osm_type": "way", "building": "yes"}, "geometry": {"type": "Polygon", "coordinates": [[[83.3129083, 17.7255768], [83.3130239, 17.7255979], [83.3130561, 17.7254382], [83.3129404, 17.7254171], [83.3129083, 17.7255768]]]}}, {"type": "Feature", "id": "way/859400457", "properties": {"osm_id": 859400457, "osm_type": "way", "building": "yes"}, "geometry": {"type": "Polygon", "coordinates": [[[83.3131698, 17.7258386], [83.313408, 17.725877], [83.3134375, 17.725711], [83.313323, 17.7256925], [83.3133189, 17.7257155], [83.3132982, 17.7257122], [83.3133067, 17.7256642], [83.3132399, 17.7256535], [83.3132355, 17.7256784], [83.3131993, 17.7256726], [83.3131698, 17.7258386]]]}}, {"type": "Feature", "id": "way/859400458", "properties": {"osm_id": 859400458, "osm_type": "way", "building": "yes"}, "geometry": {"type": "Polygon", "coordinates": [[[83.3130008, 17.7258208], [83.3131238, 17.7258477], [83.3131654, 17.7256752], [83.3130424, 17.7256483], [83.3130008, 17.7258208]]]}}, {"type": "Feature", "id": "way/859400459", "properties": {"osm_id": 859400459, "osm_type": "way", "building": "yes"}, "geometry": {"type": "Polygon", "coordinates": [[[83.3127507, 17.7257582], [83.3129803, 17.7257918], [83.3130071, 17.7256257], [83.3127775, 17.7255921], [83.3127507, 17.7257582]]]}}, {"type": "Feature", "id": "way/859400469", "properties": {"osm_id": 859400469, "osm_type": "way", "building": "yes"}, "geometry": {"type": "Polygon", "coordinates": [[[83.313088, 17.7275351], [83.3131369, 17.7275311], [83.3131289, 17.7274404], [83.3130799, 17.7274444], [83.313088, 17.7275351]]]}}, {"type": "Feature", "id": "way/859400470", "properties": {"osm_id": 859400470, "osm_type": "way", "building": "yes"}, "geometry": {"type": "Polygon", "coordinates": [[[83.313092, 17.7274303], [83.3132395, 17.7274163], [83.3132305, 17.7273305], [83.313083, 17.7273446], [83.313092, 17.7274303]]]}}, {"type": "Feature", "id": "way/859400471", "properties": {"osm_id": 859400471, "osm_type": "way", "building": "yes"}, "geometry": {"type": "Polygon", "coordinates": [[[83.3130625, 17.7273358], [83.313261, 17.7273115], [83.3132346, 17.7271157], [83.3130361, 17.72714], [83.3130625, 17.7273358]]]}}, {"type": "Feature", "id": "way/859400473", "properties": {"osm_id": 859400473, "osm_type": "way", "building": "yes"}, "geometry": {"type": "Polygon", "coordinates": [[[83.3129257, 17.7274622], [83.3130544, 17.7274495], [83.3130449, 17.727362], [83.3129161, 17.7273747], [83.3129257, 17.7274622]]]}}, {"type": "Feature", "id": "way/893245961", "properties": {"osm_id": 893245961, "osm_type": "way", "building": "yes"}, "geometry": {"type": "Polygon", "coordinates": [[[83.3151922, 17.7185421], [83.3153011, 17.7185354], [83.3154705, 17.7185233], [83.3154644, 17.7184689], [83.3154647, 17.7184508], [83.3154747, 17.7184518], [83.3154723, 17.7184109], [83.3154561, 17.7184179], [83.3154498, 17.7183824], [83.3154127, 17.7183812], [83.3153329, 17.7183867], [83.3152013, 17.7183947], [83.3151922, 17.7184186], [83.3151882, 17.7184424], [83.3151804, 17.7184617], [83.3151863, 17.7185149], [83.3151922, 17.7185421]]]}}, {"type": "Feature", "id": "way/893296007", "properties": {"osm_id": 893296007, "osm_type": "way", "building": "yes"}, "geometry": {"type": "Polygon", "coordinates": [[[83.3154287, 17.7201831], [83.3155391, 17.7201687], [83.3155307, 17.7200872], [83.3155213, 17.7200271], [83.3155164, 17.7199854], [83.3155052, 17.7199578], [83.3154514, 17.7199672], [83.315394, 17.7199761], [83.315394, 17.7200004], [83.3154065, 17.7200175], [83.3154116, 17.7200518], [83.3154141, 17.7200876], [83.3154226, 17.7201446], [83.3154257, 17.7201691], [83.3154287, 17.7201831]]]}}, {"type": "Feature", "id": "way/893296565", "properties": {"osm_id": 893296565, "osm_type": "way", "building": "yes"}, "geometry": {"type": "Polygon", "coordinates": [[[83.3155744, 17.7201379], [83.3156737, 17.7201321], [83.3156703, 17.7200835], [83.3156873, 17.7200786], [83.3156717, 17.7200119], [83.3156712, 17.7199915], [83.315661, 17.7199917], [83.3156604, 17.7199762], [83.3156679, 17.719976], [83.315663, 17.7199441], [83.3156102, 17.719957], [83.3155896, 17.7199686], [83.3155737, 17.7199686], [83.3155377, 17.7199759], [83.3155546, 17.7200212], [83.3155646, 17.7200881], [83.3155692, 17.7201179], [83.3155744, 17.7201379]]]}}, {"type": "Feature", "id": "way/912871550", "properties": {"osm_id": 912871550, "osm_type": "way", "addr:city": "Visakhapatnam", "addr:housenumber": "Door No-10-2-8,Plot, Number 5", "addr:postcode": "530003", "addr:street": "Waltair Uplands, Siripuram", "air_conditioning": "yes", "amenity": "restaurant", "building": "yes", "name": "Treebo Trend PL Grand - Siripuram Visakhapatnam", "opening_hours": "24/7", "phone": "+919322800100", "reservation": "yes", "takeaway": "yes", "website": "https://www.treebo.com/hotels-in-visakhapatnam/treebo-pl-grand-siripuram-685/?utm_source=partnerships&utm_medium=gplus&utm_campaign=plgrand"}, "geometry": {"type": "Polygon", "coordinates": [[[83.3173642, 17.7241544], [83.3174565, 17.724181], [83.3175466, 17.7239332], [83.3174447, 17.7239081], [83.3173991, 17.7240359], [83.3173642, 17.7241544]]]}}, {"type": "Feature", "id": "way/912872106", "properties": {"osm_id": 912872106, "osm_type": "way", "addr:city": "Visakhapatnam", "addr:housenumber": "10-2-1", "addr:postcode": "530003", "addr:street": "Vivana main Road", "amenity": "restaurant", "building": "yes", "name": "Hotel Vivana", "opening_hours": "24/7"}, "geometry": {"type": "Polygon", "coordinates": [[[83.316749, 17.7230023], [83.3168716, 17.7230692], [83.3169228, 17.7230023], [83.3168056, 17.722907], [83.316749, 17.7230023]]]}}, {"type": "Feature", "id": "way/912873568", "properties": {"osm_id": 912873568, "osm_type": "way", "addr:city": "Visakhapatnam", "addr:housenumber": "10-2-4/a", "addr:postcode": "530003", "addr:street": "Siripuram Park Lane", "building": "house", "building:levels": "2", "description": "Vinay's House", "name": "Vinay's House"}, "geometry": {"type": "Polygon", "coordinates": [[[83.3168868, 17.7238464], [83.3168124, 17.7237423], [83.3169717, 17.7237466], [83.31693, 17.7238283], [83.3168868, 17.7238464]]]}}, {"type": "Feature", "id": "way/913292927", "properties": {"osm_id": 913292927, "osm_type": "way", "building": "hut", "name": "Iron Box", "shop": "yes"}, "geometry": {"type": "Polygon", "coordinates": [[[83.3170292, 17.723747], [83.3170595, 17.7237532], [83.3170638, 17.7237315], [83.3170287, 17.7237233], [83.3170292, 17.723747]]]}}, {"type": "Feature", "id": "way/1192810550", "properties": {"osm_id": 1192810550, "osm_type": "way", "building": "yes"}, "geometry": {"type": "Polygon", "coordinates": [[[83.3238281, 17.7248959], [83.3238395, 17.7247919], [83.3239327, 17.7248011], [83.3239214, 17.7249052], [83.3238281, 17.7248959]]]}}, {"type": "Feature", "id": "way/1238492735", "properties": {"osm_id": 1238492735, "osm_type": "way", "building": "house"}, "geometry": {"type": "Polygon", "coordinates": [[[83.3145947, 17.7181383], [83.314798, 17.7181707], [83.3148337, 17.7179678], [83.3146304, 17.7179353], [83.3145947, 17.7181383]]]}}, {"type": "Feature", "id": "way/1238492736", "properties": {"osm_id": 1238492736, "osm_type": "way", "building": "house"}, "geometry": {"type": "Polygon", "coordinates": [[[83.3149545, 17.7182029], [83.3151843, 17.718236], [83.3152165, 17.7180334], [83.3149867, 17.7180003], [83.3149545, 17.7182029]]]}}, {"type": "Feature", "id": "way/1249018583", "properties": {"osm_id": 1249018583, "osm_type": "way", "building": "commercial", "building:levels": "9", "name": "Dutt Island"}, "geometry": {"type": "Polygon", "coordinates": [[[83.3181112, 17.7242151], [83.3180744, 17.7236917], [83.3181511, 17.7236449], [83.3185886, 17.7239797], [83.3185733, 17.7240601], [83.3181834, 17.7242195], [83.3181112, 17.7242151]]]}}, {"type": "Feature", "id": "way/1249184636", "properties": {"osm_id": 1249184636, "osm_type": "way", "building": "commercial"}, "geometry": {"type": "Polygon", "coordinates": [[[83.3145612, 17.7247796], [83.3145721, 17.7244376], [83.3142028, 17.7244269], [83.314192, 17.7247691], [83.3145612, 17.7247796]]]}}, {"type": "Feature", "id": "way/1249184638", "properties": {"osm_id": 1249184638, "osm_type": "way", "building": "commercial"}, "geometry": {"type": "Polygon", "coordinates": [[[83.318379, 17.7244702], [83.3183537, 17.7243386], [83.3185738, 17.7243002], [83.3185991, 17.7244319], [83.318379, 17.7244702]]]}}, {"type": "Feature", "id": "way/1249184640", "properties": {"osm_id": 1249184640, "osm_type": "way", "building": "commercial"}, "geometry": {"type": "Polygon", "coordinates": [[[83.314798, 17.7252966], [83.3149307, 17.7252977], [83.3149319, 17.7251721], [83.3147992, 17.725171], [83.314798, 17.7252966]]]}}, {"type": "Feature", "id": "way/1249184641", "properties": {"osm_id": 1249184641, "osm_type": "way", "building": "commercial"}, "geometry": {"type": "Polygon", "coordinates": [[[83.3148512, 17.7255286], [83.315144, 17.7255292], [83.3151449, 17.7251408], [83.3150077, 17.7251405], [83.3150072, 17.7253278], [83.3148517, 17.7253274], [83.3148512, 17.7255286]]]}}, {"type": "Feature", "id": "way/1249184642", "properties": {"osm_id": 1249184642, "osm_type": "way", "building": "commercial"}, "geometry": {"type": "Polygon", "coordinates": [[[83.3146433, 17.7252759], [83.3147759, 17.7252771], [83.3147771, 17.7251514], [83.3146444, 17.7251503], [83.3146433, 17.7252759]]]}}, {"type": "Feature", "id": "way/1249184643", "properties": {"osm_id": 1249184643, "osm_type": "way", "building": "apartments"}, "geometry": {"type": "Polygon", "coordinates": [[[83.3143253, 17.7255129], [83.3147673, 17.7255116], [83.3147667, 17.7253229], [83.3143247, 17.7253243], [83.3143253, 17.7255129]]]}}, {"type": "Feature", "id": "way/1249184644", "properties": {"osm_id": 1249184644, "osm_type": "way", "building": "yes"}, "geometry": {"type": "Polygon", "coordinates": [[[83.3141145, 17.7252209], [83.3142595, 17.725249], [83.3142879, 17.7251158], [83.314143, 17.7250877], [83.3141145, 17.7252209]]]}}, {"type": "Feature", "id": "way/1249184645", "properties": {"osm_id": 1249184645, "osm_type": "way", "building": "yes"}, "geometry": {"type": "Polygon", "coordinates": [[[83.314297, 17.7252205], [83.3144201, 17.7252437], [83.314453, 17.7250856], [83.3143299, 17.7250624], [83.314297, 17.7252205]]]}}, {"type": "Feature", "id": "way/1249184646", "properties": {"osm_id": 1249184646, "osm_type": "way", "building": "commercial"}, "geometry": {"type": "Polygon", "coordinates": [[[83.3144466, 17.7252652], [83.3145719, 17.7252887], [83.3146098, 17.7251059], [83.3144844, 17.7250824], [83.3144466, 17.7252652]]]}}, {"type": "Feature", "id": "way/1249184647", "properties": {"osm_id": 1249184647, "osm_type": "way", "building": "apartments"}, "geometry": {"type": "Polygon", "coordinates": [[[83.313601, 17.7253081], [83.3137655, 17.7253381], [83.3137891, 17.7252208], [83.3136246, 17.7251908], [83.313601, 17.7253081]]]}}, {"type": "Feature", "id": "way/1249184648", "properties": {"osm_id": 1249184648, "osm_type": "way", "building": "apartments"}, "geometry": {"type": "Polygon", "coordinates": [[[83.313273, 17.7253097], [83.3133217, 17.7251082], [83.3135156, 17.7251507], [83.3134669, 17.7253522], [83.313273, 17.7253097]]]}}, {"type": "Feature", "id": "way/1249184652", "properties": {"osm_id": 1249184652, "osm_type": "way", "building": "retail"}, "geometry": {"type": "Polygon", "coordinates": [[[83.3136489, 17.7251124], [83.3136927, 17.7249412], [83.3138494, 17.7249776], [83.3138057, 17.7251487], [83.3136489, 17.7251124]]]}}, {"type": "Feature", "id": "way/1249184653", "properties": {"osm_id": 1249184653, "osm_type": "way", "building": "retail"}, "geometry": {"type": "Polygon", "coordinates": [[[83.3134861, 17.7250896], [83.3136166, 17.725114], [83.3136535, 17.7249346], [83.313523, 17.7249103], [83.3134861, 17.7250896]]]}}, {"type": "Feature", "id": "way/1249184654", "properties": {"osm_id": 1249184654, "osm_type": "way", "building": "retail"}, "geometry": {"type": "Polygon", "coordinates": [[[83.3153516, 17.725348], [83.3153627, 17.7251418], [83.3154941, 17.7251482], [83.3154829, 17.7253544], [83.3153516, 17.725348]]]}}, {"type": "Feature", "id": "way/1249184655", "properties": {"osm_id": 1249184655, "osm_type": "way", "building": "commercial"}, "geometry": {"type": "Polygon", "coordinates": [[[83.316208, 17.7253415], [83.3162115, 17.7251576], [83.316489, 17.7251624], [83.3164855, 17.7253464], [83.316208, 17.7253415]]]}}, {"type": "Feature", "id": "way/1249184656", "properties": {"osm_id": 1249184656, "osm_type": "way", "building": "commercial"}, "geometry": {"type": "Polygon", "coordinates": [[[83.3165268, 17.725301], [83.3165293, 17.7251681], [83.3166278, 17.7251698], [83.3166252, 17.7253027], [83.3165268, 17.725301]]]}}, {"type": "Feature", "id": "way/1249184657", "properties": {"osm_id": 1249184657, "osm_type": "way", "building": "commercial"}, "geometry": {"type": "Polygon", "coordinates": [[[83.3165209, 17.7255392], [83.3166987, 17.7255784], [83.3167539, 17.725351], [83.3165761, 17.7253119], [83.3165209, 17.7255392]]]}}, {"type": "Feature", "id": "way/1249184658", "properties": {"osm_id": 1249184658, "osm_type": "way", "building": "apartments"}, "geometry": {"type": "Polygon", "coordinates": [[[83.3162689, 17.7255767], [83.3163638, 17.7255807], [83.3163729, 17.7253844], [83.3162781, 17.7253803], [83.3162689, 17.7255767]]]}}, {"type": "Feature", "id": "way/1249184659", "properties": {"osm_id": 1249184659, "osm_type": "way", "building": "commercial"}, "geometry": {"type": "Polygon", "coordinates": [[[83.3160152, 17.725343], [83.3161645, 17.7253428], [83.3161644, 17.7252111], [83.316015, 17.7252113], [83.3160152, 17.725343]]]}}, {"type": "Feature", "id": "way/1249184660", "properties": {"osm_id": 1249184660, "osm_type": "way", "building": "retail"}, "geometry": {"type": "Polygon", "coordinates": [[[83.3153379, 17.7253087], [83.3153434, 17.7251699], [83.3152342, 17.7251659], [83.3152287, 17.7253048], [83.3153379, 17.7253087]]]}}, {"type": "Feature", "id": "way/1249184661", "properties": {"osm_id": 1249184661, "osm_type": "way", "building": "retail"}, "geometry": {"type": "Polygon", "coordinates": [[[83.313955, 17.7251925], [83.314001, 17.7249922], [83.3141275, 17.7250186], [83.3140815, 17.7252189], [83.313955, 17.7251925]]]}}, {"type": "Feature", "id": "way/1249184662", "properties": {"osm_id": 1249184662, "osm_type": "way", "building": "apartments"}, "geometry": {"type": "Polygon", "coordinates": [[[83.3139208, 17.7254213], [83.3139679, 17.7252135], [83.3141306, 17.725247], [83.3140835, 17.7254548], [83.3139208, 17.7254213]]]}}, {"type": "Feature", "id": "way/1249184663", "properties": {"osm_id": 1249184663, "osm_type": "way", "building": "retail"}, "geometry": {"type": "Polygon", "coordinates": [[[83.3131607, 17.7249687], [83.3132818, 17.7250019], [83.3133228, 17.724866], [83.3132017, 17.7248328], [83.3131607, 17.7249687]]]}}, {"type": "Feature", "id": "way/1249184664", "properties": {"osm_id": 1249184664, "osm_type": "way", "building": "apartments"}, "geometry": {"type": "Polygon", "coordinates": [[[83.3129922, 17.7249756], [83.3131142, 17.7250012], [83.3131571, 17.724815], [83.3130351, 17.7247895], [83.3129922, 17.7249756]]]}}, {"type": "Feature", "id": "way/1249184665", "properties": {"osm_id": 1249184665, "osm_type": "way", "building": "apartments"}, "geometry": {"type": "Polygon", "coordinates": [[[83.312835, 17.7249375], [83.3128755, 17.7247623], [83.3130047, 17.7247894], [83.3129642, 17.7249646], [83.312835, 17.7249375]]]}}, {"type": "Feature", "id": "way/1265069510", "properties": {"osm_id": 1265069510, "osm_type": "way", "building": "yes"}, "geometry": {"type": "Polygon", "coordinates": [[[83.3234885, 17.7181502], [83.3235262, 17.7180329], [83.3237168, 17.7180884], [83.3236792, 17.7182057], [83.3234885, 17.7181502]]]}}, {"type": "Feature", "id": "way/1265437130", "properties": {"osm_id": 1265437130, "osm_type": "way", "building": "yes", "source": "esri/Google_Open_Buildings"}, "geometry": {"type": "Polygon", "coordinates": [[[83.3245484, 17.7186576], [83.3245227, 17.7185214], [83.3244618, 17.7185319], [83.3244714, 17.7185828], [83.3241785, 17.7186336], [83.3241946, 17.7187189], [83.3245484, 17.7186576]]]}}, {"type": "Feature", "id": "way/1265437131", "properties": {"osm_id": 1265437131, "osm_type": "way", "building": "yes", "source": "esri/Google_Open_Buildings"}, "geometry": {"type": "Polygon", "coordinates": [[[83.3240172, 17.7193581], [83.323921, 17.7193791], [83.323949, 17.719497], [83.324108, 17.7194622], [83.3241145, 17.7194897], [83.3242006, 17.7194709], [83.3241837, 17.7193999], [83.3242184, 17.7193923], [83.3242008, 17.719318], [83.32408, 17.7193443], [83.3240714, 17.7193083], [83.3240086, 17.719322], [83.3240172, 17.7193581]]]}}, {"type": "Feature", "id": "way/1265437132", "properties": {"osm_id": 1265437132, "osm_type": "way", "building": "yes", "source": "esri/Google_Open_Buildings"}, "geometry": {"type": "Polygon", "coordinates": [[[83.3246062, 17.719231], [83.3245437, 17.7191058], [83.3244734, 17.719138], [83.3244857, 17.7191627], [83.3243131, 17.7192418], [83.3243461, 17.719308], [83.3243684, 17.7192977], [83.3243999, 17.7193608], [83.3244852, 17.7193217], [83.3244708, 17.719293], [83.3246062, 17.719231]]]}}, {"type": "Feature", "id": "way/1265437133", "properties": {"osm_id": 1265437133, "osm_type": "way", "building": "yes", "source": "esri/Google_Open_Buildings"}, "geometry": {"type": "Polygon", "coordinates": [[[83.3237052, 17.7196591], [83.3238426, 17.719591], [83.323789, 17.7194915], [83.323528, 17.7196208], [83.3235646, 17.7196888], [83.3236067, 17.719668], [83.3236337, 17.7197182], [83.3237153, 17.7196778], [83.3237052, 17.7196591]]]}}, {"type": "Feature", "id": "way/1265437134", "properties": {"osm_id": 1265437134, "osm_type": "way", "building": "yes", "source": "esri/Google_Open_Buildings"}, "geometry": {"type": "Polygon", "coordinates": [[[83.3236921, 17.7191319], [83.323493, 17.7190816], [83.3234256, 17.7193264], [83.3236461, 17.7193821], [83.3236888, 17.7192267], [83.3236676, 17.7192213], [83.3236921, 17.7191319]]]}}, {"type": "Feature", "id": "way/1265437135", "properties": {"osm_id": 1265437135, "osm_type": "way", "building": "roof", "layer": "1"}, "geometry": {"type": "Polygon", "coordinates": [[[83.3228128, 17.7204232], [83.3228111, 17.7203242], [83.3224025, 17.7203308], [83.3224042, 17.7204297], [83.3228128, 17.7204232]]]}}, {"type": "Feature", "id": "way/1265437136", "properties": {"osm_id": 1265437136, "osm_type": "way", "building": "roof", "layer": "1"}, "geometry": {"type": "Polygon", "coordinates": [[[83.3225206, 17.720502], [83.3224171, 17.7205031], [83.3224188, 17.7206566], [83.3225223, 17.7206556], [83.3225206, 17.720502]]]}}, {"type": "Feature", "id": "way/1265437137", "properties": {"osm_id": 1265437137, "osm_type": "way", "building": "yes"}, "geometry": {"type": "Polygon", "coordinates": [[[83.3223158, 17.7203452], [83.3221973, 17.7203444], [83.3221955, 17.7205772], [83.3223139, 17.7205781], [83.3223158, 17.7203452]]]}}, {"type": "Feature", "id": "way/1265437138", "properties": {"osm_id": 1265437138, "osm_type": "way", "building": "yes"}, "geometry": {"type": "Polygon", "coordinates": [[[83.3223295, 17.7206098], [83.3222005, 17.7206098], [83.3222005, 17.7206546], [83.3223295, 17.7206546], [83.3223295, 17.7206098]]]}}, {"type": "Feature", "id": "way/1265437139", "properties": {"osm_id": 1265437139, "osm_type": "way", "building": "yes", "source": "esri/Google_Open_Buildings"}, "geometry": {"type": "Polygon", "coordinates": [[[83.3222975, 17.7202346], [83.3222485, 17.7202347], [83.3222486, 17.7203021], [83.3222977, 17.720302], [83.3222975, 17.7202346]]]}}, {"type": "Feature", "id": "way/1265437140", "properties": {"osm_id": 1265437140, "osm_type": "way", "building": "yes", "source": "esri/Google_Open_Buildings"}, "geometry": {"type": "Polygon", "coordinates": [[[83.3224354, 17.7202216], [83.3224348, 17.7202559], [83.3225828, 17.7202587], [83.3225835, 17.7202244], [83.3224354, 17.7202216]]]}}, {"type": "Feature", "id": "way/1265437142", "properties": {"osm_id": 1265437142, "osm_type": "way", "building": "roof", "layer": "1"}, "geometry": {"type": "Polygon", "coordinates": [[[83.3202579, 17.7204745], [83.3202351, 17.7206616], [83.3206746, 17.7207104], [83.3206975, 17.7205233], [83.3202579, 17.7204745]]]}}, {"type": "Feature", "id": "way/1265437143", "properties": {"osm_id": 1265437143, "osm_type": "way", "building": "yes"}, "geometry": {"type": "Polygon", "coordinates": [[[83.320601, 17.7208405], [83.3205963, 17.7207872], [83.3204367, 17.7208003], [83.3204415, 17.7208536], [83.320601, 17.7208405]]]}}, {"type": "Feature", "id": "way/1265437144", "properties": {"osm_id": 1265437144, "osm_type": "way", "building": "roof", "layer": "1"}, "geometry": {"type": "Polygon", "coordinates": [[[83.3208049, 17.7207042], [83.3208426, 17.7204977], [83.3209537, 17.7205161], [83.3209159, 17.7207226], [83.3208049, 17.7207042]]]}}, {"type": "Feature", "id": "way/1272678480", "properties": {"osm_id": 1272678480, "osm_type": "way", "building": "yes"}, "geometry": {"type": "Polygon", "coordinates": [[[83.3133083, 17.7250541], [83.3133428, 17.7249155], [83.3134856, 17.7249477], [83.3134512, 17.7250863], [83.3133083, 17.7250541]]]}}, {"type": "Feature", "id": "way/1272678493", "properties": {"osm_id": 1272678493, "osm_type": "way", "building": "commercial", "name": "VMRDA The Deck"}, "geometry": {"type": "Polygon", "coordinates": [[[83.3185953, 17.7216283], [83.3186195, 17.7216265], [83.318659, 17.7216809], [83.318712, 17.721693], [83.3187736, 17.7216829], [83.318816, 17.7216445], [83.3188436, 17.721596], [83.3189846, 17.7215361], [83.3191224, 17.7214651], [83.3192441, 17.7213788], [83.3193047, 17.7213173], [83.3193387, 17.7212851], [83.3193026, 17.7212583], [83.3192116, 17.7212244], [83.3190786, 17.7211847], [83.3189273, 17.721166], [83.318781, 17.7211695], [83.3187431, 17.7211252], [83.3186925, 17.721097], [83.3186083, 17.7210932], [83.3185587, 17.7211301], [83.3185398, 17.7211867], [83.3185363, 17.7212385], [83.3185189, 17.7212443], [83.3185209, 17.7213049], [83.3184998, 17.7213069], [83.3185571, 17.7215738], [83.3185737, 17.7215717], [83.3185953, 17.7216283]]]}}, {"type": "Feature", "id": "way/1274673256", "properties": {"osm_id": 1274673256, "osm_type": "way", "building": "yes"}, "geometry": {"type": "Polygon", "coordinates": [[[83.3156971, 17.7184983], [83.315691, 17.7183795], [83.3158923, 17.7183702], [83.3158984, 17.718489], [83.3156971, 17.7184983]]]}}, {"type": "Feature", "id": "way/1274673257", "properties": {"osm_id": 1274673257, "osm_type": "way", "building": "yes"}, "geometry": {"type": "Polygon", "coordinates": [[[83.3159388, 17.718481], [83.3159314, 17.7183576], [83.3161288, 17.7183467], [83.3161363, 17.7184702], [83.3159388, 17.718481]]]}}, {"type": "Feature", "id": "way/1274673258", "properties": {"osm_id": 1274673258, "osm_type": "way", "building": "yes"}, "geometry": {"type": "Polygon", "coordinates": [[[83.3148232, 17.719689], [83.3148118, 17.7195969], [83.3150141, 17.7195742], [83.3150255, 17.7196663], [83.3148232, 17.719689]]]}}, {"type": "Feature", "id": "way/1274673259", "properties": {"osm_id": 1274673259, "osm_type": "way", "building": "yes"}, "geometry": {"type": "Polygon", "coordinates": [[[83.3132191, 17.7210297], [83.3132505, 17.7208681], [83.313545, 17.7209201], [83.3135136, 17.7210816], [83.3132191, 17.7210297]]]}}, {"type": "Feature", "id": "way/1274673263", "properties": {"osm_id": 1274673263, "osm_type": "way", "building": "yes"}, "geometry": {"type": "Polygon", "coordinates": [[[83.3156995, 17.7218248], [83.3155591, 17.721705], [83.3156903, 17.7215656], [83.3158306, 17.7216854], [83.3156995, 17.7218248]]]}}, {"type": "Feature", "id": "way/1324053212", "properties": {"osm_id": 1324053212, "osm_type": "way", "building": "yes"}, "geometry": {"type": "Polygon", "coordinates": [[[83.3196337, 17.7200288], [83.3197231, 17.7200192], [83.319674, 17.719603], [83.3194117, 17.7196311], [83.3194278, 17.7197677], [83.3194524, 17.7197651], [83.3194591, 17.7198219], [83.3195002, 17.7198175], [83.3195063, 17.7198688], [83.3195281, 17.7198664], [83.3195356, 17.7199298], [83.319556, 17.7199277], [83.3195648, 17.7200026], [83.3196298, 17.7199956], [83.3196337, 17.7200288]]]}}, {"type": "Feature", "id": "way/1324053213", "properties": {"osm_id": 1324053213, "osm_type": "way", "building": "yes"}, "geometry": {"type": "Polygon", "coordinates": [[[83.3198469, 17.7203064], [83.3199074, 17.7202999], [83.319902, 17.7202545], [83.3199342, 17.7202417], [83.3199154, 17.7201089], [83.3199967, 17.720133], [83.3201675, 17.7196107], [83.3199254, 17.7196123], [83.3199261, 17.719718], [83.3199047, 17.7198329], [83.319792, 17.7198451], [83.3198469, 17.7203064]]]}}, {"type": "Feature", "id": "way/1324053214", "properties": {"osm_id": 1324053214, "osm_type": "way", "building": "yes"}, "geometry": {"type": "Polygon", "coordinates": [[[83.319135, 17.718716], [83.3191788, 17.7188328], [83.3190979, 17.7188604], [83.319087, 17.7188314], [83.3190456, 17.7188455], [83.3190126, 17.7187576], [83.319135, 17.718716]]]}}, {"type": "Feature", "id": "way/1324053215", "properties": {"osm_id": 1324053215, "osm_type": "way", "building": "yes"}, "geometry": {"type": "Polygon", "coordinates": [[[83.3188317, 17.7195515], [83.3189561, 17.7194608], [83.3188769, 17.719343], [83.3187572, 17.7194356], [83.3188317, 17.7195515]]]}}, {"type": "Feature", "id": "way/1324053216", "properties": {"osm_id": 1324053216, "osm_type": "way", "building": "yes"}, "geometry": {"type": "Polygon", "coordinates": [[[83.3182185, 17.7189139], [83.3185209, 17.7188708], [83.3185355, 17.718964], [83.3182332, 17.719007], [83.3182185, 17.7189139]]]}}, {"type": "Feature", "id": "way/1324053217", "properties": {"osm_id": 1324053217, "osm_type": "way", "building": "yes"}, "geometry": {"type": "Polygon", "coordinates": [[[83.3183027, 17.7197001], [83.3184326, 17.7196148], [83.3185487, 17.7197752], [83.3184188, 17.7198606], [83.3183027, 17.7197001]]]}}, {"type": "Feature", "id": "way/1324053218", "properties": {"osm_id": 1324053218, "osm_type": "way", "building": "yes"}, "geometry": {"type": "Polygon", "coordinates": [[[83.3191505, 17.71976], [83.3191737, 17.7198022], [83.3191151, 17.7198611], [83.319054, 17.7198916], [83.319018, 17.7198262], [83.3191505, 17.71976]]]}}, {"type": "Feature", "id": "way/1324053219", "properties": {"osm_id": 1324053219, "osm_type": "way", "building": "yes"}, "geometry": {"type": "Polygon", "coordinates": [[[83.3187138, 17.7197255], [83.3186477, 17.7197815], [83.3185645, 17.7196924], [83.3185645, 17.7195978], [83.3186768, 17.7195029], [83.3187487, 17.71958], [83.3186533, 17.7196607], [83.3187138, 17.7197255]]]}}, {"type": "Feature", "id": "way/1324053220", "properties": {"osm_id": 1324053220, "osm_type": "way", "building": "yes"}, "geometry": {"type": "Polygon", "coordinates": [[[83.318146, 17.719969], [83.3182524, 17.71995], [83.3182355, 17.7198641], [83.3181232, 17.7198534], [83.318146, 17.719969]]]}}, {"type": "Feature", "id": "way/1336473247", "properties": {"osm_id": 1336473247, "osm_type": "way", "building": "yes"}, "geometry": {"type": "Polygon", "coordinates": [[[83.314535, 17.7184204], [83.3147737, 17.7184128], [83.3147694, 17.7182897], [83.3145307, 17.7182973], [83.314535, 17.7184204]]]}}, {"type": "Feature", "id": "way/1336473248", "properties": {"osm_id": 1336473248, "osm_type": "way", "building": "yes"}, "geometry": {"type": "Polygon", "coordinates": [[[83.3152378, 17.7194897], [83.3153813, 17.7194466], [83.3153611, 17.7193857], [83.315273, 17.7194122], [83.3152548, 17.719357], [83.3153157, 17.7193387], [83.3153072, 17.7193129], [83.3151908, 17.7193479], [83.3152378, 17.7194897]]]}}, {"type": "Feature", "id": "way/1336473249", "properties": {"osm_id": 1336473249, "osm_type": "way", "building": "yes"}, "geometry": {"type": "Polygon", "coordinates": [[[83.3148448, 17.7198231], [83.3150092, 17.7198139], [83.315003, 17.7197126], [83.3148386, 17.7197219], [83.3148448, 17.7198231]]]}}, {"type": "Feature", "id": "way/1336473250", "properties": {"osm_id": 1336473250, "osm_type": "way", "building": "yes"}, "geometry": {"type": "Polygon", "coordinates": [[[83.3150835, 17.7197886], [83.3152452, 17.7197795], [83.3152378, 17.7196606], [83.3150762, 17.7196696], [83.3150835, 17.7197886]]]}}, {"type": "Feature", "id": "way/1336473251", "properties": {"osm_id": 1336473251, "osm_type": "way", "building": "yes"}, "geometry": {"type": "Polygon", "coordinates": [[[83.3153652, 17.7196532], [83.3155309, 17.7196439], [83.3155221, 17.7195012], [83.3153563, 17.7195105], [83.3153652, 17.7196532]]]}}, {"type": "Feature", "id": "way/1336473252", "properties": {"osm_id": 1336473252, "osm_type": "way", "building": "yes"}, "geometry": {"type": "Polygon", "coordinates": [[[83.3154926, 17.7198359], [83.3155897, 17.7198304], [83.3155811, 17.7196902], [83.3154839, 17.7196957], [83.3154926, 17.7198359]]]}}, {"type": "Feature", "id": "way/1336473253", "properties": {"osm_id": 1336473253, "osm_type": "way", "building": "yes"}, "geometry": {"type": "Polygon", "coordinates": [[[83.3153625, 17.7198716], [83.3154713, 17.7198655], [83.3154604, 17.719689], [83.3153516, 17.7196951], [83.3153625, 17.7198716]]]}}, {"type": "Feature", "id": "way/1336473254", "properties": {"osm_id": 1336473254, "osm_type": "way", "building": "yes"}, "geometry": {"type": "Polygon", "coordinates": [[[83.3150943, 17.7199215], [83.3152938, 17.7199103], [83.3152874, 17.7198065], [83.3150879, 17.7198177], [83.3150943, 17.7199215]]]}}, {"type": "Feature", "id": "way/1336473255", "properties": {"osm_id": 1336473255, "osm_type": "way", "building": "yes"}, "geometry": {"type": "Polygon", "coordinates": [[[83.3148797, 17.719947], [83.3150464, 17.7199377], [83.3150406, 17.7198448], [83.3148739, 17.7198542], [83.3148797, 17.719947]]]}}, {"type": "Feature", "id": "way/1336473256", "properties": {"osm_id": 1336473256, "osm_type": "way", "building": "yes"}, "geometry": {"type": "Polygon", "coordinates": [[[83.3157045, 17.7201425], [83.3158413, 17.7201348], [83.3158338, 17.7200145], [83.3158089, 17.7200159], [83.315803, 17.7199205], [83.3156911, 17.7199268], [83.3157045, 17.7201425]]]}}, {"type": "Feature", "id": "way/1336473257", "properties": {"osm_id": 1336473257, "osm_type": "way", "building": "yes"}, "geometry": {"type": "Polygon", "coordinates": [[[83.3160183, 17.7200326], [83.3162114, 17.7199968], [83.3161839, 17.7198622], [83.3159908, 17.719898], [83.3160183, 17.7200326]]]}}, {"type": "Feature", "id": "way/1336473258", "properties": {"osm_id": 1336473258, "osm_type": "way", "building": "yes"}, "geometry": {"type": "Polygon", "coordinates": [[[83.315852, 17.7200479], [83.3159727, 17.7200377], [83.31596, 17.7199023], [83.3158393, 17.7199125], [83.315852, 17.7200479]]]}}, {"type": "Feature", "id": "way/1336473259", "properties": {"osm_id": 1336473259, "osm_type": "way", "building": "yes"}, "geometry": {"type": "Polygon", "coordinates": [[[83.3154175, 17.7207122], [83.3155569, 17.7206969], [83.3155492, 17.7206333], [83.3154098, 17.7206486], [83.3154175, 17.7207122]]]}}, {"type": "Feature", "id": "way/1336473260", "properties": {"osm_id": 1336473260, "osm_type": "way", "building": "yes"}, "geometry": {"type": "Polygon", "coordinates": [[[83.3151841, 17.7205513], [83.3154255, 17.7205513], [83.3154255, 17.720518], [83.3154517, 17.720518], [83.3154517, 17.7204848], [83.3154255, 17.7204848], [83.3154255, 17.7204567], [83.3152646, 17.7204567], [83.3152646, 17.7204414], [83.3151841, 17.7204414], [83.3151841, 17.7205513]]]}}, {"type": "Feature", "id": "way/1336473261", "properties": {"osm_id": 1336473261, "osm_type": "way", "building": "yes"}, "geometry": {"type": "Polygon", "coordinates": [[[83.3149776, 17.7201782], [83.3151117, 17.7201626], [83.3150956, 17.7200374], [83.3149615, 17.720053], [83.3149776, 17.7201782]]]}}, {"type": "Feature", "id": "way/1336473262", "properties": {"osm_id": 1336473262, "osm_type": "way", "building": "yes"}, "geometry": {"type": "Polygon", "coordinates": [[[83.3156401, 17.7204874], [83.3157357, 17.7204695], [83.3157443, 17.7205114], [83.3158283, 17.7204957], [83.3158197, 17.7204538], [83.3159137, 17.7204363], [83.3158775, 17.7202607], [83.315604, 17.7203118], [83.3156401, 17.7204874]]]}}, {"type": "Feature", "id": "way/1336473263", "properties": {"osm_id": 1336473263, "osm_type": "way", "building": "yes"}, "geometry": {"type": "Polygon", "coordinates": [[[83.3159593, 17.7203647], [83.3165091, 17.7202344], [83.3164669, 17.7200727], [83.315917, 17.720203], [83.3159593, 17.7203647]]]}}, {"type": "Feature", "id": "way/1336473264", "properties": {"osm_id": 1336473264, "osm_type": "way", "building": "yes"}, "geometry": {"type": "Polygon", "coordinates": [[[83.3175606, 17.7202523], [83.3176304, 17.7203606], [83.3178181, 17.7202507], [83.3177483, 17.7201425], [83.3175606, 17.7202523]]]}}, {"type": "Feature", "id": "way/1336473265", "properties": {"osm_id": 1336473265, "osm_type": "way", "building": "yes"}, "geometry": {"type": "Polygon", "coordinates": [[[83.3168954, 17.7202217], [83.317405, 17.7201118], [83.3173751, 17.719986], [83.3168655, 17.7200958], [83.3168954, 17.7202217]]]}}, {"type": "Feature", "id": "way/1336473266", "properties": {"osm_id": 1336473266, "osm_type": "way", "building": "yes"}, "geometry": {"type": "Polygon", "coordinates": [[[83.3189659, 17.7207182], [83.3194783, 17.7207429], [83.3194978, 17.7203754], [83.3189854, 17.7203507], [83.3189659, 17.7207182]]]}}, {"type": "Feature", "id": "way/1336473271", "properties": {"osm_id": 1336473271, "osm_type": "way", "building": "yes"}, "geometry": {"type": "Polygon", "coordinates": [[[83.324022, 17.7181292], [83.3240703, 17.7180372], [83.3240048, 17.718006], [83.3239565, 17.718098], [83.324022, 17.7181292]]]}}, {"type": "Feature", "id": "way/1347455859", "properties": {"osm_id": 1347455859, "osm_type": "way", "building": "apartments"}, "geometry": {"type": "Polygon", "coordinates": [[[83.3156831, 17.726549], [83.3158778, 17.7265579], [83.3159155, 17.726326], [83.3157035, 17.7263051], [83.3156831, 17.726549]]]}}, {"type": "Feature", "id": "way/1347455860", "properties": {"osm_id": 1347455860, "osm_type": "way", "building": "yes"}, "geometry": {"type": "Polygon", "coordinates": [[[83.3155307, 17.7265549], [83.3156312, 17.7265594], [83.3156564, 17.7263096], [83.3155417, 17.7263126], [83.3155307, 17.7265549]]]}}, {"type": "Feature", "id": "way/1347455861", "properties": {"osm_id": 1347455861, "osm_type": "way", "building": "yes"}, "geometry": {"type": "Polygon", "coordinates": [[[83.3159115, 17.726554], [83.3159099, 17.7264777], [83.3159335, 17.7264777], [83.3159366, 17.7264089], [83.3159889, 17.7264107], [83.3161062, 17.7264149], [83.3161015, 17.7265585], [83.3159115, 17.726554]]]}}, {"type": "Feature", "id": "way/1347455863", "properties": {"osm_id": 1347455863, "osm_type": "way", "building": "retail"}, "geometry": {"type": "Polygon", "coordinates": [[[83.3160973, 17.7268929], [83.316269, 17.7267281], [83.3162609, 17.7267996], [83.3163173, 17.7268034], [83.3163642, 17.7268648], [83.3164581, 17.7268839], [83.316446, 17.7269376], [83.3164514, 17.7269555], [83.3164219, 17.7269848], [83.3164353, 17.7270359], [83.3161885, 17.7270717], [83.3160812, 17.7269491], [83.3160973, 17.7268929]]]}}, {"type": "Feature", "id": "way/1347455864", "properties": {"osm_id": 1347455864, "osm_type": "way", "building": "commercial"}, "geometry": {"type": "Polygon", "coordinates": [[[83.3164916, 17.7269887], [83.3168376, 17.7269823], [83.3165747, 17.7264892], [83.3162824, 17.7267638], [83.3165037, 17.7268929], [83.3164916, 17.7269887]]]}}, {"type": "Feature", "id": "way/1347455865", "properties": {"osm_id": 1347455865, "osm_type": "way", "building": "apartments"}, "geometry": {"type": "Polygon", "coordinates": [[[83.3159938, 17.7262592], [83.3161425, 17.7262626], [83.3161318, 17.7264139], [83.3159889, 17.7264107], [83.3159938, 17.7262592]]]}}, {"type": "Feature", "id": "way/1347455866", "properties": {"osm_id": 1347455866, "osm_type": "way", "building": "yes"}, "geometry": {"type": "Polygon", "coordinates": [[[83.3161437, 17.7264044], [83.3161544, 17.7262594], [83.3162937, 17.7262645], [83.3162826, 17.7263828], [83.3162369, 17.7263828], [83.3162347, 17.7264293], [83.3161744, 17.7264302], [83.3161717, 17.7264095], [83.3161437, 17.7264044]]]}}, {"type": "Feature", "id": "way/1347455867", "properties": {"osm_id": 1347455867, "osm_type": "way", "building": "commercial"}, "geometry": {"type": "Polygon", "coordinates": [[[83.3163017, 17.7262911], [83.3163021, 17.7262362], [83.3164139, 17.7262408], [83.3164024, 17.7262945], [83.3163514, 17.7263106], [83.3163017, 17.7262911]]]}}, {"type": "Feature", "id": "way/1347455868", "properties": {"osm_id": 1347455868, "osm_type": "way", "amenity": "bank", "brand": "Dhanlaxmi Bank", "brand:wikidata": "Q2040440", "building": "commercial", "name": "Dhanlaxmi Bank"}, "geometry": {"type": "Polygon", "coordinates": [[[83.3163092, 17.726158], [83.3164276, 17.7261619], [83.3164361, 17.7259712], [83.3163083, 17.725966], [83.3163092, 17.726158]]]}}, {"type": "Feature", "id": "way/1347455869", "properties": {"osm_id": 1347455869, "osm_type": "way", "building": "yes"}, "geometry": {"type": "Polygon", "coordinates": [[[83.316455, 17.7261572], [83.3164525, 17.7259584], [83.3165487, 17.7259573], [83.3165456, 17.7261161], [83.3165201, 17.7261178], [83.3165176, 17.7261636], [83.316455, 17.7261572]]]}}, {"type": "Feature", "id": "way/1347458392", "properties": {"osm_id": 1347458392, "osm_type": "way", "building": "yes"}, "geometry": {"type": "Polygon", "coordinates": [[[83.316465, 17.7259233], [83.3164704, 17.7257265], [83.316642, 17.7257189], [83.3165924, 17.7259156], [83.316465, 17.7259233]]]}}, {"type": "Feature", "id": "way/1347458393", "properties": {"osm_id": 1347458393, "osm_type": "way", "building": "yes"}, "geometry": {"type": "Polygon", "coordinates": [[[83.3163202, 17.7259348], [83.3163349, 17.7257304], [83.3164503, 17.7257368], [83.3164315, 17.7259335], [83.3163202, 17.7259348]]]}}, {"type": "Feature", "id": "way/1347458394", "properties": {"osm_id": 1347458394, "osm_type": "way", "building": "apartments"}, "geometry": {"type": "Polygon", "coordinates": [[[83.316178, 17.7259501], [83.3161914, 17.7257112], [83.3162974, 17.7257163], [83.316284, 17.72595], [83.316178, 17.7259501]]]}}, {"type": "Feature", "id": "way/1347458395", "properties": {"osm_id": 1347458395, "osm_type": "way", "building": "yes"}, "geometry": {"type": "Polygon", "coordinates": [[[83.3160485, 17.7259387], [83.3160502, 17.7257288], [83.3161579, 17.7257264], [83.3161537, 17.7259419], [83.3160485, 17.7259387]]]}}, {"type": "Feature", "id": "way/1347458396", "properties": {"osm_id": 1347458396, "osm_type": "way", "building": "apartments"}, "geometry": {"type": "Polygon", "coordinates": [[[83.3153775, 17.7260094], [83.3153805, 17.7256872], [83.3155105, 17.7256919], [83.3154949, 17.7260141], [83.3153775, 17.7260094]]]}}, {"type": "Feature", "id": "way/1347458397", "properties": {"osm_id": 1347458397, "osm_type": "way", "building": "apartments"}, "geometry": {"type": "Polygon", "coordinates": [[[83.3152133, 17.7259936], [83.3152172, 17.7258371], [83.3153472, 17.7258427], [83.3153394, 17.7260048], [83.3152133, 17.7259936]]]}}, {"type": "Feature", "id": "way/1347458398", "properties": {"osm_id": 1347458398, "osm_type": "way", "building": "house"}, "geometry": {"type": "Polygon", "coordinates": [[[83.3152426, 17.7256751], [83.3153521, 17.7256816], [83.3153482, 17.7258222], [83.315228, 17.7258204], [83.3152426, 17.7256751]]]}}, {"type": "Feature", "id": "way/1347458399", "properties": {"osm_id": 1347458399, "osm_type": "way", "building": "house"}, "geometry": {"type": "Polygon", "coordinates": [[[83.3151935, 17.726122], [83.3151984, 17.7260052], [83.3153289, 17.7260127], [83.315321, 17.7261417], [83.3151935, 17.726122]]]}}, {"type": "Feature", "id": "way/1347458400", "properties": {"osm_id": 1347458400, "osm_type": "way", "building": "apartments"}, "geometry": {"type": "Polygon", "coordinates": [[[83.3153667, 17.7261485], [83.3153702, 17.7260249], [83.3155341, 17.7260229], [83.3155135, 17.72616], [83.3153667, 17.7261485]]]}}, {"type": "Feature", "id": "way/1347458401", "properties": {"osm_id": 1347458401, "osm_type": "way", "building": "apartments"}, "geometry": {"type": "Polygon", "coordinates": [[[83.3153687, 17.7262047], [83.3153578, 17.7263224], [83.3155231, 17.7263216], [83.3155256, 17.7262016], [83.3153687, 17.7262047]]]}}, {"type": "Feature", "id": "way/1347458402", "properties": {"osm_id": 1347458402, "osm_type": "way", "building": "apartments"}, "geometry": {"type": "Polygon", "coordinates": [[[83.3151071, 17.7264738], [83.3151389, 17.7262979], [83.3153411, 17.7263137], [83.3153052, 17.7264901], [83.3151071, 17.7264738]]]}}, {"type": "Feature", "id": "way/1347458405", "properties": {"osm_id": 1347458405, "osm_type": "way", "building": "house"}, "geometry": {"type": "Polygon", "coordinates": [[[83.3155664, 17.7261662], [83.3155749, 17.7260271], [83.3157356, 17.7260201], [83.3157283, 17.7261604], [83.3155664, 17.7261662]]]}}, {"type": "Feature", "id": "way/1347458406", "properties": {"osm_id": 1347458406, "osm_type": "way", "building": "house"}, "geometry": {"type": "Polygon", "coordinates": [[[83.3155566, 17.7259262], [83.3155506, 17.7257141], [83.3156808, 17.7257025], [83.315693, 17.7259135], [83.3155566, 17.7259262]]]}}, {"type": "Feature", "id": "way/1347458407", "properties": {"osm_id": 1347458407, "osm_type": "way", "building": "house"}, "geometry": {"type": "Polygon", "coordinates": [[[83.3160362, 17.7261233], [83.3160374, 17.7259564], [83.3161603, 17.7259598], [83.3161591, 17.7261268], [83.3160362, 17.7261233]]]}}, {"type": "Feature", "id": "way/1347458408", "properties": {"osm_id": 1347458408, "osm_type": "way", "building": "house"}, "geometry": {"type": "Polygon", "coordinates": [[[83.3162796, 17.7261349], [83.3161725, 17.7261279], [83.3161737, 17.7259772], [83.3162905, 17.7259726], [83.3162796, 17.7261349]]]}}, {"type": "Feature", "id": "way/1347458409", "properties": {"osm_id": 1347458409, "osm_type": "way", "building": "apartments"}, "geometry": {"type": "Polygon", "coordinates": [[[83.3153881, 17.7263434], [83.315518, 17.7263532], [83.3155044, 17.7265522], [83.3153465, 17.7265423], [83.3153881, 17.7263434]]]}}, {"type": "Feature", "id": "way/1347460411", "properties": {"osm_id": 1347460411, "osm_type": "way", "amenity": "cafe", "building": "yes"}, "geometry": {"type": "Polygon", "coordinates": [[[83.3196888, 17.724736], [83.3197937, 17.7246881], [83.3197799, 17.7246403], [83.319755, 17.7246487], [83.3197396, 17.7246187], [83.3197147, 17.7246292], [83.3196921, 17.7245861], [83.3196617, 17.7245698], [83.3196457, 17.7245708], [83.319623, 17.7245561], [83.3195943, 17.724594], [83.3196473, 17.7246218], [83.3196297, 17.724624], [83.3196352, 17.7246534], [83.3196888, 17.724736]]]}}, {"type": "Feature", "id": "way/1347460412", "properties": {"osm_id": 1347460412, "osm_type": "way", "building": "commercial"}, "geometry": {"type": "Polygon", "coordinates": [[[83.3184279, 17.7246571], [83.318396, 17.7245315], [83.3185847, 17.724494], [83.3186074, 17.7246369], [83.3184279, 17.7246571]]]}}, {"type": "Feature", "id": "way/1347460413", "properties": {"osm_id": 1347460413, "osm_type": "way", "amenity": "cafe", "building": "yes"}, "geometry": {"type": "Polygon", "coordinates": [[[83.3185082, 17.7249594], [83.3187256, 17.7249313], [83.3187074, 17.7247949], [83.3184748, 17.7248295], [83.3185082, 17.7249594]]]}}, {"type": "Feature", "id": "way/1347460414", "properties": {"osm_id": 1347460414, "osm_type": "way", "building": "yes"}, "geometry": {"type": "Polygon", "coordinates": [[[83.3185219, 17.7251306], [83.3184909, 17.7250065], [83.3187096, 17.7249476], [83.318756, 17.725097], [83.3185219, 17.7251306]]]}}, {"type": "Feature", "id": "way/1347460415", "properties": {"osm_id": 1347460415, "osm_type": "way", "building": "yes"}, "geometry": {"type": "Polygon", "coordinates": [[[83.318555, 17.7253063], [83.3185285, 17.725178], [83.3187516, 17.7251275], [83.3187858, 17.7252464], [83.318555, 17.7253063]]]}}, {"type": "Feature", "id": "way/1347460416", "properties": {"osm_id": 1347460416, "osm_type": "way", "building": "yes"}, "geometry": {"type": "Polygon", "coordinates": [[[83.3185716, 17.7254505], [83.3185561, 17.7253505], [83.3187494, 17.7253148], [83.3187626, 17.72542], [83.3186809, 17.7254372], [83.3186796, 17.7254001], [83.3186395, 17.725403], [83.3186413, 17.7254452], [83.3185716, 17.7254505]]]}}, {"type": "Feature", "id": "way/1347460417", "properties": {"osm_id": 1347460417, "osm_type": "way", "building": "yes"}, "geometry": {"type": "Polygon", "coordinates": [[[83.3186809, 17.7256946], [83.3186699, 17.7254694], [83.318788, 17.725462], [83.3188168, 17.7256693], [83.3186809, 17.7256946]]]}}, {"type": "Feature", "id": "way/1347460418", "properties": {"osm_id": 1347460418, "osm_type": "way", "building": "yes"}, "geometry": {"type": "Polygon", "coordinates": [[[83.3185119, 17.7256977], [83.3184942, 17.7255599], [83.3186422, 17.7255315], [83.3186544, 17.7256714], [83.3185119, 17.7256977]]]}}, {"type": "Feature", "id": "way/1347460419", "properties": {"osm_id": 1347460419, "osm_type": "way", "building": "yes"}, "geometry": {"type": "Polygon", "coordinates": [[[83.3183405, 17.7257083], [83.3183244, 17.7255703], [83.3184693, 17.7255511], [83.318479, 17.7256753], [83.3183405, 17.7257083]]]}}, {"type": "Feature", "id": "way/1347460420", "properties": {"osm_id": 1347460420, "osm_type": "way", "building": "yes"}, "geometry": {"type": "Polygon", "coordinates": [[[83.3181722, 17.7257398], [83.3181577, 17.7256032], [83.3183018, 17.7255764], [83.3183075, 17.7257229], [83.3181722, 17.7257398]]]}}, {"type": "Feature", "id": "way/1347460421", "properties": {"osm_id": 1347460421, "osm_type": "way", "building": "yes"}, "geometry": {"type": "Polygon", "coordinates": [[[83.3179926, 17.7257551], [83.3179781, 17.7255818], [83.3181247, 17.7255756], [83.3181351, 17.7257359], [83.3179926, 17.7257551]]]}}, {"type": "Feature", "id": "way/1347460422", "properties": {"osm_id": 1347460422, "osm_type": "way", "building": "yes"}, "geometry": {"type": "Polygon", "coordinates": [[[83.3178284, 17.7257842], [83.3178098, 17.7256101], [83.3179435, 17.7255933], [83.317962, 17.7257574], [83.3178284, 17.7257842]]]}}, {"type": "Feature", "id": "way/1347460423", "properties": {"osm_id": 1347460423, "osm_type": "way", "building": "yes"}, "geometry": {"type": "Polygon", "coordinates": [[[83.3168483, 17.7258988], [83.3169055, 17.7256534], [83.3170094, 17.7256373], [83.3169579, 17.7259088], [83.3168483, 17.7258988]]]}}, {"type": "Feature", "id": "way/1347460424", "properties": {"osm_id": 1347460424, "osm_type": "way", "building": "yes"}, "geometry": {"type": "Polygon", "coordinates": [[[83.3169659, 17.7258925], [83.3170142, 17.7256471], [83.3171278, 17.7256617], [83.317098, 17.7259002], [83.3169659, 17.7258925]]]}}, {"type": "Feature", "id": "way/1347460425", "properties": {"osm_id": 1347460425, "osm_type": "way", "building": "apartments"}, "geometry": {"type": "Polygon", "coordinates": [[[83.3172059, 17.7258565], [83.3171978, 17.7256348], [83.3174112, 17.7256057], [83.3174313, 17.7258266], [83.3172059, 17.7258565]]]}}, {"type": "Feature", "id": "way/1347460426", "properties": {"osm_id": 1347460426, "osm_type": "way", "building": "apartments"}, "geometry": {"type": "Polygon", "coordinates": [[[83.3149456, 17.7258943], [83.3149953, 17.7256681], [83.3151279, 17.7256881], [83.3150704, 17.7258985], [83.3149456, 17.7258943]]]}}, {"type": "Feature", "id": "way/1347460427", "properties": {"osm_id": 1347460427, "osm_type": "way", "building": "apartments"}, "geometry": {"type": "Polygon", "coordinates": [[[83.3147159, 17.7261132], [83.3147755, 17.7258859], [83.3149125, 17.7259006], [83.3148804, 17.7261363], [83.3147159, 17.7261132]]]}}, {"type": "Feature", "id": "way/1347460428", "properties": {"osm_id": 1347460428, "osm_type": "way", "building": "apartments"}, "geometry": {"type": "Polygon", "coordinates": [[[83.3149047, 17.72615], [83.3149125, 17.7260321], [83.3150649, 17.7260195], [83.3150384, 17.726151], [83.3149047, 17.72615]]]}}, {"type": "Feature", "id": "way/1425191730", "properties": {"osm_id": 1425191730, "osm_type": "way", "building": "yes"}, "geometry": {"type": "Polygon", "coordinates": [[[83.3195913, 17.7221252], [83.3198543, 17.7220234], [83.3199159, 17.7221271], [83.3197967, 17.7221663], [83.3199015, 17.7224147], [83.3200391, 17.7223795], [83.3200658, 17.7224539], [83.3197721, 17.7225947], [83.319694, 17.7224558], [83.3197331, 17.722405], [83.3196509, 17.7222113], [83.3196057, 17.722223], [83.3195913, 17.7221252]]]}}, {"type": "Feature", "id": "way/1433967173", "properties": {"osm_id": 1433967173, "osm_type": "way", "building": "school", "building:levels": "7", "name": "Narayana Schools"}, "geometry": {"type": "Polygon", "coordinates": [[[83.3135283, 17.7242542], [83.3135578, 17.7240446], [83.3137149, 17.7240646], [83.3136854, 17.7242742], [83.3135283, 17.7242542]]]}}, {"type": "Feature", "id": "way/1433967174", "properties": {"osm_id": 1433967174, "osm_type": "way", "building": "school", "building:levels": "6", "name": "Tirumala Junior College"}, "geometry": {"type": "Polygon", "coordinates": [[[83.3130903, 17.7238326], [83.3134433, 17.7239201], [83.3134042, 17.7240634], [83.3130512, 17.723976], [83.3130903, 17.7238326]]]}}, {"type": "Feature", "id": "way/1433967175", "properties": {"osm_id": 1433967175, "osm_type": "way", "building": "apartments", "building:levels": "6", "name": "Siri Avenue"}, "geometry": {"type": "Polygon", "coordinates": [[[83.3132645, 17.723457], [83.3135076, 17.7234483], [83.3135108, 17.7235295], [83.3132677, 17.7235381], [83.3132645, 17.723457]]]}}, {"type": "Feature", "id": "way/1463043449", "properties": {"osm_id": 1463043449, "osm_type": "way", "building": "yes"}, "geometry": {"type": "Polygon", "coordinates": [[[83.3174171, 17.7233336], [83.3175129, 17.7233966], [83.3176416, 17.723219], [83.3175458, 17.723156], [83.3174171, 17.7233336]]]}}, {"type": "Feature", "id": "way/1463043450", "properties": {"osm_id": 1463043450, "osm_type": "way", "building": "yes"}, "geometry": {"type": "Polygon", "coordinates": [[[83.3168618, 17.7228328], [83.3169368, 17.7228723], [83.3170414, 17.7226922], [83.3169664, 17.7226527], [83.3168618, 17.7228328]]]}}, {"type": "Feature", "id": "way/1463043451", "properties": {"osm_id": 1463043451, "osm_type": "way", "building": "yes"}, "geometry": {"type": "Polygon", "coordinates": [[[83.3169638, 17.7232544], [83.3168896, 17.7233758], [83.3170532, 17.7234665], [83.3171274, 17.7233451], [83.3169638, 17.7232544]]]}}, {"type": "Feature", "id": "way/1463043452", "properties": {"osm_id": 1463043452, "osm_type": "way", "building": "yes"}, "geometry": {"type": "Polygon", "coordinates": [[[83.3166204, 17.7232365], [83.3167141, 17.7232873], [83.3167959, 17.7231507], [83.3167022, 17.7230998], [83.3166204, 17.7232365]]]}}, {"type": "Feature", "id": "way/1463043453", "properties": {"osm_id": 1463043453, "osm_type": "way", "building": "yes"}, "geometry": {"type": "Polygon", "coordinates": [[[83.3162065, 17.7231177], [83.3161306, 17.7232499], [83.3163782, 17.7233789], [83.3164541, 17.7232467], [83.3162065, 17.7231177]]]}}, {"type": "Feature", "id": "way/1463043457", "properties": {"osm_id": 1463043457, "osm_type": "way", "building": "house", "name": "Hindustan Shipyards Directors Bungalow"}, "geometry": {"type": "Polygon", "coordinates": [[[83.3197613, 17.7193734], [83.3199005, 17.7193791], [83.3199072, 17.7192296], [83.319768, 17.719224], [83.3197613, 17.7193734]]]}}, {"type": "Feature", "id": "way/1463043466", "properties": {"osm_id": 1463043466, "osm_type": "way", "building": "yes"}, "geometry": {"type": "Polygon", "coordinates": [[[83.3184792, 17.718796], [83.3185618, 17.7187407], [83.3184733, 17.7186207], [83.3183907, 17.7186759], [83.3184792, 17.718796]]]}}, {"type": "Feature", "id": "way/1463043468", "properties": {"osm_id": 1463043468, "osm_type": "way", "building": "yes"}, "geometry": {"type": "Polygon", "coordinates": [[[83.3181466, 17.7188701], [83.3183027, 17.718851], [83.3182786, 17.7186721], [83.3181225, 17.7186912], [83.3181466, 17.7188701]]]}}, {"type": "Feature", "id": "way/1495790936", "properties": {"osm_id": 1495790936, "osm_type": "way", "building": "yes"}, "geometry": {"type": "Polygon", "coordinates": [[[83.3161492, 17.7180487], [83.3163738, 17.718176], [83.3164546, 17.7180468], [83.31623, 17.7179194], [83.3161492, 17.7180487]]]}}, {"type": "Feature", "id": "way/1551370446", "properties": {"osm_id": 1551370446, "osm_type": "way", "building": "yes"}, "geometry": {"type": "Polygon", "coordinates": [[[83.3188221, 17.7247221], [83.3190156, 17.7246887], [83.3189936, 17.724573], [83.3188001, 17.7246064], [83.3188221, 17.7247221]]]}}, {"type": "Feature", "id": "way/1551370447", "properties": {"osm_id": 1551370447, "osm_type": "way", "building": "yes"}, "geometry": {"type": "Polygon", "coordinates": [[[83.3189167, 17.7251038], [83.3191278, 17.7250596], [83.3191538, 17.7251723], [83.3189427, 17.7252165], [83.3189167, 17.7251038]]]}}, {"type": "Feature", "id": "way/1551370448", "properties": {"osm_id": 1551370448, "osm_type": "way", "building": "yes"}, "geometry": {"type": "Polygon", "coordinates": [[[83.3175507, 17.7268766], [83.3175387, 17.7266796], [83.3176574, 17.7266731], [83.3176694, 17.72687], [83.3175507, 17.7268766]]]}}, {"type": "Feature", "id": "way/1551370449", "properties": {"osm_id": 1551370449, "osm_type": "way", "building": "yes"}, "geometry": {"type": "Polygon", "coordinates": [[[83.3171601, 17.7276501], [83.3171194, 17.727419], [83.3173317, 17.727385], [83.3173725, 17.7276161], [83.3171601, 17.7276501]]]}}, {"type": "Feature", "id": "way/1551370450", "properties": {"osm_id": 1551370450, "osm_type": "way", "building": "yes"}, "geometry": {"type": "Polygon", "coordinates": [[[83.3180221, 17.7265031], [83.3180139, 17.7263214], [83.3181364, 17.7263164], [83.3181445, 17.7264981], [83.3180221, 17.7265031]]]}}, {"type": "Feature", "id": "way/1551370451", "properties": {"osm_id": 1551370451, "osm_type": "way", "building": "yes"}, "geometry": {"type": "Polygon", "coordinates": [[[83.3183007, 17.7262123], [83.3182563, 17.7258634], [83.3183763, 17.7258495], [83.3184206, 17.7261985], [83.3183007, 17.7262123]]]}}, {"type": "Feature", "id": "way/1551370452", "properties": {"osm_id": 1551370452, "osm_type": "way", "building": "yes"}, "geometry": {"type": "Polygon", "coordinates": [[[83.3183849, 17.7264933], [83.3183793, 17.7263022], [83.3185312, 17.7262981], [83.3185368, 17.7264892], [83.3183849, 17.7264933]]]}}, {"type": "Feature", "id": "way/1551370453", "properties": {"osm_id": 1551370453, "osm_type": "way", "building": "yes"}, "geometry": {"type": "Polygon", "coordinates": [[[83.3181889, 17.7264918], [83.3183272, 17.7264861], [83.318319, 17.7263063], [83.3181807, 17.7263121], [83.3181889, 17.7264918]]]}}, {"type": "Feature", "id": "way/1551370454", "properties": {"osm_id": 1551370454, "osm_type": "way", "building": "yes"}, "geometry": {"type": "Polygon", "coordinates": [[[83.3172779, 17.7279646], [83.3174602, 17.7278614], [83.317388, 17.7277456], [83.3172057, 17.7278488], [83.3172779, 17.7279646]]]}}, {"type": "Feature", "id": "way/1551370456", "properties": {"osm_id": 1551370456, "osm_type": "way", "building": "yes"}, "geometry": {"type": "Polygon", "coordinates": [[[83.3146929, 17.7274005], [83.31483, 17.7274211], [83.3148586, 17.7272482], [83.3147216, 17.7272276], [83.3146929, 17.7274005]]]}}, {"type": "Feature", "id": "way/1551370457", "properties": {"osm_id": 1551370457, "osm_type": "way", "building": "yes"}, "geometry": {"type": "Polygon", "coordinates": [[[83.3145402, 17.7270231], [83.3145626, 17.726789], [83.3146952, 17.7268005], [83.3146727, 17.7270347], [83.3145402, 17.7270231]]]}}, {"type": "Feature", "id": "way/1551370458", "properties": {"osm_id": 1551370458, "osm_type": "way", "addr:housenumber": "9-21-17", "addr:street": "Stree 21", "building": "apartments", "name": "Vinayagar Aashirwad Apartment"}, "geometry": {"type": "Polygon", "coordinates": [[[83.3136998, 17.7262965], [83.3137601, 17.7261303], [83.3138658, 17.726165], [83.3138055, 17.7263313], [83.3136998, 17.7262965]]]}}, {"type": "Feature", "id": "way/1551370459", "properties": {"osm_id": 1551370459, "osm_type": "way", "building": "apartments"}, "geometry": {"type": "Polygon", "coordinates": [[[83.3136677, 17.7264545], [83.3138507, 17.7264962], [83.3138756, 17.7263968], [83.3136927, 17.7263551], [83.3136677, 17.7264545]]]}}, {"type": "Feature", "id": "way/1551370460", "properties": {"osm_id": 1551370460, "osm_type": "way", "building": "apartments"}, "geometry": {"type": "Polygon", "coordinates": [[[83.3137877, 17.7260016], [83.3138306, 17.7258084], [83.3139321, 17.7258289], [83.3138892, 17.7260221], [83.3137877, 17.7260016]]]}}, {"type": "Feature", "id": "way/1551370462", "properties": {"osm_id": 1551370462, "osm_type": "way", "building": "yes"}, "geometry": {"type": "Polygon", "coordinates": [[[83.3181311, 17.7262505], [83.318076, 17.7258652], [83.3182018, 17.7258489], [83.3182569, 17.7262341], [83.3181311, 17.7262505]]]}}, {"type": "Feature", "id": "way/1551370463", "properties": {"osm_id": 1551370463, "osm_type": "way", "building": "yes"}, "geometry": {"type": "Polygon", "coordinates": [[[83.3173403, 17.7265355], [83.3173381, 17.7263234], [83.3174455, 17.7263224], [83.3174477, 17.7265345], [83.3173403, 17.7265355]]]}}, {"type": "Feature", "id": "way/1551370464", "properties": {"osm_id": 1551370464, "osm_type": "way", "building": "yes"}, "geometry": {"type": "Polygon", "coordinates": [[[83.3172901, 17.7265353], [83.3172917, 17.7263061], [83.3171613, 17.7263053], [83.3171597, 17.7265345], [83.3172901, 17.7265353]]]}}, {"type": "Feature", "id": "way/1551370465", "properties": {"osm_id": 1551370465, "osm_type": "way", "building": "yes"}, "geometry": {"type": "Polygon", "coordinates": [[[83.3158734, 17.7278709], [83.3159534, 17.7276005], [83.3160727, 17.7276326], [83.3159928, 17.727903], [83.3158734, 17.7278709]]]}}, {"type": "Feature", "id": "way/1551370468", "properties": {"osm_id": 1551370468, "osm_type": "way", "building": "yes"}, "geometry": {"type": "Polygon", "coordinates": [[[83.3158932, 17.7274485], [83.3159309, 17.7273237], [83.3160349, 17.7273522], [83.3159972, 17.727477], [83.3158932, 17.7274485]]]}}, {"type": "Feature", "id": "way/1551370469", "properties": {"osm_id": 1551370469, "osm_type": "way", "building": "yes"}, "geometry": {"type": "Polygon", "coordinates": [[[83.3140768, 17.72607], [83.3141237, 17.7258642], [83.3142427, 17.7258888], [83.3141958, 17.7260946], [83.3140768, 17.72607]]]}}, {"type": "Feature", "id": "way/1551370470", "properties": {"osm_id": 1551370470, "osm_type": "way", "building": "yes"}, "geometry": {"type": "Polygon", "coordinates": [[[83.3138346, 17.7257606], [83.3138836, 17.7255638], [83.3140039, 17.7255909], [83.3139549, 17.7257877], [83.3138346, 17.7257606]]]}}, {"type": "Feature", "id": "way/1551370471", "properties": {"osm_id": 1551370471, "osm_type": "way", "building": "yes"}, "geometry": {"type": "Polygon", "coordinates": [[[83.3144601, 17.7264355], [83.3144814, 17.7262282], [83.3145873, 17.7262381], [83.314566, 17.7264454], [83.3144601, 17.7264355]]]}}, {"type": "Feature", "id": "way/1551370472", "properties": {"osm_id": 1551370472, "osm_type": "way", "building": "yes"}, "geometry": {"type": "Polygon", "coordinates": [[[83.314163, 17.7273459], [83.3141891, 17.7271469], [83.314328, 17.7271635], [83.3143019, 17.7273625], [83.314163, 17.7273459]]]}}, {"type": "Feature", "id": "way/1551370473", "properties": {"osm_id": 1551370473, "osm_type": "way", "building": "yes"}, "geometry": {"type": "Polygon", "coordinates": [[[83.3139928, 17.7273149], [83.3140145, 17.7271479], [83.314157, 17.7271648], [83.3141352, 17.7273318], [83.3139928, 17.7273149]]]}}, {"type": "Feature", "id": "way/1551370475", "properties": {"osm_id": 1551370475, "osm_type": "way", "building": "yes"}, "geometry": {"type": "Polygon", "coordinates": [[[83.3146284, 17.7279099], [83.3145295, 17.7278024], [83.3146323, 17.7277166], [83.3147312, 17.7278241], [83.3146284, 17.7279099]]]}}, {"type": "Feature", "id": "way/1551370478", "properties": {"osm_id": 1551370478, "osm_type": "way", "building": "yes"}, "geometry": {"type": "Polygon", "coordinates": [[[83.3130649, 17.7263606], [83.3132508, 17.7264207], [83.3132852, 17.7263243], [83.3130993, 17.7262642], [83.3130649, 17.7263606]]]}}, {"type": "Feature", "id": "way/1551370479", "properties": {"osm_id": 1551370479, "osm_type": "way", "building": "yes"}, "geometry": {"type": "Polygon", "coordinates": [[[83.3148798, 17.7270669], [83.3149194, 17.7268489], [83.3151055, 17.7268796], [83.3150659, 17.7270975], [83.3148798, 17.7270669]]]}}, {"type": "Feature", "id": "way/1551370480", "properties": {"osm_id": 1551370480, "osm_type": "way", "building": "yes"}, "geometry": {"type": "Polygon", "coordinates": [[[83.3144471, 17.7275923], [83.3144756, 17.7274204], [83.3146361, 17.7274446], [83.3146075, 17.7276165], [83.3144471, 17.7275923]]]}}, {"type": "Feature", "id": "way/1551370481", "properties": {"osm_id": 1551370481, "osm_type": "way", "building": "yes"}, "geometry": {"type": "Polygon", "coordinates": [[[83.3129089, 17.727338], [83.3128816, 17.7271558], [83.3130038, 17.7271392], [83.313031, 17.7273214], [83.3129089, 17.727338]]]}}, {"type": "Feature", "id": "way/1551370482", "properties": {"osm_id": 1551370482, "osm_type": "way", "building": "yes"}, "geometry": {"type": "Polygon", "coordinates": [[[83.3145681, 17.7260957], [83.3146009, 17.7259234], [83.3147383, 17.7259471], [83.3147055, 17.7261194], [83.3145681, 17.7260957]]]}}, {"type": "Feature", "id": "way/1551370483", "properties": {"osm_id": 1551370483, "osm_type": "way", "building": "yes"}, "geometry": {"type": "Polygon", "coordinates": [[[83.3130059, 17.7264863], [83.3131879, 17.726543], [83.3132198, 17.7264502], [83.3130378, 17.7263934], [83.3130059, 17.7264863]]]}}, {"type": "Feature", "id": "relation/6041667", "properties": {"osm_id": 6041667, "osm_type": "relation", "building": "yes", "type": "multipolygon"}, "geometry": {"type": "Polygon", "coordinates": [[[83.3200616, 17.7236524], [83.3198309, 17.7241385], [83.3200184, 17.7242192], [83.3199912, 17.7242765], [83.3200943, 17.7243209], [83.3201246, 17.7242572], [83.3202931, 17.7243297], [83.3205207, 17.7238501], [83.3200616, 17.7236524]]]}}, {"type": "Feature", "id": "relation/6041669", "properties": {"osm_id": 6041669, "osm_type": "relation", "building": "yes", "type": "multipolygon"}, "geometry": {"type": "Polygon", "coordinates": [[[83.3212287, 17.721302], [83.3212032, 17.7217496], [83.3218217, 17.7217815], [83.3218472, 17.721334], [83.3212287, 17.721302]]]}}, {"type": "Feature", "id": "relation/6041677", "properties": {"osm_id": 6041677, "osm_type": "relation", "building": "yes", "name": "A.U Registrar Office", "type": "multipolygon"}, "geometry": {"type": "Polygon", "coordinates": [[[83.3238548, 17.7257271], [83.3237918, 17.7258765], [83.3237183, 17.7258483], [83.3236236, 17.7260728], [83.3241959, 17.7262918], [83.3242816, 17.7260887], [83.3242393, 17.7260725], [83.3242925, 17.7259464], [83.3241857, 17.7259056], [83.3241375, 17.7260198], [83.3239044, 17.7259306], [83.3239714, 17.7257718], [83.3238548, 17.7257271]]]}}, {"type": "Feature", "id": "relation/6131832", "properties": {"osm_id": 6131832, "osm_type": "relation", "building": "yes", "type": "multipolygon"}, "geometry": {"type": "Polygon", "coordinates": [[[83.3210327, 17.7231132], [83.320975, 17.7230953], [83.3208717, 17.7231004], [83.3207792, 17.7231272], [83.3206826, 17.7231975], [83.3206411, 17.7233035], [83.3206343, 17.7234108], [83.3206518, 17.7234785], [83.3206987, 17.7235577], [83.3207403, 17.7236037], [83.3208369, 17.7236433], [83.3209535, 17.7236944], [83.3210622, 17.7237276], [83.3211547, 17.7237442], [83.3212419, 17.7237315], [83.3213237, 17.7237034], [83.3213787, 17.7236612], [83.3214323, 17.7235986], [83.3214578, 17.7235092], [83.3214551, 17.7234364], [83.3214323, 17.7233533], [83.3213813, 17.7232703], [83.3212714, 17.7232115], [83.3211453, 17.7231604], [83.3210327, 17.7231132]]]}}, {"type": "Feature", "id": "relation/7708022", "properties": {"osm_id": 7708022, "osm_type": "relation", "amenity": "university", "amenity:type": "department", "building": "yes", "building:levels": "2", "name": "Geo Engineering Department", "type": "multipolygon", "wheelchair": "limited"}, "geometry": {"type": "Polygon", "coordinates": [[[83.3211165, 17.7267964], [83.3211622, 17.7267717], [83.3211579, 17.7267645], [83.3211891, 17.7267477], [83.3211809, 17.7267339], [83.3212194, 17.7267131], [83.3211564, 17.7266073], [83.3211028, 17.7266362], [83.3211192, 17.7266638], [83.3210474, 17.7267027], [83.3210104, 17.7266459], [83.3210218, 17.7266389], [83.3209943, 17.7265984], [83.3207828, 17.7267289], [83.3208503, 17.7268281], [83.3208201, 17.7268467], [83.3208499, 17.7268905], [83.3208931, 17.7268639], [83.3208768, 17.7268399], [83.3209413, 17.7268], [83.3209566, 17.7268225], [83.3209787, 17.7268114], [83.3209961, 17.726798], [83.3210106, 17.7267827], [83.3210186, 17.7267689], [83.3210318, 17.7267539], [83.3210461, 17.7267443], [83.3210651, 17.7267402], [83.3210915, 17.7267846], [83.3211051, 17.7267772], [83.3211165, 17.7267964]]]}}, {"type": "Feature", "id": "relation/20031175", "properties": {"osm_id": 20031175, "osm_type": "relation", "building": "university", "name": "Water Resourse Block", "type": "multipolygon"}, "geometry": {"type": "Polygon", "coordinates": [[[83.3244295, 17.7279172], [83.3242886, 17.7281255], [83.324611, 17.7283233], [83.3247519, 17.728115], [83.3244295, 17.7279172]]]}}]}