{"type": "FeatureCollection", "features": [{"type": "Feature", "id": "way/90821585", "properties": {"osm_id": 90821585, "highway": "tertiary"}, "geometry": {"type": "LineString", "coordinates": [[83.3162189, 17.721272], [83.3163617, 17.7212631], [83.3167511, 17.7212283], [83.3170764, 17.7211874], [83.3174021, 17.7211201], [83.3180231, 17.720988], [83.3184136, 17.7209299], [83.318581, 17.720905], [83.3188038, 17.7209179], [83.3190154, 17.7209511], [83.3193571, 17.7210079]]}}, {"type": "Feature", "id": "way/98000690", "properties": {"osm_id": 98000690, "dual_carriageway": "yes", "highway": "tertiary", "name": "Chinna Waltair Main Road", "oneway": "yes", "surface": "asphalt"}, "geometry": {"type": "LineString", "coordinates": [[83.3198763, 17.7211071], [83.3197814, 17.7212718], [83.3197551, 17.7212949], [83.3196768, 17.7213637], [83.3192309, 17.7216039], [83.3189255, 17.7218543], [83.3187733, 17.7219737], [83.3186891, 17.7220398], [83.3184142, 17.7222555], [83.3183144, 17.7223413], [83.31815, 17.7224828], [83.3179366, 17.7227202], [83.317883, 17.7227791], [83.3178278, 17.7228478]]}}, {"type": "Feature", "id": "way/98000692", "properties": {"osm_id": 98000692, "highway": "tertiary", "junction": "roundabout", "source": "Bing", "surface": "asphalt"}, "geometry": {"type": "LineString", "coordinates": [[83.3200529, 17.721159], [83.3200966, 17.7211377], [83.3201455, 17.7210829], [83.3201626, 17.7210128], [83.3201439, 17.7209431], [83.3201223, 17.7209097], [83.3200937, 17.7208894], [83.3200231, 17.7208637], [83.3200086, 17.7208626], [83.319994, 17.7208628], [83.3199701, 17.720863], [83.3199482, 17.7208718], [83.3199191, 17.7208852], [83.3198934, 17.720904], [83.3198734, 17.7209259], [83.319858, 17.7209509], [83.319846, 17.720987], [83.3198463, 17.7210375], [83.3198593, 17.7210837], [83.3198763, 17.7211071], [83.3199118, 17.7211394], [83.3199559, 17.7211598], [83.3200045, 17.7211666], [83.3200529, 17.721159]]}}, {"type": "Feature", "id": "way/98000697", "properties": {"osm_id": 98000697, "highway": "tertiary", "name": "Harbour Park Road"}, "geometry": {"type": "LineString", "coordinates": [[83.318349, 17.7180303], [83.3183438, 17.7179606], [83.3183415, 17.71793], [83.3183165, 17.7175926], [83.3183113, 17.7173777], [83.3183308, 17.717226], [83.318393, 17.7170271], [83.3185168, 17.7168025], [83.3185493, 17.716748], [83.3186212, 17.7166233], [83.3186642, 17.71649], [83.3186797, 17.7163955], [83.3186774, 17.7162148], [83.3186509, 17.7160799], [83.3185971, 17.715957], [83.3185433, 17.715859], [83.3183922, 17.7156505], [83.3181051, 17.7153086], [83.3180583, 17.7152473], [83.3180055, 17.7151601], [83.317979, 17.7150842], [83.3179749, 17.7149524], [83.3180096, 17.714669], [83.3180151, 17.7146127], [83.318074, 17.7140983], [83.3181214, 17.7136808], [83.3181367, 17.7135459], [83.3181549, 17.7133734], [83.3181586, 17.7132696], [83.3181551, 17.7131952], [83.318148, 17.7131242], [83.3180831, 17.7130629], [83.3181201, 17.7129987], [83.3180847, 17.7128992], [83.3180558, 17.7128382], [83.3180107, 17.7127536], [83.3178963, 17.7126113]]}}, {"type": "Feature", "id": "way/98086004", "properties": {"osm_id": 98086004, "highway": "secondary", "lanes": "2", "name": "Vip Road", "oneway": "yes", "source": "Bing", "surface": "asphalt"}, "geometry": {"type": "LineString", "coordinates": [[83.3141139, 17.7296958], [83.3141528, 17.7296224], [83.3141892, 17.7295537], [83.3142091, 17.7295178], [83.3142132, 17.7295103], [83.3142321, 17.7294399], [83.3143479, 17.7290226], [83.31452, 17.7284636], [83.3146121, 17.7281616], [83.3146658, 17.728085], [83.314765, 17.7279917], [83.3150721, 17.7277222], [83.3153444, 17.7275114], [83.31552, 17.7273683], [83.3156542, 17.7272482], [83.3158979, 17.7269852], [83.3161853, 17.7266887], [83.3166104, 17.7262889], [83.3166771, 17.7261788], [83.3167562, 17.7259631], [83.3167881, 17.7258486], [83.3168313, 17.7256785], [83.3168696, 17.7255478], [83.3169888, 17.7251406], [83.3169908, 17.7251208], [83.3169987, 17.7250392]]}}, {"type": "Feature", "id": "way/98086006", "properties": {"osm_id": 98086006, "dual_carriageway": "yes", "highway": "primary", "lanes": "2", "oneway": "yes", "sidewalk": "separate", "surface": "asphalt"}, "geometry": {"type": "LineString", "coordinates": [[83.3189567, 17.7240605], [83.3191136, 17.7241601], [83.3195373, 17.7244143], [83.3197975, 17.7245612], [83.3199771, 17.724653], [83.3200349, 17.7246826], [83.3204211, 17.7248793], [83.3206584, 17.7249893], [83.320798, 17.7250505], [83.3210501, 17.7251488], [83.3212821, 17.7252421], [83.3215114, 17.7253276], [83.3220009, 17.7255487], [83.3227547, 17.7259537], [83.3231965, 17.726206], [83.3234073, 17.7263264], [83.3240454, 17.726689], [83.3240669, 17.7267006], [83.3241279, 17.7267361], [83.3241423, 17.7267445], [83.3243935, 17.7268913], [83.3252008, 17.7273818], [83.3255363, 17.7275977], [83.3256078, 17.7276437], [83.3256901, 17.7276958], [83.3257975, 17.7277615], [83.3262601, 17.7280576], [83.326338, 17.7281075], [83.3265514, 17.7282441], [83.3268235, 17.7284203], [83.327144, 17.7286175], [83.3272172, 17.7286632], [83.3273243, 17.7287299], [83.3276366, 17.7289244], [83.3276886, 17.7289568], [83.3281108, 17.7292232], [83.3287574, 17.7296492], [83.3291338, 17.7299149], [83.3291768, 17.7299438], [83.329213, 17.7299682], [83.3292428, 17.7299905], [83.3293975, 17.7300968], [83.329523, 17.7301814], [83.3296192, 17.7302462], [83.3299105, 17.7304389], [83.3300547, 17.7305342], [83.3303775, 17.7307413], [83.330745, 17.7309701], [83.3313364, 17.731337], [83.3320069, 17.731753], [83.3320706, 17.731792], [83.3321008, 17.7318092], [83.3321521, 17.7318282], [83.3322121, 17.7318399]]}}, {"type": "Feature", "id": "way/98086007", "properties": {"osm_id": 98086007, "highway": "primary", "junction": "roundabout", "source": "Bing"}, "geometry": {"type": "LineString", "coordinates": [[83.3181111, 17.7232707], [83.318095, 17.7231904], [83.3180908, 17.7231317], [83.318065, 17.7230568], [83.3180325, 17.7229963], [83.3179588, 17.7229057]]}}, {"type": "Feature", "id": "way/98474681", "properties": {"osm_id": 98474681, "highway": "residential", "source": "Bing"}, "geometry": {"type": "LineString", "coordinates": [[83.3182876, 17.7181027], [83.318207, 17.7181124], [83.3179956, 17.7181361], [83.3177352, 17.7181668], [83.3176406, 17.7181809], [83.3175412, 17.7181884], [83.3174404, 17.7181931], [83.3172001, 17.7182234], [83.3170591, 17.7182147], [83.3169474, 17.718194], [83.3168404, 17.7181606], [83.3167333, 17.7181112], [83.3165004, 17.7179725], [83.3161707, 17.7177479], [83.3160601, 17.7176713], [83.3160026, 17.7176195], [83.3159651, 17.7175656], [83.3159461, 17.7174874], [83.3158292, 17.7170137], [83.3158115, 17.7169476], [83.3157927, 17.7168772], [83.3157628, 17.7167715], [83.3157085, 17.7166112], [83.3156631, 17.7164781], [83.3155279, 17.7160753], [83.3154899, 17.7159839], [83.3154407, 17.7158679], [83.3153914, 17.7157703], [83.3153126, 17.7156439], [83.3152522, 17.7155653], [83.315184, 17.7154867], [83.315023, 17.7153141], [83.3149373, 17.7152466], [83.3148439, 17.7151827], [83.3145864, 17.7150337], [83.3143257, 17.714956], [83.3140909, 17.7149029], [83.3139157, 17.7148896], [83.3137573, 17.7148842], [83.3135643, 17.7149023], [83.313388, 17.7149363], [83.313221, 17.7149828], [83.3130477, 17.7150491], [83.3128881, 17.7151143], [83.3128125, 17.7151468], [83.312738, 17.7151789], [83.3127144, 17.7151479], [83.312585, 17.714853]]}}, {"type": "Feature", "id": "way/98474696", "properties": {"osm_id": 98474696, "highway": "residential", "source": "Bing"}, "geometry": {"type": "LineString", "coordinates": [[83.3179866, 17.7185084], [83.3180233, 17.7187635], [83.3180463, 17.7189051], [83.3180626, 17.7190892], [83.3180709, 17.7193341], [83.3180544, 17.7195526], [83.31803, 17.7197733], [83.3179981, 17.719975], [83.3179515, 17.7201887], [83.3179107, 17.7203189], [83.3178599, 17.7204728], [83.3177234, 17.7208008], [83.3174021, 17.7211201]]}}, {"type": "Feature", "id": "way/98474705", "properties": {"osm_id": 98474705, "highway": "residential", "source": "Bing"}, "geometry": {"type": "LineString", "coordinates": [[83.3177352, 17.7181668], [83.3177423, 17.7182256], [83.3178165, 17.7183325], [83.3178708, 17.7183903], [83.3179866, 17.7185084]]}}, {"type": "Feature", "id": "way/98474718", "properties": {"osm_id": 98474718, "highway": "tertiary", "source": "Bing"}, "geometry": {"type": "LineString", "coordinates": [[83.3110722, 17.7151761], [83.3110933, 17.7152383], [83.3112658, 17.7157304], [83.3114366, 17.7162333], [83.3115055, 17.716398], [83.3115806, 17.7165331], [83.3116235, 17.7165793], [83.3116758, 17.7166166], [83.3117435, 17.7166485], [83.3118268, 17.7166789], [83.3121405, 17.7167634], [83.3123666, 17.7168098], [83.3125975, 17.7168531], [83.3127693, 17.7168934], [83.3128555, 17.716924], [83.3129417, 17.7169635], [83.3130257, 17.7170145], [83.3131118, 17.717077], [83.3131649, 17.7171191], [83.3132005, 17.7171643], [83.3132226, 17.7172112], [83.3132436, 17.7172778], [83.3132659, 17.7173848], [83.3132851, 17.7175138], [83.3133069, 17.7176852], [83.3133146, 17.7177382], [83.3133319, 17.7177896], [83.3133692, 17.7178715], [83.3134077, 17.7179323], [83.3134622, 17.7179922], [83.3136202, 17.7181294], [83.3137847, 17.7182943], [83.3138544, 17.7183692], [83.3139262, 17.7184517], [83.3141245, 17.7186913], [83.3142116, 17.7188011], [83.3142652, 17.7188826], [83.3143559, 17.7190564], [83.3144169, 17.7192018], [83.3145681, 17.7195722], [83.3146622, 17.7198363], [83.314731, 17.7200473], [83.3147804, 17.7202536], [83.3148168, 17.7204439], [83.3148478, 17.7206865], [83.3148486, 17.7206984], [83.3148536, 17.7207694], [83.3148549, 17.7208393], [83.3148354, 17.7209396]]}}, {"type": "Feature", "id": "way/100318208", "properties": {"osm_id": 100318208, "highway": "residential", "source": "Bing"}, "geometry": {"type": "LineString", "coordinates": [[83.3100525, 17.7250008], [83.3115397, 17.7250738], [83.3120575, 17.7251744], [83.3121309, 17.7251887], [83.3121898, 17.7251944], [83.313796, 17.7254707], [83.3145514, 17.7255953], [83.3148236, 17.7256215], [83.3151712, 17.7256293], [83.3153386, 17.7256331], [83.3166979, 17.7256744], [83.3167571, 17.7256762]]}}, {"type": "Feature", "id": "way/100318210", "properties": {"osm_id": 100318210, "highway": "residential", "source": "Bing"}, "geometry": {"type": "LineString", "coordinates": [[83.3119376, 17.7256717], [83.3120745, 17.7257093], [83.3131248, 17.7259173], [83.3136703, 17.7260437], [83.3139117, 17.7260893], [83.3143209, 17.7261501], [83.3146039, 17.7261687], [83.3151483, 17.7261734]]}}, {"type": "Feature", "id": "way/100318211", "properties": {"osm_id": 100318211, "highway": "residential", "source": "Bing"}, "geometry": {"type": "LineString", "coordinates": [[83.3112821, 17.7273027], [83.311718, 17.7272112], [83.3119561, 17.727159], [83.3123808, 17.7270973], [83.312803, 17.7270311], [83.313022, 17.7269923], [83.3132251, 17.726965], [83.3134516, 17.726948], [83.3140582, 17.7270118], [83.3145486, 17.7270781], [83.3152189, 17.7271733], [83.3155594, 17.7272274], [83.3156542, 17.7272482]]}}, {"type": "Feature", "id": "way/100318212", "properties": {"osm_id": 100318212, "highway": "residential", "source": "Bing"}, "geometry": {"type": "LineString", "coordinates": [[83.3117455, 17.727796], [83.3117825, 17.7277901], [83.3127213, 17.7276408], [83.3132817, 17.7275563], [83.313476, 17.7275486], [83.3136977, 17.7275584], [83.3139214, 17.7275745], [83.314277, 17.727608], [83.3149853, 17.7277105]]}}, {"type": "Feature", "id": "way/145733686", "properties": {"osm_id": 145733686, "highway": "residential", "source": "Bing"}, "geometry": {"type": "LineString", "coordinates": [[83.3209984, 17.7258513], [83.3209706, 17.7261536]]}}, {"type": "Feature", "id": "way/145733717", "properties": {"osm_id": 145733717, "bicycle": "yes", "foot": "yes", "highway": "residential", "source": "Bing"}, "geometry": {"type": "LineString", "coordinates": [[83.3200631, 17.7246302], [83.3200349, 17.7246826], [83.3200146, 17.7247364], [83.319846, 17.725183], [83.3196472, 17.7258075], [83.3203855, 17.7258183], [83.3209984, 17.7258513], [83.3210454, 17.7252131], [83.3210501, 17.7251488]]}}, {"type": "Feature", "id": "way/170436923", "properties": {"osm_id": 170436923, "highway": "residential", "lanes": "1", "name": "Siripuram Park Lane", "surface": "asphalt"}, "geometry": {"type": "LineString", "coordinates": [[83.3178872, 17.7239175], [83.3178142, 17.7238977], [83.3177196, 17.7238829], [83.3171967, 17.7237513], [83.3170027, 17.7237124], [83.3167785, 17.7237006], [83.3164454, 17.7237188]]}}, {"type": "Feature", "id": "way/170437006", "properties": {"osm_id": 170437006, "bicycle": "yes", "foot": "yes", "highway": "residential"}, "geometry": {"type": "LineString", "coordinates": [[83.3170716, 17.722416], [83.3170066, 17.7224936], [83.3169598, 17.7225535], [83.316654, 17.7230502], [83.3164416, 17.723413]]}}, {"type": "Feature", "id": "way/170437532", "properties": {"osm_id": 170437532, "bicycle": "yes", "foot": "yes", "highway": "residential"}, "geometry": {"type": "LineString", "coordinates": [[83.316654, 17.7230502], [83.3171616, 17.7233178]]}}, {"type": "Feature", "id": "way/170440925", "properties": {"osm_id": 170440925, "bicycle": "yes", "foot": "yes", "highway": "residential"}, "geometry": {"type": "LineString", "coordinates": [[83.3167562, 17.7259631], [83.3168128, 17.7259567], [83.3189109, 17.7257182], [83.319372, 17.7256733], [83.3195173, 17.7261243], [83.3196472, 17.7258075]]}}, {"type": "Feature", "id": "way/170441062", "properties": {"osm_id": 170441062, "bicycle": "yes", "foot": "yes", "highway": "residential"}, "geometry": {"type": "LineString", "coordinates": [[83.319372, 17.7256733], [83.3192382, 17.7251963], [83.3189363, 17.7241973], [83.3189253, 17.7241588], [83.3189016, 17.7240758]]}}, {"type": "Feature", "id": "way/170441204", "properties": {"osm_id": 170441204, "highway": "primary", "oneway": "yes"}, "geometry": {"type": "LineString", "coordinates": [[83.3180315, 17.7243351], [83.3180437, 17.7243314], [83.3181017, 17.7243138], [83.318253, 17.7242699], [83.3183695, 17.7242371], [83.318632, 17.7241519], [83.3187298, 17.7241243]]}}, {"type": "Feature", "id": "way/170751810", "properties": {"osm_id": 170751810, "highway": "tertiary", "lane_markings": "no", "name": "Ram Nagar Road", "oneway": "no", "surface": "asphalt"}, "geometry": {"type": "LineString", "coordinates": [[83.3091492, 17.7221123], [83.3093329, 17.7221118], [83.3099465, 17.7220975], [83.3103017, 17.7220837], [83.3107879, 17.722069], [83.312217, 17.7220833], [83.3123533, 17.7223295], [83.3124784, 17.7224958], [83.3127779, 17.7228988], [83.3128409, 17.7229579], [83.3129258, 17.7229651], [83.3136329, 17.7229753], [83.3136407, 17.7230232], [83.3135991, 17.7236416], [83.3135833, 17.7237421], [83.3135137, 17.723992], [83.3133012, 17.7246339]]}}, {"type": "Feature", "id": "way/258082277", "properties": {"osm_id": 258082277, "highway": "residential", "lanes": "2", "maxspeed": "30", "maxspeed:type": "sign", "name": "Pandurangaswamy Temple Road", "oneway": "no", "sidewalk": "separate", "surface": "asphalt"}, "geometry": {"type": "LineString", "coordinates": [[83.3224519, 17.7139714], [83.3224289, 17.714023], [83.322365, 17.714149], [83.3223117, 17.7142513], [83.3220129, 17.7148243], [83.3215152, 17.7157543], [83.3215029, 17.7157777], [83.321274, 17.7162127], [83.3211064, 17.7165195], [83.3210197, 17.7166744], [83.3208283, 17.7168832], [83.3206626, 17.717061], [83.3206208, 17.7170927], [83.3205349, 17.7171286], [83.3204647, 17.7171525], [83.3195061, 17.717516], [83.3190698, 17.7177362], [83.3187071, 17.7179174], [83.318412, 17.7180658]]}}, {"type": "Feature", "id": "way/279947402", "properties": {"osm_id": 279947402, "highway": "service"}, "geometry": {"type": "LineString", "coordinates": [[83.3221595, 17.7226968], [83.3221871, 17.7221126], [83.322186, 17.7220408], [83.3222926, 17.7220305], [83.3224153, 17.7220152], [83.3225595, 17.7220127], [83.3227594, 17.7220051], [83.322819, 17.7219948], [83.3228458, 17.7219718], [83.32286, 17.7219411], [83.3228636, 17.7218821], [83.3229147, 17.721052], [83.3229072, 17.7208767]]}}, {"type": "Feature", "id": "way/279947403", "properties": {"osm_id": 279947403, "highway": "service"}, "geometry": {"type": "LineString", "coordinates": [[83.3217984, 17.7243294], [83.3221119, 17.7239682]]}}, {"type": "Feature", "id": "way/279947411", "properties": {"osm_id": 279947411, "highway": "service"}, "geometry": {"type": "LineString", "coordinates": [[83.320346, 17.7211172], [83.3203888, 17.7212024], [83.3204076, 17.7212398], [83.3204868, 17.7213714], [83.3206159, 17.7215206], [83.3214558, 17.7221711], [83.3218225, 17.7224439], [83.3221595, 17.7226968], [83.3221521, 17.7228966], [83.32215, 17.7229504], [83.3221289, 17.7235153], [83.3221119, 17.7239682], [83.3221551, 17.7244801]]}}, {"type": "Feature", "id": "way/279973345", "properties": {"osm_id": 279973345, "highway": "service"}, "geometry": {"type": "LineString", "coordinates": [[83.3225094, 17.7176163], [83.3223885, 17.717797], [83.3223349, 17.7178762], [83.3223094, 17.717926], [83.3222879, 17.7179874], [83.3222732, 17.7180768], [83.3222489, 17.7182773]]}}, {"type": "Feature", "id": "way/279973346", "properties": {"osm_id": 279973346, "highway": "service"}, "geometry": {"type": "LineString", "coordinates": [[83.3205918, 17.7187172], [83.3207336, 17.718658], [83.320798, 17.7186529], [83.3208758, 17.7186631], [83.3210882, 17.7187148], [83.3213049, 17.7187704], [83.3213543, 17.7187946], [83.3213747, 17.7188344], [83.32138, 17.7188905], [83.3212432, 17.719284], [83.3211976, 17.7193325], [83.3211494, 17.7193606], [83.321085, 17.7193581], [83.320444, 17.7191733]]}}, {"type": "Feature", "id": "way/279973349", "properties": {"osm_id": 279973349, "highway": "service"}, "geometry": {"type": "LineString", "coordinates": [[83.3246249, 17.7190585], [83.3245775, 17.7189315], [83.3245464, 17.7188778], [83.3244994, 17.7188484], [83.3244257, 17.7188254], [83.3241467, 17.7187907], [83.3240062, 17.7187689]]}}, {"type": "Feature", "id": "way/279973355", "properties": {"osm_id": 279973355, "highway": "service"}, "geometry": {"type": "LineString", "coordinates": [[83.3248146, 17.7206918], [83.3247274, 17.7206176], [83.3246805, 17.7205832], [83.3246107, 17.7205551], [83.3241554, 17.7204722], [83.3235177, 17.7203711], [83.3234522, 17.7203464], [83.3234011, 17.7203111], [83.3233269, 17.7202181], [83.3232723, 17.720122], [83.3232763, 17.7200786], [83.3232938, 17.7200315], [83.3233447, 17.7199687], [83.3234654, 17.7198831], [83.3236955, 17.7197988], [83.3242295, 17.7196067], [83.3247132, 17.7194084], [83.3248508, 17.7199738], [83.3249286, 17.7204733], [83.3249232, 17.7205257], [83.3249125, 17.7205679], [83.3248146, 17.7206918]]}}, {"type": "Feature", "id": "way/279973356", "properties": {"osm_id": 279973356, "highway": "service"}, "geometry": {"type": "LineString", "coordinates": [[83.3235057, 17.7186324], [83.3233836, 17.7186005]]}}, {"type": "Feature", "id": "way/280237291", "properties": {"osm_id": 280237291, "highway": "residential"}, "geometry": {"type": "LineString", "coordinates": [[83.3174828, 17.7279527], [83.3169863, 17.7282902], [83.3168932, 17.7283683], [83.3168333, 17.728444], [83.3168105, 17.7285099], [83.3167956, 17.7285833], [83.3167968, 17.7286863], [83.3168122, 17.7288189], [83.3168337, 17.7290565], [83.3169174, 17.7293871], [83.3169286, 17.7295358], [83.3168916, 17.7296758], [83.316839, 17.7297948]]}}, {"type": "Feature", "id": "way/280237312", "properties": {"osm_id": 280237312, "highway": "residential"}, "geometry": {"type": "LineString", "coordinates": [[83.3188033, 17.726494], [83.3185674, 17.7265125], [83.3168056, 17.7266509]]}}, {"type": "Feature", "id": "way/280237317", "properties": {"osm_id": 280237317, "highway": "residential"}, "geometry": {"type": "LineString", "coordinates": [[83.3149639, 17.7216932], [83.3149687, 17.7216015], [83.3149883, 17.7212232], [83.3149963, 17.7210942], [83.3150086, 17.7210103]]}}, {"type": "Feature", "id": "way/280237374", "properties": {"osm_id": 280237374, "highway": "residential"}, "geometry": {"type": "LineString", "coordinates": [[83.3195173, 17.7261243], [83.3194783, 17.7262257], [83.3194515, 17.7262742], [83.3193925, 17.7263509], [83.3192958, 17.7264299], [83.3189386, 17.7267372]]}}, {"type": "Feature", "id": "way/280237376", "properties": {"osm_id": 280237376, "highway": "residential"}, "geometry": {"type": "LineString", "coordinates": [[83.3164997, 17.7282385], [83.3167886, 17.7280442], [83.3170655, 17.7278669], [83.317126, 17.7278252], [83.3171154, 17.7277798], [83.3171052, 17.7277375], [83.3170883, 17.7276174], [83.3170713, 17.7275049], [83.3170417, 17.7273123], [83.3170235, 17.7271916], [83.3170041, 17.727083], [83.3169868, 17.7270275], [83.3168056, 17.7266509], [83.3166683, 17.7263642], [83.3166435, 17.7263319], [83.3166104, 17.7262889], [83.3165393, 17.7262518]]}}, {"type": "Feature", "id": "way/280237397", "properties": {"osm_id": 280237397, "highway": "residential"}, "geometry": {"type": "LineString", "coordinates": [[83.3160184, 17.7237274], [83.315188, 17.7237529], [83.3147833, 17.7237572], [83.3145626, 17.7237595], [83.3143905, 17.7237564], [83.3135833, 17.7237421]]}}, {"type": "Feature", "id": "way/280237410", "properties": {"osm_id": 280237410, "highway": "residential"}, "geometry": {"type": "LineString", "coordinates": [[83.3175784, 17.7271873], [83.3184752, 17.7271454], [83.3185396, 17.7271301], [83.3185825, 17.7270995], [83.3186058, 17.7270476], [83.3188086, 17.7268507], [83.3189386, 17.7267372]]}}, {"type": "Feature", "id": "way/280237421", "properties": {"osm_id": 280237421, "highway": "residential"}, "geometry": {"type": "LineString", "coordinates": [[83.3156188, 17.7224758], [83.3157657, 17.7225396], [83.3158571, 17.7225728], [83.3159513, 17.7225902], [83.3160017, 17.7225917], [83.3160618, 17.7225721], [83.3160966, 17.72254], [83.3164371, 17.7221147], [83.3164769, 17.722065]]}}, {"type": "Feature", "id": "way/280237444", "properties": {"osm_id": 280237444, "highway": "residential"}, "geometry": {"type": "LineString", "coordinates": [[83.3186058, 17.7270476], [83.3186043, 17.7267812], [83.3186135, 17.7267282], [83.3186173, 17.726706], [83.3186691, 17.7266307], [83.3188033, 17.726494], [83.3189176, 17.7264798], [83.3192958, 17.7264299]]}}, {"type": "Feature", "id": "way/280237454", "properties": {"osm_id": 280237454, "highway": "residential"}, "geometry": {"type": "LineString", "coordinates": [[83.3144685, 17.7227696], [83.31448, 17.7226736], [83.3145394, 17.7220288], [83.3145508, 17.721977], [83.3145953, 17.7219313], [83.3147536, 17.7218295], [83.3149639, 17.7216932], [83.3151131, 17.7216139], [83.3154793, 17.7213914], [83.315593, 17.7213138]]}}, {"type": "Feature", "id": "way/280237458", "properties": {"osm_id": 280237458, "highway": "residential"}, "geometry": {"type": "LineString", "coordinates": [[83.3151131, 17.7216139], [83.3151375, 17.7224187], [83.3151287, 17.7224568], [83.3151048, 17.7225], [83.315097, 17.7225339], [83.3151003, 17.7228142], [83.3146114, 17.7227853], [83.3144685, 17.7227696]]}}, {"type": "Feature", "id": "way/280237460", "properties": {"osm_id": 280237460, "highway": "service"}, "geometry": {"type": "LineString", "coordinates": [[83.3255991, 17.72494], [83.3247629, 17.7249419], [83.3247156, 17.7249469], [83.3246809, 17.7249708], [83.3246443, 17.7250473], [83.3238637, 17.7250166], [83.3234453, 17.7249323], [83.3229303, 17.7247867], [83.3226862, 17.7246833], [83.3225682, 17.7246334], [83.3221551, 17.7244801]]}}, {"type": "Feature", "id": "way/280237485", "properties": {"osm_id": 280237485, "highway": "residential"}, "geometry": {"type": "LineString", "coordinates": [[83.31552, 17.7273683], [83.315564, 17.7273848], [83.3161997, 17.7276228], [83.3162392, 17.7276593], [83.3162418, 17.7277265], [83.3161518, 17.7280294], [83.3160298, 17.7284341], [83.3159104, 17.728824], [83.3152912, 17.7286635], [83.3151424, 17.7286249], [83.3149557, 17.7285765], [83.3145702, 17.7284766], [83.31452, 17.7284636]]}}, {"type": "Feature", "id": "way/310467292", "properties": {"osm_id": 310467292, "highway": "primary", "name": "Governor Bungalow Road;Waltair Main Road", "oneway": "yes"}, "geometry": {"type": "LineString", "coordinates": [[83.3148354, 17.7209396], [83.3149011, 17.7209664], [83.3150086, 17.7210103], [83.315396, 17.7211976], [83.315593, 17.7213138], [83.3157396, 17.7214307], [83.3158238, 17.7215131], [83.3158457, 17.7215316], [83.3164769, 17.722065], [83.3170066, 17.7224936], [83.3174559, 17.7228724], [83.3176432, 17.7229979], [83.3177183, 17.7230482]]}}, {"type": "Feature", "id": "way/310467616", "properties": {"osm_id": 310467616, "highway": "primary", "name": "Sampath Vinayaka Temple Road", "oneway": "yes", "surface": "asphalt"}, "geometry": {"type": "LineString", "coordinates": [[83.311559, 17.7243478], [83.3119615, 17.7244101], [83.312178, 17.7244458], [83.3125594, 17.7245237], [83.3132579, 17.7246999], [83.313625, 17.7248142], [83.3139404, 17.7249053], [83.314163, 17.7249385], [83.3143696, 17.7249615], [83.3146861, 17.7249794], [83.3152031, 17.7249947], [83.3155471, 17.7250151], [83.3167801, 17.7250535], [83.3168134, 17.7250545], [83.3168684, 17.7250542]]}}, {"type": "Feature", "id": "way/323347807", "properties": {"osm_id": 323347807, "highway": "residential", "source": "Bing"}, "geometry": {"type": "LineString", "coordinates": [[83.3151483, 17.7261734], [83.3151712, 17.7256293], [83.3151994, 17.7250685], [83.3152031, 17.7249947]]}}, {"type": "Feature", "id": "way/372427803", "properties": {"osm_id": 372427803, "highway": "residential", "lane_markings": "no", "surface": "asphalt"}, "geometry": {"type": "LineString", "coordinates": [[83.3159651, 17.7175656], [83.3157184, 17.7175593], [83.3154717, 17.7175623], [83.3152009, 17.7175636], [83.3149242, 17.7175747], [83.3146788, 17.7175913], [83.3143405, 17.7176625], [83.3140399, 17.7177447], [83.3138976, 17.7177983], [83.3139931, 17.7179211], [83.3143842, 17.7183917], [83.3142652, 17.7188826]]}}, {"type": "Feature", "id": "way/372438360", "properties": {"osm_id": 372438360, "highway": "residential"}, "geometry": {"type": "LineString", "coordinates": [[83.3136329, 17.7229753], [83.3136493, 17.7227322], [83.3136426, 17.722689], [83.3136262, 17.7226397], [83.3135548, 17.7225245], [83.3134793, 17.7224272], [83.3133801, 17.7223249], [83.3132278, 17.7222018], [83.313125, 17.7221048], [83.3130208, 17.7219352], [83.3129418, 17.7216997], [83.3128943, 17.7214984], [83.3128737, 17.7213572], [83.3128861, 17.7212858], [83.3129381, 17.7212232], [83.3130534, 17.7211429], [83.313126, 17.7211219], [83.3132188, 17.7211207], [83.3137731, 17.7211965], [83.313919, 17.7211905], [83.3140267, 17.7211725], [83.3140871, 17.7211185], [83.3141508, 17.7210105], [83.3142775, 17.7207045]]}}, {"type": "Feature", "id": "way/372438361", "properties": {"osm_id": 372438361, "highway": "residential"}, "geometry": {"type": "LineString", "coordinates": [[83.3140582, 17.7270118], [83.3143209, 17.7261501]]}}, {"type": "Feature", "id": "way/372438362", "properties": {"osm_id": 372438362, "highway": "residential", "surface": "asphalt"}, "geometry": {"type": "LineString", "coordinates": [[83.3151483, 17.7261734], [83.3163786, 17.7261984], [83.3164533, 17.7262116], [83.3164768, 17.7262226], [83.3165393, 17.7262518]]}}, {"type": "Feature", "id": "way/372438365", "properties": {"osm_id": 372438365, "highway": "residential"}, "geometry": {"type": "LineString", "coordinates": [[83.314731, 17.7200473], [83.3160984, 17.7198136]]}}, {"type": "Feature", "id": "way/372438367", "properties": {"osm_id": 372438367, "highway": "residential"}, "geometry": {"type": "LineString", "coordinates": [[83.3189109, 17.7257182], [83.3186476, 17.7242396], [83.318632, 17.7241519]]}}, {"type": "Feature", "id": "way/372438369", "properties": {"osm_id": 372438369, "highway": "residential"}, "geometry": {"type": "LineString", "coordinates": [[83.319846, 17.725183], [83.3197895, 17.725168], [83.3197546, 17.7251373], [83.3197017, 17.7250055], [83.319518, 17.7244682], [83.3195373, 17.7244143]]}}, {"type": "Feature", "id": "way/372438372", "properties": {"osm_id": 372438372, "highway": "residential"}, "geometry": {"type": "LineString", "coordinates": [[83.3167333, 17.7181112], [83.316434, 17.7184648], [83.3163838, 17.7185097], [83.3163336, 17.7185418], [83.3162244, 17.7185877], [83.3154758, 17.7186103]]}}, {"type": "Feature", "id": "way/372438373", "properties": {"osm_id": 372438373, "highway": "residential"}, "geometry": {"type": "LineString", "coordinates": [[83.315188, 17.7237529], [83.3151747, 17.723231]]}}, {"type": "Feature", "id": "way/372438382", "properties": {"osm_id": 372438382, "highway": "residential"}, "geometry": {"type": "LineString", "coordinates": [[83.3129683, 17.7287669], [83.3129752, 17.7287436], [83.3131318, 17.7282132], [83.3132151, 17.7278625], [83.3132817, 17.7275563], [83.3134516, 17.726948], [83.3136703, 17.7260437], [83.313796, 17.7254707], [83.313928, 17.7249538], [83.3139404, 17.7249053], [83.3139532, 17.7248363]]}}, {"type": "Feature", "id": "way/372449458", "properties": {"osm_id": 372449458, "access": "private", "highway": "service"}, "geometry": {"type": "LineString", "coordinates": [[83.3227547, 17.7259537], [83.3227201, 17.7260092], [83.3227019, 17.7260385], [83.3226491, 17.7261234], [83.3225259, 17.726315], [83.3224209, 17.7264958], [83.3223366, 17.7266283], [83.3223111, 17.7266683], [83.3222169, 17.7267776], [83.3220893, 17.7268376], [83.3219563, 17.7269057], [83.3218832, 17.7269638], [83.3218337, 17.727024], [83.3217831, 17.7271018], [83.3217317, 17.7271796], [83.321677, 17.727247]]}}, {"type": "Feature", "id": "way/372449461", "properties": {"osm_id": 372449461, "highway": "residential"}, "geometry": {"type": "LineString", "coordinates": [[83.3245878, 17.717071], [83.3245342, 17.7171323], [83.3244859, 17.7171502], [83.3244296, 17.7171476], [83.3242311, 17.7170684], [83.3241855, 17.7170786], [83.3241547, 17.7171079], [83.3240084, 17.7174119], [83.323968, 17.7175184], [83.3239391, 17.7176605], [83.3239072, 17.7178642], [83.323904, 17.7180529]]}}, {"type": "Feature", "id": "way/372670076", "properties": {"osm_id": 372670076, "highway": "residential"}, "geometry": {"type": "LineString", "coordinates": [[83.3136826, 17.7285726], [83.3139214, 17.7275745]]}}, {"type": "Feature", "id": "way/393928105", "properties": {"osm_id": 393928105, "access": "private", "highway": "service"}, "geometry": {"type": "LineString", "coordinates": [[83.3194254, 17.7280607], [83.3193627, 17.7280106], [83.3193259, 17.7279931], [83.3192852, 17.7279882], [83.3192514, 17.7279913], [83.3191578, 17.7280818], [83.3191511, 17.7281094], [83.3191556, 17.7281366], [83.3192742, 17.7282412]]}}, {"type": "Feature", "id": "way/393940988", "properties": {"osm_id": 393940988, "access": "private", "highway": "residential"}, "geometry": {"type": "LineString", "coordinates": [[83.3243935, 17.7268913], [83.3243717, 17.7269284], [83.3243603, 17.7269468], [83.3242902, 17.7270598], [83.32426, 17.7271069], [83.3242208, 17.7271717], [83.3241728, 17.7272489], [83.3240825, 17.7274298], [83.3240807, 17.7274621], [83.3240936, 17.72749], [83.3243043, 17.7276282]]}}, {"type": "Feature", "id": "way/393940989", "properties": {"osm_id": 393940989, "access": "private", "highway": "residential"}, "geometry": {"type": "LineString", "coordinates": [[83.3241728, 17.7272489], [83.3243123, 17.7273317], [83.3244553, 17.7274119]]}}, {"type": "Feature", "id": "way/393940990", "properties": {"osm_id": 393940990, "access": "private", "highway": "residential"}, "geometry": {"type": "LineString", "coordinates": [[83.324012, 17.7268934], [83.3241133, 17.7269581], [83.3241948, 17.7270056], [83.3242902, 17.7270598], [83.3244534, 17.7271548], [83.3246151, 17.7272558]]}}, {"type": "Feature", "id": "way/395206976", "properties": {"osm_id": 395206976, "highway": "service"}, "geometry": {"type": "LineString", "coordinates": [[83.3212969, 17.7251654], [83.321331, 17.7250925], [83.3213538, 17.7250437], [83.3214353, 17.7248864], [83.3214772, 17.7248055], [83.3214929, 17.7247753], [83.3215677, 17.7246308], [83.3216714, 17.7244838], [83.3217984, 17.7243294]]}}, {"type": "Feature", "id": "way/395480258", "properties": {"osm_id": 395480258, "highway": "service"}, "geometry": {"type": "LineString", "coordinates": [[83.3221551, 17.7244801], [83.3219701, 17.7244111], [83.3217984, 17.7243294], [83.3217099, 17.7242783], [83.3215731, 17.7242195], [83.3213076, 17.7241199], [83.3210209, 17.7240091], [83.3209375, 17.7239768], [83.3207416, 17.7238797], [83.3205298, 17.7237954], [83.3203581, 17.7236549], [83.3202481, 17.7235348], [83.3201362, 17.7233783], [83.3200389, 17.7232384], [83.319878, 17.7229753], [83.3197278, 17.7227326], [83.3195333, 17.7224573], [83.3195166, 17.7224496], [83.3194884, 17.7224477], [83.3194583, 17.7224598], [83.3192021, 17.7226176], [83.3190573, 17.7226917], [83.3188748, 17.7227862], [83.3187112, 17.7228756], [83.3185741, 17.722965], [83.3184741, 17.7230292], [83.3183722, 17.723083], [83.3182894, 17.7231157], [83.318195, 17.7231343], [83.3180908, 17.7231317]]}}, {"type": "Feature", "id": "way/402865074", "properties": {"osm_id": 402865074, "highway": "service"}, "geometry": {"type": "LineString", "coordinates": [[83.3239147, 17.7224567], [83.3238047, 17.722051], [83.3237873, 17.7220031], [83.3237437, 17.7219564], [83.3238122, 17.7219156], [83.3238745, 17.7218875], [83.3243754, 17.7217751], [83.3244163, 17.7217597], [83.3244324, 17.7217138], [83.3244554, 17.7213978], [83.3244653, 17.7212628], [83.3244637, 17.7211518]]}}, {"type": "Feature", "id": "way/403863603", "properties": {"osm_id": 403863603, "highway": "tertiary", "lanes": "2", "sidewalk": "separate", "surface": "asphalt"}, "geometry": {"type": "LineString", "coordinates": [[83.318382, 17.7181491], [83.3185423, 17.7184268], [83.3189665, 17.7191664], [83.319194, 17.7195949], [83.3195021, 17.7200442], [83.3195703, 17.7201398], [83.3197331, 17.7203686], [83.3198902, 17.720687]]}}, {"type": "Feature", "id": "way/492598842", "properties": {"osm_id": 492598842, "highway": "residential", "source": "Bing"}, "geometry": {"type": "LineString", "coordinates": [[83.3150721, 17.7277222], [83.3151265, 17.7277381], [83.3156, 17.7278767], [83.3161518, 17.7280294]]}}, {"type": "Feature", "id": "way/492598843", "properties": {"osm_id": 492598843, "highway": "secondary", "lanes": "2", "name": "Vip Road", "oneway": "yes", "source": "Bing", "surface": "asphalt"}, "geometry": {"type": "LineString", "coordinates": [[83.3168684, 17.7250542], [83.3168635, 17.7251251], [83.316861, 17.7251771], [83.3168533, 17.7252695], [83.3168235, 17.7253933], [83.3167923, 17.7255423], [83.3167571, 17.7256762], [83.3166665, 17.7259797], [83.3166287, 17.7260822], [83.316582, 17.7261822], [83.3165393, 17.7262518], [83.316166, 17.7265945], [83.3156274, 17.7271499], [83.3155594, 17.7272274], [83.3154222, 17.7273543], [83.3149853, 17.7277105], [83.3148723, 17.7278026], [83.3146792, 17.727961], [83.31458, 17.7280594], [83.3145303, 17.7281271], [83.3144914, 17.7282063], [83.3143645, 17.7286348], [83.3142835, 17.7289648], [83.3141602, 17.7294027], [83.3141418, 17.7294817], [83.3141288, 17.7295169], [83.3140899, 17.7295894], [83.3140577, 17.7296622]]}}, {"type": "Feature", "id": "way/492599514", "properties": {"osm_id": 492599514, "dual_carriageway": "yes", "highway": "primary", "lanes": "2", "name": "Sampath Vinayaka Temple Road", "oneway": "yes", "sidewalk": "separate", "surface": "asphalt"}, "geometry": {"type": "LineString", "coordinates": [[83.3179123, 17.7241609], [83.3178316, 17.7242962], [83.3177968, 17.7243534], [83.3177555, 17.7244192], [83.317485, 17.7247348], [83.3173784, 17.7248389], [83.3172523, 17.7248976], [83.317084, 17.7249376], [83.3170413, 17.7249478], [83.3170002, 17.7249519], [83.3168685, 17.7249582], [83.3168159, 17.7249597], [83.3165013, 17.7249692], [83.3156298, 17.724941], [83.315238, 17.7249283], [83.3146962, 17.7249104], [83.3143743, 17.72489], [83.3139532, 17.7248363], [83.3136404, 17.7247399], [83.3133012, 17.7246339], [83.3129445, 17.7245389], [83.3124641, 17.7244183], [83.3120353, 17.7243345], [83.311513, 17.724275]]}}, {"type": "Feature", "id": "way/509848676", "properties": {"osm_id": 509848676, "access": "private", "highway": "service"}, "geometry": {"type": "LineString", "coordinates": [[83.3215114, 17.7253276], [83.3214984, 17.7253853], [83.3214927, 17.7254107], [83.321491, 17.7255743], [83.3214771, 17.7258649], [83.321454, 17.7263109], [83.3214497, 17.726443], [83.3214479, 17.7265002], [83.3214371, 17.7266088], [83.321397, 17.7267071], [83.3213508, 17.7267688], [83.3212553, 17.7268363], [83.321149, 17.7268803], [83.3210925, 17.7269012], [83.3210181, 17.7269287], [83.3207024, 17.7270289], [83.3205646, 17.7270637], [83.3204761, 17.7271071], [83.3203585, 17.7271924], [83.3202484, 17.7272752], [83.3201866, 17.7273216], [83.3200375, 17.7274319], [83.3195653, 17.727928], [83.3194254, 17.7280607], [83.3193759, 17.7281246], [83.3192742, 17.7282412], [83.3192213, 17.7283105], [83.3191725, 17.7283799], [83.3191034, 17.7284753], [83.3190755, 17.7285163], [83.3190202, 17.7286173], [83.3189695, 17.7287057], [83.318894, 17.7289367], [83.3188555, 17.7290404], [83.3188108, 17.7291852], [83.3187724, 17.7293163], [83.3187475, 17.729476], [83.3187496, 17.7295296], [83.3187581, 17.7295582], [83.3187735, 17.7295846], [83.3188028, 17.7295993], [83.3188675, 17.7296169], [83.3189445, 17.7296316], [83.3191459, 17.729663], [83.3192172, 17.7296741], [83.3195284, 17.7296932], [83.3195924, 17.7296932], [83.3196424, 17.7296932], [83.3196835, 17.7296977], [83.3197128, 17.7297181]]}}, {"type": "Feature", "id": "way/509878649", "properties": {"osm_id": 509878649, "access": "private", "highway": "service"}, "geometry": {"type": "LineString", "coordinates": [[83.3203047, 17.7266121], [83.3203284, 17.7266724], [83.3204289, 17.7267734], [83.3207024, 17.7270289]]}}, {"type": "Feature", "id": "way/509880622", "properties": {"osm_id": 509880622, "access": "private", "highway": "service"}, "geometry": {"type": "LineString", "coordinates": [[83.3208332, 17.7283065], [83.3208035, 17.7282484], [83.3207568, 17.7281168], [83.3207263, 17.7280355], [83.3206937, 17.7279348], [83.3206714, 17.7278496], [83.3206328, 17.7277373], [83.3206002, 17.7276192], [83.320586, 17.7275475], [83.3205352, 17.7274662], [83.3204959, 17.7274029], [83.3203585, 17.7271924]]}}, {"type": "Feature", "id": "way/509880624", "properties": {"osm_id": 509880624, "access": "private", "highway": "service"}, "geometry": {"type": "LineString", "coordinates": [[83.3203585, 17.7271924], [83.3202391, 17.7271695], [83.3201466, 17.7271841], [83.3200886, 17.7272278], [83.3200406, 17.7272784], [83.3200197, 17.7273425], [83.3200375, 17.7274319]]}}, {"type": "Feature", "id": "way/509880626", "properties": {"osm_id": 509880626, "access": "private", "highway": "service"}, "geometry": {"type": "LineString", "coordinates": [[83.3210925, 17.7269012], [83.3210782, 17.7268716], [83.3210619, 17.7268516], [83.3210409, 17.7268316], [83.3210082, 17.726826]]}}, {"type": "Feature", "id": "way/517841645", "properties": {"osm_id": 517841645, "dual_carriageway": "yes", "highway": "tertiary", "name": "Chinna Waltair Main Road", "oneway": "yes", "surface": "asphalt"}, "geometry": {"type": "LineString", "coordinates": [[83.3179588, 17.7229057], [83.3179892, 17.7228615], [83.3180441, 17.7227816], [83.3181072, 17.7226829], [83.3182016, 17.7225646], [83.3182629, 17.722492], [83.3184243, 17.7223652], [83.3189338, 17.721959], [83.3191994, 17.7217572], [83.3194542, 17.7215988], [83.3198136, 17.7213918], [83.3198425, 17.7213723], [83.3199236, 17.7213177], [83.3199826, 17.7212488], [83.3200529, 17.721159]]}}, {"type": "Feature", "id": "way/562027767", "properties": {"osm_id": 562027767, "highway": "service"}, "geometry": {"type": "LineString", "coordinates": [[83.3236955, 17.7197988], [83.3238316, 17.7199291], [83.3239577, 17.7199444], [83.3240837, 17.7198959], [83.3242017, 17.7197451], [83.3242295, 17.7196067]]}}, {"type": "Feature", "id": "way/562027768", "properties": {"osm_id": 562027768, "highway": "service"}, "geometry": {"type": "LineString", "coordinates": [[83.3236613, 17.7186721], [83.3236867, 17.7185456], [83.3236987, 17.7185303], [83.3237216, 17.7185239], [83.3239147, 17.7185865], [83.3240139, 17.7186184], [83.3240756, 17.7186427], [83.3241092, 17.7186746], [83.3241239, 17.7187091], [83.3241467, 17.7187907]]}}, {"type": "Feature", "id": "way/562027769", "properties": {"osm_id": 562027769, "highway": "service"}, "geometry": {"type": "LineString", "coordinates": [[83.3235862, 17.7187488], [83.3236465, 17.718819], [83.3237108, 17.7188573], [83.3237846, 17.7188803], [83.3238382, 17.7188803], [83.3238839, 17.7188649], [83.3240062, 17.7187689], [83.3238128, 17.7187181], [83.3236613, 17.7186721], [83.3235057, 17.7186324], [83.3235862, 17.7187488]]}}, {"type": "Feature", "id": "way/630894959", "properties": {"osm_id": 630894959, "highway": "primary", "name": "Ram Nagar Main Road;Waltair Main Road", "oneway": "yes"}, "geometry": {"type": "LineString", "coordinates": [[83.3124671, 17.7196365], [83.3127594, 17.7198295], [83.3130107, 17.7200022], [83.3131068, 17.7200683], [83.3133911, 17.7202587], [83.3136338, 17.7204018], [83.3137564, 17.7204594], [83.3142775, 17.7207045], [83.3147172, 17.7208898], [83.3148354, 17.7209396]]}}, {"type": "Feature", "id": "way/630894960", "properties": {"osm_id": 630894960, "highway": "primary", "name": "Waltair Main Road", "oneway": "yes"}, "geometry": {"type": "LineString", "coordinates": [[83.3178088, 17.7228552], [83.3177138, 17.7228293], [83.3176919, 17.722826], [83.3175839, 17.7228017], [83.3175012, 17.7227675], [83.3174303, 17.7227201], [83.3173593, 17.7226635], [83.3170716, 17.722416], [83.3166973, 17.722106], [83.3159201, 17.7214449], [83.3157851, 17.7213318], [83.3156736, 17.7212424], [83.315603, 17.7211977], [83.315518, 17.7211514], [83.3154027, 17.7210903], [83.3152807, 17.7210328], [83.3151657, 17.7209785], [83.3151264, 17.72096], [83.3149398, 17.720877], [83.3148549, 17.7208393], [83.3147535, 17.7208003], [83.3143057, 17.7206279], [83.3138537, 17.7204158], [83.3136767, 17.7203264], [83.3134286, 17.7201731], [83.3130772, 17.7199521], [83.3125113, 17.719574], [83.3120929, 17.7192987], [83.3116605, 17.7190135], [83.3116172, 17.7189849], [83.3112969, 17.7187749], [83.3109724, 17.7185571], [83.3105788, 17.7183118], [83.3105435, 17.7182894], [83.3101885, 17.718064], [83.3100474, 17.7179831], [83.3098479, 17.7178826], [83.3096981, 17.7178196], [83.3096189, 17.7177863]]}}, {"type": "Feature", "id": "way/630894961", "properties": {"osm_id": 630894961, "dual_carriageway": "yes", "highway": "primary", "lanes": "2", "oneway": "yes", "sidewalk": "separate", "surface": "asphalt"}, "geometry": {"type": "LineString", "coordinates": [[83.3322389, 17.7317735], [83.3321424, 17.7317325], [83.3320574, 17.7316889], [83.331158, 17.7311374], [83.3303654, 17.7306571], [83.3296543, 17.7301756], [83.3293363, 17.7299673], [83.3292885, 17.7299332], [83.3292549, 17.7299101], [83.3292141, 17.7298822], [83.329078, 17.729791], [83.3290227, 17.729753], [83.328774, 17.7295829], [83.3282172, 17.7292227], [83.327717, 17.7289152], [83.3271803, 17.7285665], [83.3265891, 17.7281914], [83.3263747, 17.7280506], [83.3260564, 17.7278416], [83.3258389, 17.7277057], [83.3257745, 17.7276655], [83.3257282, 17.7276365], [83.325647, 17.7275858], [83.3254248, 17.7274469], [83.3249782, 17.7271659], [83.3241762, 17.7266902], [83.3241611, 17.7266812], [83.3241003, 17.7266455], [83.3240796, 17.7266328], [83.3236733, 17.726393], [83.3232053, 17.7261312], [83.3227681, 17.7258923], [83.322292, 17.7256202], [83.3221136, 17.7255218], [83.3218977, 17.7254158], [83.3216482, 17.7253047], [83.3212969, 17.7251654], [83.3210944, 17.7250926], [83.3207953, 17.7249738], [83.3204144, 17.7247962], [83.3200631, 17.7246302], [83.3200082, 17.7246006], [83.3195347, 17.7243453], [83.3190049, 17.7240055], [83.3188413, 17.7239071], [83.3187911, 17.723868]]}}, {"type": "Feature", "id": "way/633156222", "properties": {"osm_id": 633156222, "highway": "service"}, "geometry": {"type": "LineString", "coordinates": [[83.3219701, 17.7189978], [83.3222901, 17.7191171], [83.3223664, 17.719096], [83.3226011, 17.7191088], [83.3227927, 17.7191363], [83.3229329, 17.719099], [83.3231679, 17.7188968], [83.3233447, 17.7185904]]}}, {"type": "Feature", "id": "way/633156223", "properties": {"osm_id": 633156223, "highway": "service"}, "geometry": {"type": "LineString", "coordinates": [[83.3213543, 17.7187946], [83.3214632, 17.7187756], [83.3215839, 17.7187858], [83.3217233, 17.7188139], [83.3218306, 17.7188471], [83.3218977, 17.7189007], [83.3219701, 17.7189978], [83.3218923, 17.7191665], [83.3219057, 17.7193274], [83.3220116, 17.719477]]}}, {"type": "Feature", "id": "way/633156224", "properties": {"osm_id": 633156224, "highway": "service"}, "geometry": {"type": "LineString", "coordinates": [[83.3197519, 17.7190387], [83.3200162, 17.7190634], [83.320114, 17.7190847]]}}, {"type": "Feature", "id": "way/633156225", "properties": {"osm_id": 633156225, "highway": "service"}, "geometry": {"type": "LineString", "coordinates": [[83.319194, 17.7195949], [83.3192767, 17.7195873], [83.3198766, 17.7195318], [83.3199102, 17.7195254], [83.3199343, 17.7195063], [83.319953, 17.7194731], [83.3199611, 17.7194424], [83.3200162, 17.7190634], [83.3200497, 17.7189097], [83.320118, 17.7186912]]}}, {"type": "Feature", "id": "way/633156229", "properties": {"osm_id": 633156229, "highway": "service"}, "geometry": {"type": "LineString", "coordinates": [[83.3169396, 17.7205321], [83.3172269, 17.7204153], [83.3174613, 17.7203264]]}}, {"type": "Feature", "id": "way/633156230", "properties": {"osm_id": 633156230, "highway": "service", "oneway": "yes"}, "geometry": {"type": "LineString", "coordinates": [[83.3159064, 17.7207988], [83.3156225, 17.7208276], [83.3154341, 17.7208503], [83.315355, 17.7208639], [83.3152915, 17.7208878], [83.3152543, 17.7209146], [83.3151657, 17.7209785]]}}, {"type": "Feature", "id": "way/633156231", "properties": {"osm_id": 633156231, "highway": "service", "oneway": "yes"}, "geometry": {"type": "LineString", "coordinates": [[83.3152807, 17.7210328], [83.3153699, 17.7209766], [83.3153759, 17.7209728], [83.3154698, 17.7209511], [83.3159204, 17.7209613]]}}, {"type": "Feature", "id": "way/633156232", "properties": {"osm_id": 633156232, "highway": "service"}, "geometry": {"type": "LineString", "coordinates": [[83.3159064, 17.7207988], [83.3159164, 17.7208841], [83.3159204, 17.7209613], [83.3161269, 17.7210226], [83.3161799, 17.721029], [83.3162369, 17.7210278]]}}, {"type": "Feature", "id": "way/633156233", "properties": {"osm_id": 633156233, "highway": "service"}, "geometry": {"type": "LineString", "coordinates": [[83.3167385, 17.7202715], [83.3169396, 17.7205321], [83.3168869, 17.720559], [83.3168359, 17.7205688], [83.3167895, 17.7205623], [83.3165962, 17.7205142], [83.3165183, 17.7205078], [83.3164482, 17.7205133], [83.3163772, 17.7205413], [83.3163243, 17.7205828], [83.3162903, 17.7206233], [83.3162652, 17.7206736], [83.3162135, 17.7207024], [83.3161488, 17.7207252], [83.3159064, 17.7207988]]}}, {"type": "Feature", "id": "way/633156234", "properties": {"osm_id": 633156234, "highway": "service", "oneway": "yes"}, "geometry": {"type": "LineString", "coordinates": [[83.3167385, 17.7202715], [83.3167525, 17.7202533], [83.3167582, 17.7202314], [83.3167547, 17.7202091], [83.3167425, 17.7201897], [83.3167234, 17.7201763], [83.3167004, 17.7201709], [83.316677, 17.7201742], [83.3166566, 17.7201859]]}}, {"type": "Feature", "id": "way/633156235", "properties": {"osm_id": 633156235, "highway": "service"}, "geometry": {"type": "LineString", "coordinates": [[83.3172682, 17.7188445], [83.3172714, 17.7189655], [83.317267, 17.7190041], [83.3172284, 17.7190283], [83.3164174, 17.7192964], [83.3163771, 17.7193298], [83.3163187, 17.7193811], [83.3162877, 17.7194694], [83.3162614, 17.719591], [83.3162609, 17.7196737], [83.3162648, 17.7197036], [83.3162836, 17.7197476], [83.316347, 17.7198257], [83.3166379, 17.7201629], [83.3166566, 17.7201859]]}}, {"type": "Feature", "id": "way/633156236", "properties": {"osm_id": 633156236, "highway": "service", "oneway": "yes"}, "geometry": {"type": "LineString", "coordinates": [[83.3178165, 17.7183325], [83.3176017, 17.718512], [83.3172789, 17.718773], [83.3172682, 17.7188445]]}}, {"type": "Feature", "id": "way/633156237", "properties": {"osm_id": 633156237, "highway": "service", "oneway": "yes"}, "geometry": {"type": "LineString", "coordinates": [[83.3172682, 17.7188445], [83.3173352, 17.718842], [83.3176944, 17.7185294], [83.3178708, 17.7183903]]}}, {"type": "Feature", "id": "way/633156238", "properties": {"osm_id": 633156238, "highway": "residential"}, "geometry": {"type": "LineString", "coordinates": [[83.3155846, 17.7193701], [83.3155963, 17.7196104], [83.3156119, 17.7196519], [83.3156508, 17.7196775], [83.3157155, 17.7196794], [83.3159304, 17.7196554], [83.3160129, 17.7196315], [83.3160525, 17.7195951], [83.3160636, 17.7195455], [83.3160446, 17.7193296]]}}, {"type": "Feature", "id": "way/633156239", "properties": {"osm_id": 633156239, "highway": "residential"}, "geometry": {"type": "LineString", "coordinates": [[83.3143842, 17.7183917], [83.3144658, 17.7182852], [83.3145105, 17.7182361], [83.3145681, 17.7182073], [83.3146295, 17.7181997], [83.3151543, 17.7182799]]}}, {"type": "Feature", "id": "way/633156240", "properties": {"osm_id": 633156240, "highway": "residential"}, "geometry": {"type": "LineString", "coordinates": [[83.31525, 17.7192537], [83.3152195, 17.7187657], [83.3152234, 17.7186964], [83.3152309, 17.7186657], [83.3152459, 17.7186421], [83.3152927, 17.7186266], [83.3153544, 17.7186206], [83.3154758, 17.7186103]]}}, {"type": "Feature", "id": "way/633156241", "properties": {"osm_id": 633156241, "highway": "residential"}, "geometry": {"type": "LineString", "coordinates": [[83.3154161, 17.7191904], [83.3154352, 17.7193091], [83.3154524, 17.719348], [83.3155008, 17.7193678], [83.3155846, 17.7193701], [83.3160446, 17.7193296], [83.3160937, 17.7193053], [83.3161283, 17.7192776], [83.3161825, 17.7192014], [83.3162194, 17.7191103], [83.3162304, 17.7190601], [83.3162324, 17.7190048], [83.3162244, 17.7185877]]}}, {"type": "Feature", "id": "way/633156242", "properties": {"osm_id": 633156242, "highway": "residential"}, "geometry": {"type": "LineString", "coordinates": [[83.3145681, 17.7195722], [83.31525, 17.7192537], [83.3154161, 17.7191904], [83.3154825, 17.7191416], [83.3154996, 17.7191059], [83.3155055, 17.7190689], [83.3154758, 17.7186103]]}}, {"type": "Feature", "id": "way/633156243", "properties": {"osm_id": 633156243, "highway": "service"}, "geometry": {"type": "LineString", "coordinates": [[83.3197117, 17.7182186], [83.3196218, 17.7180985], [83.31954, 17.718004], [83.3194596, 17.7179324], [83.3193885, 17.7178954], [83.319304, 17.7178698], [83.3191846, 17.7178379], [83.3191444, 17.7178124], [83.3190998, 17.7177676], [83.3190698, 17.7177362]]}}, {"type": "Feature", "id": "way/635177271", "properties": {"osm_id": 635177271, "highway": "tertiary", "oneway": "yes"}, "geometry": {"type": "LineString", "coordinates": [[83.3159201, 17.7214449], [83.3159762, 17.7214121], [83.3160383, 17.7213758], [83.3162189, 17.721272]]}}, {"type": "Feature", "id": "way/635177272", "properties": {"osm_id": 635177272, "highway": "tertiary", "oneway": "yes"}, "geometry": {"type": "LineString", "coordinates": [[83.3162189, 17.721272], [83.3159402, 17.7212266], [83.3157454, 17.7211957], [83.3156981, 17.7211865], [83.315518, 17.7211514]]}}, {"type": "Feature", "id": "way/635177273", "properties": {"osm_id": 635177273, "highway": "residential", "source": "Bing"}, "geometry": {"type": "LineString", "coordinates": [[83.318207, 17.7181124], [83.3181169, 17.7182729], [83.3180395, 17.7184096], [83.3179866, 17.7185084]]}}, {"type": "Feature", "id": "way/635177275", "properties": {"osm_id": 635177275, "highway": "primary", "oneway": "yes"}, "geometry": {"type": "LineString", "coordinates": [[83.3179123, 17.7241609], [83.3179582, 17.7242368], [83.3179846, 17.7242746], [83.3180109, 17.7243099], [83.3180315, 17.7243351]]}}, {"type": "Feature", "id": "way/672648882", "properties": {"osm_id": 672648882, "highway": "tertiary", "oneway": "yes", "surface": "asphalt"}, "geometry": {"type": "LineString", "coordinates": [[83.3200231, 17.7208637], [83.3199915, 17.7208165], [83.3198902, 17.720687]]}}, {"type": "Feature", "id": "way/672648884", "properties": {"osm_id": 672648884, "highway": "tertiary", "oneway": "yes", "surface": "asphalt"}, "geometry": {"type": "LineString", "coordinates": [[83.3198902, 17.720687], [83.3198642, 17.7208602], [83.3198734, 17.7209259]]}}, {"type": "Feature", "id": "way/672648886", "properties": {"osm_id": 672648886, "dual_carriageway": "yes", "highway": "tertiary", "oneway": "yes", "surface": "asphalt"}, "geometry": {"type": "LineString", "coordinates": [[83.3193571, 17.7210079], [83.3195227, 17.7210624], [83.3196473, 17.7210967], [83.3197143, 17.7211018], [83.3197509, 17.7210984], [83.3197827, 17.7210955], [83.3198593, 17.7210837]]}}, {"type": "Feature", "id": "way/672648887", "properties": {"osm_id": 672648887, "dual_carriageway": "yes", "highway": "tertiary", "oneway": "yes", "surface": "asphalt"}, "geometry": {"type": "LineString", "coordinates": [[83.319858, 17.7209509], [83.3197683, 17.7209717], [83.3196862, 17.7209907], [83.319595, 17.7209957], [83.319477, 17.7209817], [83.3193571, 17.7210079]]}}, {"type": "Feature", "id": "way/672648888", "properties": {"osm_id": 672648888, "highway": "service"}, "geometry": {"type": "LineString", "coordinates": [[83.3208005, 17.7210126], [83.3207773, 17.7209307]]}}, {"type": "Feature", "id": "way/672648889", "properties": {"osm_id": 672648889, "highway": "service", "oneway": "yes"}, "geometry": {"type": "LineString", "coordinates": [[83.3207773, 17.7209307], [83.3207537, 17.7208451], [83.3207417, 17.7207889], [83.3207362, 17.7207365], [83.3207356, 17.7205889], [83.3207323, 17.7205487], [83.3207216, 17.720527], [83.3206974, 17.720513], [83.3204399, 17.7204746], [83.3203433, 17.7204695], [83.3202883, 17.7204708], [83.320236, 17.7204797], [83.3201864, 17.7205091], [83.3201609, 17.7205423], [83.3201703, 17.7205934], [83.3202119, 17.7206778], [83.3202441, 17.720725], [83.3202683, 17.7207454], [83.320291, 17.720762], [83.3203058, 17.7207824], [83.3203112, 17.7208144], [83.3203045, 17.720877], [83.3202925, 17.7209444]]}}, {"type": "Feature", "id": "way/672648890", "properties": {"osm_id": 672648890, "dual_carriageway": "yes", "highway": "tertiary", "name": "Chinna Waltair Main Road", "oneway": "yes", "surface": "asphalt"}, "geometry": {"type": "LineString", "coordinates": [[83.3215332, 17.7207807], [83.3207773, 17.7209307], [83.320692, 17.7209462]]}}, {"type": "Feature", "id": "way/672648891", "properties": {"osm_id": 672648891, "dual_carriageway": "yes", "highway": "tertiary", "name": "Chinna Waltair Main Road", "oneway": "yes", "surface": "asphalt"}, "geometry": {"type": "LineString", "coordinates": [[83.3208005, 17.7210126], [83.3210689, 17.7209505], [83.3211735, 17.7209268], [83.3212861, 17.7209007], [83.321484, 17.7208706], [83.3215393, 17.720862], [83.3217434, 17.7208521]]}}, {"type": "Feature", "id": "way/672648892", "properties": {"osm_id": 672648892, "dual_carriageway": "yes", "highway": "tertiary", "name": "Chinna Waltair Main Road", "oneway": "yes", "surface": "asphalt"}, "geometry": {"type": "LineString", "coordinates": [[83.320692, 17.7209462], [83.3205808, 17.7209575], [83.3204428, 17.7209581], [83.3202925, 17.7209444], [83.3202137, 17.7209283], [83.3201223, 17.7209097]]}}, {"type": "Feature", "id": "way/729011159", "properties": {"osm_id": 729011159, "dual_carriageway": "yes", "highway": "tertiary", "name": "Chinna Waltair Main Road", "oneway": "yes", "surface": "asphalt"}, "geometry": {"type": "LineString", "coordinates": [[83.3200966, 17.7211377], [83.320226, 17.7211271], [83.320346, 17.7211172], [83.3205727, 17.7210634], [83.3208005, 17.7210126]]}}, {"type": "Feature", "id": "way/729769311", "properties": {"osm_id": 729769311, "highway": "service"}, "geometry": {"type": "LineString", "coordinates": [[83.3148478, 17.7206865], [83.3146785, 17.7205941], [83.3145404, 17.7204823], [83.3144572, 17.7203929], [83.3143795, 17.7202702], [83.3142883, 17.7201067], [83.3142266, 17.7199917], [83.3141239, 17.7198169], [83.3140827, 17.7197501], [83.3140281, 17.7196775], [83.3139551, 17.7195743], [83.3139074, 17.7195037], [83.3138723, 17.7194255], [83.3138447, 17.719344], [83.3138273, 17.7192787], [83.313812, 17.7191719], [83.3137892, 17.7189217], [83.3137737, 17.7188556], [83.3137563, 17.7187982], [83.313734, 17.718753], [83.3137061, 17.7187104], [83.3136642, 17.7186861], [83.3136282, 17.7186766], [83.3135562, 17.7186728], [83.3134922, 17.7186709], [83.3132962, 17.7186861]]}}, {"type": "Feature", "id": "way/729773121", "properties": {"osm_id": 729773121, "highway": "residential"}, "geometry": {"type": "LineString", "coordinates": [[83.3206584, 17.7249893], [83.3206396, 17.7250463], [83.3203855, 17.7258183]]}}, {"type": "Feature", "id": "way/730923316", "properties": {"osm_id": 730923316, "highway": "service"}, "geometry": {"type": "LineString", "coordinates": [[83.3186891, 17.7220398], [83.318609, 17.722006], [83.3185618, 17.7219981], [83.3185194, 17.7220025], [83.3184803, 17.7220264], [83.3183258, 17.72217], [83.3182888, 17.7222199], [83.3182713, 17.7222631], [83.31828, 17.7223007], [83.3183144, 17.7223413]]}}, {"type": "Feature", "id": "way/730936888", "properties": {"osm_id": 730936888, "highway": "service"}, "geometry": {"type": "LineString", "coordinates": [[83.3189665, 17.7191664], [83.3189074, 17.7191896], [83.3186737, 17.7192814], [83.3186227, 17.7192866], [83.3185396, 17.7188369]]}}, {"type": "Feature", "id": "way/742069267", "properties": {"osm_id": 742069267, "highway": "service"}, "geometry": {"type": "LineString", "coordinates": [[83.3158979, 17.7269852], [83.3159678, 17.727017], [83.3159861, 17.7270254], [83.3161253, 17.7270773], [83.3161926, 17.7270969], [83.3162208, 17.7271046], [83.3162718, 17.7271071], [83.3163379, 17.7270969], [83.3165108, 17.7270491], [83.3165449, 17.7270491], [83.3165742, 17.7270716], [83.3165867, 17.727099], [83.3167035, 17.7277446]]}}, {"type": "Feature", "id": "way/742360163", "properties": {"osm_id": 742360163, "highway": "service"}, "geometry": {"type": "LineString", "coordinates": [[83.321965, 17.720976], [83.3220479, 17.7210303], [83.3221512, 17.7210776], [83.3222491, 17.7211108], [83.3223657, 17.7211325], [83.322465, 17.7211402], [83.3226138, 17.7211287], [83.3227989, 17.7210827], [83.3229147, 17.721052]]}}, {"type": "Feature", "id": "way/742360164", "properties": {"osm_id": 742360164, "highway": "service"}, "geometry": {"type": "LineString", "coordinates": [[83.322186, 17.7220408], [83.3219808, 17.7220037], [83.3219419, 17.7219641], [83.3219232, 17.7219335], [83.3219205, 17.72189], [83.3219205, 17.7217125], [83.321949, 17.7212536], [83.3219527, 17.7211938], [83.321965, 17.720976], [83.3219673, 17.7208548]]}}, {"type": "Feature", "id": "way/776284893", "properties": {"osm_id": 776284893, "highway": "service"}, "geometry": {"type": "LineString", "coordinates": [[83.3241612, 17.7258274], [83.3243291, 17.7258693], [83.3243538, 17.7258758], [83.3244213, 17.7259001]]}}, {"type": "Feature", "id": "way/776284894", "properties": {"osm_id": 776284894, "highway": "service"}, "geometry": {"type": "LineString", "coordinates": [[83.3240361, 17.7257703], [83.3240133, 17.7258156], [83.3240149, 17.7258617], [83.3240408, 17.7258929], [83.324081, 17.7259038], [83.3241136, 17.7258978], [83.3241447, 17.7258642], [83.3241612, 17.7258274], [83.3240361, 17.7257703]]}}, {"type": "Feature", "id": "way/776284895", "properties": {"osm_id": 776284895, "highway": "service"}, "geometry": {"type": "LineString", "coordinates": [[83.3230322, 17.7254631], [83.3232066, 17.725495], [83.3233018, 17.7255116], [83.3234185, 17.7255346], [83.3236532, 17.725601], [83.323959, 17.7257211], [83.3240361, 17.7257703]]}}, {"type": "Feature", "id": "way/880469652", "properties": {"osm_id": 880469652, "access": "private", "highway": "service", "source": "maxar"}, "geometry": {"type": "LineString", "coordinates": [[83.3229826, 17.7266677], [83.3231563, 17.7262929], [83.3231691, 17.7262653], [83.3231965, 17.726206]]}}, {"type": "Feature", "id": "way/880469653", "properties": {"osm_id": 880469653, "access": "private", "highway": "residential", "source": "maxar"}, "geometry": {"type": "LineString", "coordinates": [[83.3232817, 17.7272681], [83.3232643, 17.727171], [83.3232616, 17.7271122], [83.3232737, 17.7270522], [83.3233193, 17.7269308], [83.3233769, 17.7267878], [83.3234011, 17.7267175], [83.3234064, 17.726669], [83.3234011, 17.7266025], [83.3233863, 17.7265144], [83.3233823, 17.7264544], [83.3233823, 17.7264122], [83.3233835, 17.7263984], [83.3233875, 17.7263832], [83.3233917, 17.7263598], [83.3234073, 17.7263264]]}}, {"type": "Feature", "id": "way/880469654", "properties": {"osm_id": 880469654, "access": "private", "highway": "service", "source": "maxar"}, "geometry": {"type": "LineString", "coordinates": [[83.3219138, 17.7264582], [83.3214497, 17.726443]]}}, {"type": "Feature", "id": "way/880469655", "properties": {"osm_id": 880469655, "access": "private", "highway": "service", "source": "maxar"}, "geometry": {"type": "LineString", "coordinates": [[83.3216295, 17.7269232], [83.3216268, 17.7268235], [83.3216348, 17.7267737], [83.321659, 17.726729], [83.321722, 17.7266932], [83.32184, 17.7266639], [83.3219795, 17.7266409], [83.3222128, 17.7266358], [83.3222933, 17.7266281], [83.3223366, 17.7266283]]}}, {"type": "Feature", "id": "way/880469656", "properties": {"osm_id": 880469656, "access": "private", "highway": "service", "source": "maxar"}, "geometry": {"type": "LineString", "coordinates": [[83.3218337, 17.727024], [83.321895, 17.7270381], [83.32195, 17.7270445], [83.3220962, 17.7270305], [83.3221498, 17.7270215], [83.3221766, 17.7270088], [83.3221941, 17.7269832], [83.3222115, 17.7269308], [83.3222169, 17.7267776]]}}, {"type": "Feature", "id": "way/880469657", "properties": {"osm_id": 880469657, "highway": "service", "source": "maxar"}, "geometry": {"type": "LineString", "coordinates": [[83.3193254, 17.7270433], [83.3194113, 17.7270381], [83.3194998, 17.7270126], [83.3196071, 17.7269641], [83.3197358, 17.7268619], [83.3198699, 17.7267316], [83.3198994, 17.7266856], [83.3199048, 17.7266319], [83.3198887, 17.7265732], [83.3198217, 17.7264659], [83.3197385, 17.7263841], [83.3196956, 17.7263637], [83.3196607, 17.7263547], [83.3196151, 17.7263534], [83.3195481, 17.7263764]]}}, {"type": "Feature", "id": "way/880469658", "properties": {"osm_id": 880469658, "highway": "service", "source": "maxar"}, "geometry": {"type": "LineString", "coordinates": [[83.3194515, 17.7262742], [83.3195481, 17.7263764], [83.3195025, 17.7264531], [83.3194676, 17.726517], [83.3194354, 17.7265681], [83.3193818, 17.7266191], [83.3192959, 17.7266575], [83.3192101, 17.726683], [83.3191444, 17.7267264], [83.3191243, 17.7267597], [83.3191135, 17.7268159], [83.3191243, 17.7268976], [83.3191699, 17.7269641], [83.319245, 17.7270177], [83.3193254, 17.7270433]]}}, {"type": "Feature", "id": "way/880478686", "properties": {"osm_id": 880478686, "access": "private", "highway": "service", "source": "maxar"}, "geometry": {"type": "LineString", "coordinates": [[83.3239925, 17.722539], [83.3244596, 17.7219873], [83.3244431, 17.7219028], [83.3244163, 17.7217597]]}}, {"type": "Feature", "id": "way/880478689", "properties": {"osm_id": 880478689, "access": "private", "highway": "service", "source": "maxar"}, "geometry": {"type": "LineString", "coordinates": [[83.3244596, 17.7219873], [83.3247687, 17.7216919], [83.3250546, 17.7214123], [83.3251317, 17.7213116]]}}, {"type": "Feature", "id": "way/880478690", "properties": {"osm_id": 880478690, "highway": "service", "source": "maxar"}, "geometry": {"type": "LineString", "coordinates": [[83.3228636, 17.7218821], [83.323684, 17.7219386], [83.3237437, 17.7219564]]}}, {"type": "Feature", "id": "way/880478691", "properties": {"osm_id": 880478691, "highway": "service", "source": "maxar"}, "geometry": {"type": "LineString", "coordinates": [[83.3197895, 17.724224], [83.3206984, 17.7246861], [83.3209401, 17.724809], [83.320971, 17.7248167], [83.3210072, 17.7248065], [83.3210354, 17.7247771], [83.3210823, 17.7247362], [83.3211359, 17.7247043], [83.3212124, 17.7246787], [83.3212714, 17.7246787], [83.3213465, 17.7247004], [83.3214929, 17.7247753]]}}, {"type": "Feature", "id": "way/880478692", "properties": {"osm_id": 880478692, "highway": "service", "source": "maxar"}, "geometry": {"type": "LineString", "coordinates": [[83.3217072, 17.7229299], [83.32215, 17.7229504]]}}, {"type": "Feature", "id": "way/880478693", "properties": {"osm_id": 880478693, "highway": "service", "source": "maxar"}, "geometry": {"type": "LineString", "coordinates": [[83.3227561, 17.7234493], [83.3226943, 17.7231471], [83.322638, 17.7228814]]}}, {"type": "Feature", "id": "way/880478694", "properties": {"osm_id": 880478694, "highway": "service", "source": "maxar"}, "geometry": {"type": "LineString", "coordinates": [[83.3231208, 17.7230985], [83.3230805, 17.722958], [83.3230618, 17.722866], [83.3230511, 17.7228165]]}}, {"type": "Feature", "id": "way/880478695", "properties": {"osm_id": 880478695, "highway": "service", "source": "maxar"}, "geometry": {"type": "LineString", "coordinates": [[83.3221521, 17.7228966], [83.3225763, 17.722889], [83.322638, 17.7228814], [83.3228096, 17.7228456], [83.3230188, 17.7228175], [83.3230511, 17.7228165], [83.3230993, 17.7228149], [83.3231771, 17.7228175], [83.3232307, 17.7228405], [83.3232656, 17.7228711], [83.3232897, 17.7229069], [83.3232924, 17.7229478]]}}, {"type": "Feature", "id": "way/880478696", "properties": {"osm_id": 880478696, "highway": "service", "source": "maxar"}, "geometry": {"type": "LineString", "coordinates": [[83.3221289, 17.7235153], [83.3227561, 17.7234493], [83.3228365, 17.7234409], [83.3229196, 17.723423], [83.3229572, 17.7234026], [83.3230054, 17.723354], [83.3230752, 17.7232109], [83.3231208, 17.7230985], [83.3231422, 17.7230372], [83.323169, 17.7230014], [83.3232254, 17.7229631], [83.3232924, 17.7229478], [83.3233809, 17.7229503], [83.3234319, 17.7229452], [83.3234775, 17.7229299], [83.3235124, 17.7228967], [83.3235848, 17.7228073]]}}, {"type": "Feature", "id": "way/880478697", "properties": {"osm_id": 880478697, "highway": "service", "source": "maxar"}, "geometry": {"type": "LineString", "coordinates": [[83.3214353, 17.7248864], [83.322469, 17.7253928], [83.3225656, 17.7254311], [83.3226594, 17.7254465], [83.3228016, 17.7254465], [83.3229116, 17.7254516], [83.3230322, 17.7254631]]}}, {"type": "Feature", "id": "way/880478698", "properties": {"osm_id": 880478698, "highway": "service", "source": "maxar"}, "geometry": {"type": "LineString", "coordinates": [[83.3224958, 17.725076], [83.3226862, 17.7246833]]}}, {"type": "Feature", "id": "way/880478699", "properties": {"osm_id": 880478699, "highway": "service", "source": "maxar"}, "geometry": {"type": "LineString", "coordinates": [[83.3194274, 17.7237858], [83.3197814, 17.7235661], [83.3201362, 17.7233783]]}}, {"type": "Feature", "id": "way/880478700", "properties": {"osm_id": 880478700, "highway": "service", "source": "maxar"}, "geometry": {"type": "LineString", "coordinates": [[83.3194155, 17.7232328], [83.3190573, 17.7226917]]}}, {"type": "Feature", "id": "way/880478701", "properties": {"osm_id": 880478701, "highway": "service", "source": "maxar"}, "geometry": {"type": "LineString", "coordinates": [[83.3187112, 17.7228756], [83.3190063, 17.723377], [83.3190411, 17.7234], [83.3190867, 17.7234026], [83.3191243, 17.7233949], [83.3194155, 17.7232328], [83.319878, 17.7229753]]}}, {"type": "Feature", "id": "way/880490189", "properties": {"osm_id": 880490189, "highway": "service", "source": "maxar"}, "geometry": {"type": "LineString", "coordinates": [[83.3185154, 17.7198921], [83.318738, 17.7197643], [83.3188507, 17.7197209], [83.3189097, 17.7197183], [83.3189848, 17.7197183], [83.319076, 17.7196902], [83.3191413, 17.7196417], [83.319194, 17.7195949]]}}, {"type": "Feature", "id": "way/880516921", "properties": {"osm_id": 880516921, "highway": "service", "source": "maxar"}, "geometry": {"type": "LineString", "coordinates": [[83.3206984, 17.7246861], [83.3210209, 17.7240091]]}}, {"type": "Feature", "id": "way/880516922", "properties": {"osm_id": 880516922, "highway": "service", "source": "maxar"}, "geometry": {"type": "LineString", "coordinates": [[83.3196855, 17.7223335], [83.3195437, 17.7224128], [83.3194884, 17.7224477]]}}, {"type": "Feature", "id": "way/880516923", "properties": {"osm_id": 880516923, "highway": "service", "oneway": "yes", "source": "maxar"}, "geometry": {"type": "LineString", "coordinates": [[83.3228786, 17.7208087], [83.3228491, 17.7207787], [83.3227779, 17.72074], [83.3226479, 17.7207109], [83.3225218, 17.7207051], [83.322408, 17.7207245], [83.322347, 17.7207497], [83.3223193, 17.7207877]]}}, {"type": "Feature", "id": "way/880516924", "properties": {"osm_id": 880516924, "highway": "service", "source": "maxar"}, "geometry": {"type": "LineString", "coordinates": [[83.323259, 17.7211668], [83.3232301, 17.7211839], [83.3232084, 17.7212088], [83.323196, 17.721239], [83.3231942, 17.7212713], [83.3232043, 17.7213047], [83.3232256, 17.7213328], [83.3232557, 17.7213525], [83.3232909, 17.7213613], [83.3233272, 17.7213583]]}}, {"type": "Feature", "id": "way/880516925", "properties": {"osm_id": 880516925, "highway": "service", "source": "maxar"}, "geometry": {"type": "LineString", "coordinates": [[83.3233272, 17.7213583], [83.3233603, 17.7213438], [83.3233864, 17.7213196], [83.3234023, 17.7212883], [83.3234063, 17.7212562], [83.3233995, 17.7212244], [83.3233826, 17.7211964], [83.3233572, 17.7211748], [83.3233259, 17.721162], [83.323292, 17.7211592], [83.323259, 17.7211668]]}}, {"type": "Feature", "id": "way/880516926", "properties": {"osm_id": 880516926, "highway": "service", "source": "maxar"}, "geometry": {"type": "LineString", "coordinates": [[83.323259, 17.7211668], [83.3232746, 17.7211139], [83.3232799, 17.7210769], [83.3232864, 17.720899]]}}, {"type": "Feature", "id": "way/880516927", "properties": {"osm_id": 880516927, "highway": "service", "source": "maxar"}, "geometry": {"type": "LineString", "coordinates": [[83.3240366, 17.7210506], [83.3240693, 17.7213375], [83.3240835, 17.7213685], [83.3241099, 17.7213859], [83.3241486, 17.7213898], [83.3244554, 17.7213978]]}}, {"type": "Feature", "id": "way/880516933", "properties": {"osm_id": 880516933, "highway": "service"}, "geometry": {"type": "LineString", "coordinates": [[83.3244715, 17.7259835], [83.3243241, 17.7263327]]}}, {"type": "Feature", "id": "way/880516934", "properties": {"osm_id": 880516934, "highway": "service", "junction": "roundabout", "source": "maxar"}, "geometry": {"type": "LineString", "coordinates": [[83.3244717, 17.7258526], [83.3244493, 17.7258624], [83.3244319, 17.7258789], [83.3244213, 17.7259001], [83.324419, 17.7259234], [83.3244241, 17.7259436], [83.3244353, 17.7259614], [83.3244516, 17.7259751], [83.3244715, 17.7259835], [83.3244932, 17.7259857], [83.3245145, 17.7259816], [83.3245336, 17.7259716], [83.3245485, 17.7259565], [83.3245587, 17.7259352], [83.3245607, 17.7259118], [83.3245543, 17.7258892], [83.3245401, 17.7258701], [83.3245199, 17.7258567], [83.3244962, 17.7258506], [83.3244717, 17.7258526]]}}, {"type": "Feature", "id": "way/880516935", "properties": {"osm_id": 880516935, "highway": "service", "oneway": "yes"}, "geometry": {"type": "LineString", "coordinates": [[83.3241279, 17.7267361], [83.3241611, 17.7266812]]}}, {"type": "Feature", "id": "way/880516936", "properties": {"osm_id": 880516936, "highway": "service", "oneway": "yes", "source": "maxar"}, "geometry": {"type": "LineString", "coordinates": [[83.3243241, 17.7263327], [83.3242596, 17.7263578], [83.324226, 17.726416], [83.3241368, 17.726579], [83.3241003, 17.7266455]]}}, {"type": "Feature", "id": "way/880516937", "properties": {"osm_id": 880516937, "highway": "service", "oneway": "yes", "source": "maxar"}, "geometry": {"type": "LineString", "coordinates": [[83.3241003, 17.7266455], [83.3240669, 17.7267006]]}}, {"type": "Feature", "id": "way/880516938", "properties": {"osm_id": 880516938, "highway": "service", "oneway": "yes"}, "geometry": {"type": "LineString", "coordinates": [[83.3241611, 17.7266812], [83.3242018, 17.7266131], [83.3242944, 17.7264578], [83.3243267, 17.7263837], [83.3243241, 17.7263327]]}}, {"type": "Feature", "id": "way/880516942", "properties": {"osm_id": 880516942, "bridge": "yes", "highway": "service", "layer": "1"}, "geometry": {"type": "LineString", "coordinates": [[83.3233836, 17.7186005], [83.3233447, 17.7185904]]}}, {"type": "Feature", "id": "way/880516943", "properties": {"osm_id": 880516943, "highway": "service"}, "geometry": {"type": "LineString", "coordinates": [[83.3233447, 17.7185904], [83.3233085, 17.7185738], [83.3232857, 17.7185443], [83.3232723, 17.7184907], [83.323267, 17.7181892], [83.3232643, 17.7181098], [83.3232509, 17.718004], [83.3232214, 17.7179081], [83.3231744, 17.7178187], [83.3231167, 17.717751], [83.3230481, 17.7176987], [83.3229706, 17.7176578], [83.3228807, 17.717636], [83.3225094, 17.7176163], [83.3222621, 17.7176034], [83.322115, 17.7175899], [83.3217964, 17.7175549], [83.3216375, 17.7175466], [83.3215383, 17.7175543], [83.3214422, 17.7175742], [83.3212673, 17.7176667], [83.3211333, 17.717751], [83.3210125, 17.7178762], [83.3208425, 17.7180829], [83.3207497, 17.7181828], [83.3206907, 17.7182697], [83.3206397, 17.7183949], [83.3205918, 17.7187172], [83.320444, 17.7191733], [83.3203722, 17.7193865], [83.3201127, 17.7200875], [83.3199933, 17.7205091], [83.3199639, 17.720601], [83.3199552, 17.7206111], [83.3198902, 17.720687]]}}, {"type": "Feature", "id": "way/882330779", "properties": {"osm_id": 882330779, "highway": "residential", "source": "maxar"}, "geometry": {"type": "LineString", "coordinates": [[83.3131248, 17.7259173], [83.312803, 17.7270311]]}}, {"type": "Feature", "id": "way/882766276", "properties": {"osm_id": 882766276, "highway": "residential", "source": "maxar"}, "geometry": {"type": "LineString", "coordinates": [[83.3158953, 17.7243618], [83.3159044, 17.7242189], [83.3159161, 17.7241467], [83.315951, 17.7240061], [83.3160184, 17.7237274]]}}, {"type": "Feature", "id": "way/882766277", "properties": {"osm_id": 882766277, "highway": "residential", "source": "maxar"}, "geometry": {"type": "LineString", "coordinates": [[83.315685, 17.7244926], [83.3156384, 17.7248662], [83.3156298, 17.724941]]}}, {"type": "Feature", "id": "way/882766278", "properties": {"osm_id": 882766278, "footway": "sidewalk", "highway": "footway", "source": "maxar", "surface": "paving_stones"}, "geometry": {"type": "LineString", "coordinates": [[83.3148872, 17.7248222], [83.3156384, 17.7248662], [83.3160433, 17.7248801], [83.3167023, 17.7248801], [83.3168181, 17.7248749], [83.316988, 17.7248672], [83.3170296, 17.7248626], [83.3171634, 17.7248479], [83.3172331, 17.7248329], [83.3173051, 17.7248072], [83.3173748, 17.7247537], [83.3176043, 17.7244709], [83.3177392, 17.7243123], [83.3177955, 17.7242288], [83.3178202, 17.7241666], [83.3178269, 17.7240938], [83.3178142, 17.7238977], [83.31779, 17.7234828], [83.3177804, 17.7233501], [83.3177612, 17.723315], [83.3177195, 17.7232509], [83.3176081, 17.7230819], [83.3172196, 17.7227605], [83.3169598, 17.7225535], [83.3168836, 17.7224928], [83.3164371, 17.7221147], [83.3155976, 17.7214036]]}}, {"type": "Feature", "id": "way/883077524", "properties": {"osm_id": 883077524, "highway": "residential", "source": "maxar"}, "geometry": {"type": "LineString", "coordinates": [[83.3187733, 17.7219737], [83.318602, 17.721742], [83.3185418, 17.7216294], [83.3185047, 17.7215387], [83.3184802, 17.7214286], [83.3184538, 17.7212707], [83.3184265, 17.7210398], [83.3184136, 17.7209299]]}}, {"type": "Feature", "id": "way/883077525", "properties": {"osm_id": 883077525, "highway": "service", "source": "maxar"}, "geometry": {"type": "LineString", "coordinates": [[83.3173274, 17.7212975], [83.3175719, 17.7212188], [83.3177342, 17.7211676], [83.3178829, 17.7211254], [83.3179964, 17.7211007], [83.3184265, 17.7210398]]}}, {"type": "Feature", "id": "way/883077526", "properties": {"osm_id": 883077526, "highway": "service", "source": "maxar"}, "geometry": {"type": "LineString", "coordinates": [[83.3159164, 17.7208841], [83.3162224, 17.7208443], [83.3162589, 17.7208324], [83.3162851, 17.7208084], [83.3162893, 17.7207766], [83.316278, 17.7207177], [83.3162652, 17.7206736]]}}, {"type": "Feature", "id": "way/883079007", "properties": {"osm_id": 883079007, "highway": "residential", "source": "maxar"}, "geometry": {"type": "LineString", "coordinates": [[83.3148088, 17.7234663], [83.3147874, 17.7237013], [83.3147833, 17.7237572]]}}, {"type": "Feature", "id": "way/883079008", "properties": {"osm_id": 883079008, "highway": "residential", "source": "maxar"}, "geometry": {"type": "LineString", "coordinates": [[83.3143905, 17.7237564], [83.3144685, 17.7227696]]}}, {"type": "Feature", "id": "way/883079009", "properties": {"osm_id": 883079009, "highway": "residential", "source": "maxar"}, "geometry": {"type": "LineString", "coordinates": [[83.3136426, 17.722689], [83.3138252, 17.7227068], [83.3144685, 17.7227696]]}}, {"type": "Feature", "id": "way/883079010", "properties": {"osm_id": 883079010, "highway": "service", "source": "maxar", "surface": "asphalt"}, "geometry": {"type": "LineString", "coordinates": [[83.3121504, 17.7206487], [83.3122089, 17.7211029], [83.3122246, 17.721135], [83.3122449, 17.7211522], [83.3122786, 17.721165], [83.3123304, 17.7211672], [83.3127458, 17.7211293], [83.312858, 17.7211232], [83.3129557, 17.7211288], [83.3130534, 17.7211429]]}}, {"type": "Feature", "id": "way/883079012", "properties": {"osm_id": 883079012, "highway": "service", "source": "maxar"}, "geometry": {"type": "LineString", "coordinates": [[83.3143683, 17.7213614], [83.3149687, 17.7216015]]}}, {"type": "Feature", "id": "way/883079013", "properties": {"osm_id": 883079013, "highway": "residential", "source": "maxar"}, "geometry": {"type": "LineString", "coordinates": [[83.3129309, 17.7206867], [83.3131893, 17.7207664], [83.3132543, 17.7207835], [83.3135412, 17.7208299], [83.3135809, 17.7208299], [83.3136115, 17.7208162], [83.3136314, 17.7207835], [83.3137564, 17.7204594]]}}, {"type": "Feature", "id": "way/883079014", "properties": {"osm_id": 883079014, "highway": "service", "source": "maxar"}, "geometry": {"type": "LineString", "coordinates": [[83.3126583, 17.7200404], [83.3128729, 17.7201379], [83.3129081, 17.7201379], [83.3129315, 17.7201235], [83.3130107, 17.7200022]]}}, {"type": "Feature", "id": "way/883096325", "properties": {"osm_id": 883096325, "highway": "service", "source": "maxar"}, "geometry": {"type": "LineString", "coordinates": [[83.3164174, 17.7192964], [83.3166914, 17.7187754], [83.3167384, 17.7187172], [83.3167773, 17.7186784], [83.3172001, 17.7182234]]}}, {"type": "Feature", "id": "way/883096326", "properties": {"osm_id": 883096326, "highway": "service", "source": "maxar"}, "geometry": {"type": "LineString", "coordinates": [[83.317267, 17.7190041], [83.3174171, 17.7189513], [83.3174703, 17.7189557], [83.3175097, 17.7189866], [83.3175283, 17.7190329], [83.3176209, 17.7192491]]}}, {"type": "Feature", "id": "way/883096327", "properties": {"osm_id": 883096327, "highway": "residential", "source": "maxar"}, "geometry": {"type": "LineString", "coordinates": [[83.3176521, 17.717635], [83.3177271, 17.7181151], [83.3177352, 17.7181668]]}}, {"type": "Feature", "id": "way/884698839", "properties": {"osm_id": 884698839, "highway": "service", "oneway": "yes"}, "geometry": {"type": "LineString", "coordinates": [[83.3166566, 17.7201859], [83.3166426, 17.7202041], [83.3166369, 17.720226], [83.3166404, 17.7202483], [83.3166526, 17.7202677], [83.3166717, 17.7202811], [83.3166947, 17.7202865], [83.3167181, 17.7202831], [83.3167385, 17.7202715]]}}, {"type": "Feature", "id": "way/884698840", "properties": {"osm_id": 884698840, "highway": "service", "source": "maxar"}, "geometry": {"type": "LineString", "coordinates": [[83.3137061, 17.7187104], [83.3137575, 17.7187106], [83.313794, 17.7187249], [83.3138156, 17.7187516], [83.3138586, 17.7189012], [83.3138823, 17.7189894], [83.3139103, 17.719053], [83.3139533, 17.7190981], [83.3140028, 17.7191145], [83.3140609, 17.7191104], [83.3140911, 17.7190981], [83.3141065, 17.7190788], [83.3141147, 17.719055], [83.3141115, 17.7190053], [83.3140876, 17.7189339], [83.314076, 17.7188889], [83.314076, 17.7188172], [83.3140916, 17.7187546], [83.3141245, 17.7186913]]}}, {"type": "Feature", "id": "way/884987728", "properties": {"osm_id": 884987728, "highway": "tertiary"}, "geometry": {"type": "LineString", "coordinates": [[83.3158457, 17.7215316], [83.3159201, 17.7214449]]}}, {"type": "Feature", "id": "way/957382253", "properties": {"osm_id": 957382253, "access": "private", "highway": "service"}, "geometry": {"type": "LineString", "coordinates": [[83.3210689, 17.7209505], [83.3210931, 17.7210377], [83.3211589, 17.7210801], [83.3213099, 17.7211557], [83.321407, 17.7211637], [83.3214455, 17.7211668], [83.3216488, 17.7212055], [83.321949, 17.7212536]]}}, {"type": "Feature", "id": "way/957382254", "properties": {"osm_id": 957382254, "access": "private", "highway": "service"}, "geometry": {"type": "LineString", "coordinates": [[83.321407, 17.7211637], [83.3214281, 17.7210561], [83.321459, 17.7209934], [83.3215462, 17.7209215], [83.3216023, 17.7209436], [83.3216333, 17.7210432], [83.3216488, 17.7212055]]}}, {"type": "Feature", "id": "way/957382255", "properties": {"osm_id": 957382255, "access": "private", "highway": "service"}, "geometry": {"type": "LineString", "coordinates": [[83.3215462, 17.7209215], [83.3215393, 17.720862]]}}, {"type": "Feature", "id": "way/1055149099", "properties": {"osm_id": 1055149099, "highway": "service", "source": "maxar"}, "geometry": {"type": "LineString", "coordinates": [[83.3234184, 17.7208396], [83.3233327, 17.7205479], [83.3233269, 17.7202181]]}}, {"type": "Feature", "id": "way/1061644769", "properties": {"osm_id": 1061644769, "highway": "residential", "source": "maxar"}, "geometry": {"type": "LineString", "coordinates": [[83.3186604, 17.7237663], [83.318721, 17.7237216], [83.3190949, 17.7234458]]}}, {"type": "Feature", "id": "way/1061644770", "properties": {"osm_id": 1061644770, "highway": "service", "source": "maxar"}, "geometry": {"type": "LineString", "coordinates": [[83.3219808, 17.7220037], [83.3218895, 17.7220765], [83.3219232, 17.7219335]]}}, {"type": "Feature", "id": "way/1061644772", "properties": {"osm_id": 1061644772, "highway": "residential", "source": "maxar"}, "geometry": {"type": "LineString", "coordinates": [[83.3186135, 17.7267282], [83.3185674, 17.7265125]]}}, {"type": "Feature", "id": "way/1061644773", "properties": {"osm_id": 1061644773, "highway": "service", "source": "maxar"}, "geometry": {"type": "LineString", "coordinates": [[83.3195025, 17.7264531], [83.3195435, 17.7264447]]}}, {"type": "Feature", "id": "way/1062036484", "properties": {"osm_id": 1062036484, "highway": "residential", "source": "maxar"}, "geometry": {"type": "LineString", "coordinates": [[83.3144658, 17.7182852], [83.314589, 17.717993], [83.3146788, 17.7175913]]}}, {"type": "Feature", "id": "way/1077850131", "properties": {"osm_id": 1077850131, "highway": "residential"}, "geometry": {"type": "LineString", "coordinates": [[83.3164416, 17.723413], [83.3163312, 17.7235626]]}}, {"type": "Feature", "id": "way/1080025201", "properties": {"osm_id": 1080025201, "highway": "service"}, "geometry": {"type": "LineString", "coordinates": [[83.3239147, 17.7224567], [83.3239442, 17.7225083], [83.3239925, 17.722539], [83.3240595, 17.7225563], [83.3242232, 17.722592], [83.3244404, 17.722592], [83.3249447, 17.722592], [83.3252491, 17.7225832], [83.3254731, 17.7225767], [83.3256875, 17.7225808], [83.3257798, 17.7226391]]}}, {"type": "Feature", "id": "way/1127681771", "properties": {"osm_id": 1127681771, "highway": "residential"}, "geometry": {"type": "LineString", "coordinates": [[83.317126, 17.7278252], [83.3174268, 17.7276583]]}}, {"type": "Feature", "id": "way/1136587346", "properties": {"osm_id": 1136587346, "highway": "residential"}, "geometry": {"type": "LineString", "coordinates": [[83.3151898, 17.7228202], [83.3153742, 17.7228477], [83.3157876, 17.7229227]]}}, {"type": "Feature", "id": "way/1240141683", "properties": {"osm_id": 1240141683, "dual_carriageway": "yes", "highway": "primary", "lanes": "3", "name": "Sampath Vinayaka Temple Road", "oneway": "yes", "sidewalk": "separate", "surface": "asphalt"}, "geometry": {"type": "LineString", "coordinates": [[83.3169987, 17.7250392], [83.3170524, 17.7250283], [83.3172556, 17.724987], [83.31743, 17.7249129], [83.3175668, 17.7247852], [83.3177929, 17.7245327], [83.3178851, 17.7244335], [83.3179452, 17.7243868], [83.3180315, 17.7243351]]}}, {"type": "Feature", "id": "way/1240141684", "properties": {"osm_id": 1240141684, "highway": "secondary", "name": "Vip Road", "oneway": "yes", "source": "Bing", "surface": "asphalt"}, "geometry": {"type": "LineString", "coordinates": [[83.3168685, 17.7249582], [83.3168684, 17.7250542]]}}, {"type": "Feature", "id": "way/1240141685", "properties": {"osm_id": 1240141685, "highway": "secondary", "name": "Vip Road", "oneway": "yes", "opening_date": "2024-01-29", "source": "Bing", "surface": "asphalt"}, "geometry": {"type": "LineString", "coordinates": [[83.3169987, 17.7250392], [83.3170002, 17.7249519]]}}, {"type": "Feature", "id": "way/1240141686", "properties": {"osm_id": 1240141686, "highway": "primary", "name": "Sampath Vinayaka Temple Road", "oneway": "yes", "surface": "asphalt"}, "geometry": {"type": "LineString", "coordinates": [[83.3168684, 17.7250542], [83.3169987, 17.7250392]]}}, {"type": "Feature", "id": "way/1249184685", "properties": {"osm_id": 1249184685, "highway": "primary", "oneway": "yes"}, "geometry": {"type": "LineString", "coordinates": [[83.3187298, 17.7241243], [83.3188072, 17.7240833], [83.318833, 17.7240272], [83.3188215, 17.7239602], [83.3187911, 17.723868]]}}, {"type": "Feature", "id": "way/1265437141", "properties": {"osm_id": 1265437141, "area": "yes", "highway": "services"}, "geometry": {"type": "LineString", "coordinates": [[83.3221866, 17.7207368], [83.3221783, 17.7202154], [83.3230008, 17.7202127], [83.3229944, 17.7207432], [83.3221866, 17.7207368]]}}, {"type": "Feature", "id": "way/1265437145", "properties": {"osm_id": 1265437145, "area": "yes", "highway": "services"}, "geometry": {"type": "LineString", "coordinates": [[83.3209369, 17.720795], [83.3208123, 17.7208244], [83.320516, 17.7208783], [83.3203642, 17.7208638], [83.3201282, 17.7207642], [83.3200395, 17.720645], [83.3200522, 17.7205424], [83.3200981, 17.7204323], [83.3201757, 17.7203176], [83.3202373, 17.7202301], [83.3210474, 17.7203342], [83.3209369, 17.720795]]}}, {"type": "Feature", "id": "way/1268592475", "properties": {"osm_id": 1268592475, "access": "private", "highway": "service", "oneway": "yes"}, "geometry": {"type": "LineString", "coordinates": [[83.3201952, 17.7265626], [83.3202252, 17.7265905], [83.3202631, 17.7266076], [83.3203047, 17.7266121], [83.320346, 17.7266034], [83.3203821, 17.7265823], [83.320409, 17.7265511], [83.3204237, 17.7265133], [83.3204247, 17.726473], [83.3204117, 17.7264346], [83.3203863, 17.7264023], [83.3203513, 17.7263797], [83.3203108, 17.7263693], [83.320269, 17.7263719], [83.3202303, 17.7263872], [83.3201989, 17.7264137], [83.3201782, 17.7264483], [83.3201703, 17.7264875], [83.3201762, 17.7265271], [83.3201952, 17.7265626]]}}, {"type": "Feature", "id": "way/1272678478", "properties": {"osm_id": 1272678478, "highway": "footway"}, "geometry": {"type": "LineString", "coordinates": [[83.3116293, 17.7244748], [83.3116534, 17.7244329], [83.3121207, 17.7245347], [83.3121594, 17.7245439], [83.3123662, 17.7245906], [83.3123817, 17.7245249], [83.3125411, 17.724564], [83.3125252, 17.7246297], [83.3128574, 17.7247094], [83.3138455, 17.724935]]}}, {"type": "Feature", "id": "way/1272678481", "properties": {"osm_id": 1272678481, "crossing": "uncontrolled", "crossing:markings": "yes", "footway": "crossing", "highway": "footway"}, "geometry": {"type": "LineString", "coordinates": [[83.3138455, 17.724935], [83.313928, 17.7249538], [83.3139871, 17.7249673]]}}, {"type": "Feature", "id": "way/1272678482", "properties": {"osm_id": 1272678482, "highway": "footway"}, "geometry": {"type": "LineString", "coordinates": [[83.3139871, 17.7249673], [83.3142048, 17.7250141], [83.3143357, 17.7250284], [83.3146112, 17.7250572], [83.3151309, 17.7250656]]}}, {"type": "Feature", "id": "way/1272678483", "properties": {"osm_id": 1272678483, "crossing": "unmarked", "crossing:markings": "no", "footway": "crossing", "highway": "footway"}, "geometry": {"type": "LineString", "coordinates": [[83.3151309, 17.7250656], [83.3151994, 17.7250685], [83.3152718, 17.7250716]]}}, {"type": "Feature", "id": "way/1272678485", "properties": {"osm_id": 1272678485, "footway": "crossing", "highway": "footway", "surface": "asphalt"}, "geometry": {"type": "LineString", "coordinates": [[83.3168345, 17.7251261], [83.3168635, 17.7251251], [83.3169908, 17.7251208], [83.3170529, 17.7251208]]}}, {"type": "Feature", "id": "way/1272678486", "properties": {"osm_id": 1272678486, "footway": "crossing", "highway": "footway"}, "geometry": {"type": "LineString", "coordinates": [[83.3168124, 17.7250947], [83.3168134, 17.7250545], [83.3168159, 17.7249597], [83.3168181, 17.7248749]]}}, {"type": "Feature", "id": "way/1272678487", "properties": {"osm_id": 1272678487, "footway": "sidewalk", "highway": "footway", "surface": "paving_stones"}, "geometry": {"type": "LineString", "coordinates": [[83.3168345, 17.7251261], [83.3168115, 17.7251262], [83.3166836, 17.7251207], [83.3165011, 17.7251171], [83.3160041, 17.7251015], [83.3156795, 17.7250932], [83.3152718, 17.7250716]]}}, {"type": "Feature", "id": "way/1272678488", "properties": {"osm_id": 1272678488, "footway": "crossing", "highway": "footway"}, "geometry": {"type": "LineString", "coordinates": [[83.3170755, 17.7251209], [83.3170524, 17.7250283], [83.3170413, 17.7249478], [83.3170296, 17.7248626]]}}, {"type": "Feature", "id": "way/1272678489", "properties": {"osm_id": 1272678489, "footway": "sidewalk", "highway": "footway", "surface": "paving_stones"}, "geometry": {"type": "LineString", "coordinates": [[83.3142622, 17.7295465], [83.3142799, 17.7294729], [83.3145702, 17.7284766], [83.3146164, 17.728318], [83.3147044, 17.7281376], [83.3147348, 17.7281027], [83.3147694, 17.7280629], [83.3151265, 17.7277381], [83.3151519, 17.727715], [83.315564, 17.7273848], [83.3157544, 17.7272323], [83.3159678, 17.727017], [83.3165997, 17.7263797], [83.3166435, 17.7263319], [83.3166915, 17.7262796], [83.3167259, 17.726203], [83.3168128, 17.7259567], [83.3169778, 17.7253962], [83.3170406, 17.7251689], [83.3170755, 17.7251209], [83.3171287, 17.7250943], [83.3173249, 17.7250436], [83.3173968, 17.7250142], [83.3174658, 17.7249663], [83.3175851, 17.7248622], [83.3179142, 17.7244878], [83.3179674, 17.7244494], [83.3180472, 17.7244145], [83.3181802, 17.72437], [83.3185589, 17.7242653]]}}, {"type": "Feature", "id": "way/1272678490", "properties": {"osm_id": 1272678490, "crossing": "unmarked", "crossing:markings": "no", "footway": "crossing", "highway": "footway"}, "geometry": {"type": "LineString", "coordinates": [[83.3185589, 17.7242653], [83.3186476, 17.7242396], [83.3187034, 17.7242235]]}}, {"type": "Feature", "id": "way/1272678491", "properties": {"osm_id": 1272678491, "crossing": "uncontrolled", "crossing:markings": "yes", "footway": "crossing", "highway": "footway"}, "geometry": {"type": "LineString", "coordinates": [[83.3176081, 17.7230819], [83.3176432, 17.7229979], [83.3177138, 17.7228293], [83.3177698, 17.7226956]]}}, {"type": "Feature", "id": "way/1272678492", "properties": {"osm_id": 1272678492, "crossing": "uncontrolled", "crossing:markings": "yes", "footway": "crossing", "highway": "footway"}, "geometry": {"type": "LineString", "coordinates": [[83.3177698, 17.7226956], [83.317883, 17.7227791], [83.3179892, 17.7228615], [83.3181042, 17.7229508]]}}, {"type": "Feature", "id": "way/1272678494", "properties": {"osm_id": 1272678494, "footway": "sidewalk", "highway": "footway", "surface": "paving_stones"}, "geometry": {"type": "LineString", "coordinates": [[83.3181012, 17.723024], [83.3181022, 17.7229755], [83.3181042, 17.7229508], [83.3181093, 17.7228865], [83.3181367, 17.722811], [83.3181875, 17.7227248], [83.3183207, 17.7225593], [83.3184691, 17.7224044], [83.3191887, 17.7218235], [83.3193147, 17.7217421], [83.3198905, 17.7214148], [83.3200556, 17.721321], [83.3201776, 17.7212532], [83.3202325, 17.7212334], [83.3202528, 17.7212261], [83.3203361, 17.7212], [83.3203717, 17.7212077]]}}, {"type": "Feature", "id": "way/1272678495", "properties": {"osm_id": 1272678495, "crossing": "unmarked", "crossing:markings": "no", "footway": "crossing", "highway": "footway"}, "geometry": {"type": "LineString", "coordinates": [[83.3203717, 17.7212077], [83.3203888, 17.7212024], [83.3204429, 17.7211855]]}}, {"type": "Feature", "id": "way/1272678496", "properties": {"osm_id": 1272678496, "crossing": "uncontrolled", "crossing:markings": "yes", "footway": "crossing", "highway": "footway"}, "geometry": {"type": "LineString", "coordinates": [[83.3198905, 17.7214148], [83.3198425, 17.7213723], [83.3197551, 17.7212949], [83.3196664, 17.7212164]]}}, {"type": "Feature", "id": "way/1272678497", "properties": {"osm_id": 1272678497, "crossing": "uncontrolled", "crossing:markings": "yes", "footway": "crossing", "highway": "footway"}, "geometry": {"type": "LineString", "coordinates": [[83.3196664, 17.7212164], [83.3197509, 17.7210984], [83.319769, 17.7210732]]}}, {"type": "Feature", "id": "way/1272678498", "properties": {"osm_id": 1272678498, "crossing": "uncontrolled", "crossing:markings": "yes", "footway": "crossing", "highway": "footway"}, "geometry": {"type": "LineString", "coordinates": [[83.3197782, 17.7210025], [83.3197683, 17.7209717], [83.3197456, 17.7209008]]}}, {"type": "Feature", "id": "way/1272678499", "properties": {"osm_id": 1272678499, "crossing": "uncontrolled", "crossing:markings": "yes", "footway": "crossing", "highway": "footway"}, "geometry": {"type": "LineString", "coordinates": [[83.3197456, 17.7209008], [83.3197795, 17.7208892], [83.3198642, 17.7208602], [83.3199915, 17.7208165], [83.320076, 17.7207876]]}}, {"type": "Feature", "id": "way/1272678500", "properties": {"osm_id": 1272678500, "crossing": "uncontrolled", "crossing:markings": "yes", "footway": "crossing", "highway": "footway"}, "geometry": {"type": "LineString", "coordinates": [[83.3202325, 17.7212334], [83.320226, 17.7211271], [83.3202137, 17.7209283], [83.3202081, 17.7208369]]}}, {"type": "Feature", "id": "way/1272678505", "properties": {"osm_id": 1272678505, "crossing": "uncontrolled", "crossing:markings": "yes", "footway": "crossing", "highway": "footway"}, "geometry": {"type": "LineString", "coordinates": [[83.3199487, 17.724701], [83.3199771, 17.724653], [83.3200082, 17.7246006], [83.3200502, 17.7245337]]}}, {"type": "Feature", "id": "way/1272678506", "properties": {"osm_id": 1272678506, "footway": "sidewalk", "highway": "footway"}, "geometry": {"type": "LineString", "coordinates": [[83.3187034, 17.7242235], [83.3188102, 17.7241716], [83.3189253, 17.7241588], [83.3189506, 17.724156], [83.3190352, 17.7242009], [83.3194487, 17.7244308], [83.319518, 17.7244682], [83.3199487, 17.724701], [83.3200146, 17.7247364], [83.32009, 17.724777], [83.3206396, 17.7250463], [83.3206919, 17.7250719], [83.3210454, 17.7252131], [83.3210794, 17.7252267], [83.3214448, 17.7253632]]}}, {"type": "Feature", "id": "way/1272678507", "properties": {"osm_id": 1272678507, "crossing": "uncontrolled", "crossing:markings": "yes", "footway": "crossing", "highway": "footway"}, "geometry": {"type": "LineString", "coordinates": [[83.3240229, 17.7267263], [83.3240454, 17.726689], [83.3240796, 17.7266328], [83.3241182, 17.7265693]]}}, {"type": "Feature", "id": "way/1272678508", "properties": {"osm_id": 1272678508, "crossing": "uncontrolled", "crossing:markings": "yes", "footway": "crossing", "highway": "footway"}, "geometry": {"type": "LineString", "coordinates": [[83.3241223, 17.7267767], [83.3241423, 17.7267445], [83.3241762, 17.7266902], [83.3242187, 17.7266219]]}}, {"type": "Feature", "id": "way/1272678510", "properties": {"osm_id": 1272678510, "footway": "sidewalk", "highway": "footway"}, "geometry": {"type": "LineString", "coordinates": [[83.3319676, 17.731984], [83.3319776, 17.7319281], [83.3319964, 17.7318226], [83.331878, 17.731761], [83.331325, 17.7314024], [83.3312985, 17.7313861], [83.3307054, 17.7310235], [83.3306416, 17.7309845], [83.3303418, 17.7307987], [83.3302713, 17.7307549], [83.329868, 17.7304918], [83.3295692, 17.7302969], [83.3294783, 17.7302343], [83.3292018, 17.730042], [83.3282743, 17.729421], [83.3280553, 17.7292787], [83.3276564, 17.7290196], [83.3275665, 17.7289643], [83.3273178, 17.7288111], [83.327177, 17.7287244], [83.3262908, 17.7281814], [83.3257491, 17.7278269], [83.3256466, 17.7277574], [83.3255646, 17.7277075], [83.3251568, 17.7274447], [83.3243717, 17.7269284], [83.3242737, 17.726875], [83.3241223, 17.7267767], [83.3240326, 17.7267315], [83.3240229, 17.7267263], [83.3233875, 17.7263832], [83.3231691, 17.7262653], [83.3230698, 17.7262117], [83.3227201, 17.7260092], [83.3225025, 17.7258831], [83.3219411, 17.7255843], [83.3215589, 17.7254103], [83.3214984, 17.7253853], [83.3214448, 17.7253632]]}}, {"type": "Feature", "id": "way/1272678514", "properties": {"osm_id": 1272678514, "footway": "sidewalk", "highway": "footway"}, "geometry": {"type": "LineString", "coordinates": [[83.3291566, 17.7297688], [83.3290387, 17.7296891], [83.3288388, 17.729554], [83.3286846, 17.7294498], [83.3282601, 17.72917], [83.3281827, 17.729119], [83.3277644, 17.7288457], [83.3274345, 17.7286302], [83.3272256, 17.7284987], [83.3266352, 17.728127], [83.3265957, 17.7281021], [83.325878, 17.7276528], [83.3256839, 17.7275313], [83.325382, 17.7273423], [83.3246602, 17.7269031], [83.3242187, 17.7266219], [83.3242018, 17.7266131], [83.3241368, 17.726579], [83.3241182, 17.7265693], [83.3235908, 17.7262753], [83.3230238, 17.7259596], [83.3223841, 17.725577], [83.3218679, 17.7253191], [83.321331, 17.7250925], [83.3209782, 17.7249624], [83.3207428, 17.7248644], [83.3201152, 17.7245685], [83.3200502, 17.7245337], [83.3196442, 17.7243163], [83.3191054, 17.7239916], [83.318721, 17.7237216], [83.3185918, 17.7236308], [83.3182464, 17.7233149]]}}, {"type": "Feature", "id": "way/1274673260", "properties": {"osm_id": 1274673260, "crossing": "uncontrolled", "crossing:markings": "yes", "footway": "crossing", "highway": "footway"}, "geometry": {"type": "LineString", "coordinates": [[83.314799, 17.720688], [83.3147535, 17.7208003], [83.3147172, 17.7208898], [83.3146996, 17.7209333]]}}, {"type": "Feature", "id": "way/1274673261", "properties": {"osm_id": 1274673261, "crossing": "uncontrolled", "crossing:markings": "yes", "footway": "crossing", "highway": "footway"}, "geometry": {"type": "LineString", "coordinates": [[83.3148862, 17.7210008], [83.3149011, 17.7209664], [83.3149398, 17.720877], [83.3150121, 17.7207451]]}}, {"type": "Feature", "id": "way/1274673262", "properties": {"osm_id": 1274673262, "crossing": "uncontrolled", "crossing:markings": "yes", "footway": "crossing", "highway": "footway"}, "geometry": {"type": "LineString", "coordinates": [[83.314799, 17.720688], [83.3148486, 17.7206984], [83.3150121, 17.7207451]]}}, {"type": "Feature", "id": "way/1315878037", "properties": {"osm_id": 1315878037, "highway": "tertiary", "name": "Chinna Waltair Main Road", "oneway": "yes"}, "geometry": {"type": "LineString", "coordinates": [[83.3217434, 17.7208521], [83.3219673, 17.7208548], [83.3226164, 17.7208597], [83.3229072, 17.7208767], [83.3232864, 17.720899], [83.3233339, 17.7209018], [83.3240366, 17.7210506], [83.3241685, 17.7210781], [83.3244637, 17.7211518], [83.3247761, 17.7212352], [83.3251317, 17.7213116], [83.3255364, 17.7213815], [83.3258438, 17.7214345], [83.3263964, 17.7215714], [83.3264893, 17.7216023], [83.3268747, 17.7217306], [83.3273961, 17.7219877], [83.3275351, 17.7220531], [83.3280889, 17.7222216]]}}, {"type": "Feature", "id": "way/1315878038", "properties": {"osm_id": 1315878038, "highway": "tertiary", "name": "Chinna Waltair Main Road", "oneway": "yes"}, "geometry": {"type": "LineString", "coordinates": [[83.3284032, 17.7222455], [83.3275455, 17.7219746], [83.3272827, 17.7218493], [83.3269594, 17.7216963], [83.3265236, 17.7215279], [83.3261739, 17.7214297], [83.3258351, 17.7213585], [83.3255362, 17.7213043], [83.3255323, 17.7213035], [83.3250803, 17.7212211], [83.3245801, 17.7211055], [83.3240289, 17.7209688], [83.3234184, 17.7208396], [83.3228786, 17.7208087], [83.3223193, 17.7207877], [83.3217149, 17.7207642], [83.3215332, 17.7207807]]}}, {"type": "Feature", "id": "way/1347455858", "properties": {"osm_id": 1347455858, "highway": "living_street"}, "geometry": {"type": "LineString", "coordinates": [[83.316166, 17.7265945], [83.3160788, 17.7265916], [83.3153014, 17.7265654]]}}, {"type": "Feature", "id": "way/1347458403", "properties": {"osm_id": 1347458403, "footway": "sidewalk", "highway": "footway", "surface": "paving_stones"}, "geometry": {"type": "LineString", "coordinates": [[83.3167704, 17.7254132], [83.316716, 17.7256228], [83.3166979, 17.7256744], [83.3165894, 17.7259845], [83.3165587, 17.7261093]]}}, {"type": "Feature", "id": "way/1347458404", "properties": {"osm_id": 1347458404, "highway": "footway"}, "geometry": {"type": "LineString", "coordinates": [[83.3165587, 17.7261093], [83.3165389, 17.7261572], [83.3164768, 17.7262226], [83.3164409, 17.7262604], [83.3161549, 17.72652], [83.3160788, 17.7265916], [83.3159308, 17.7267586], [83.3156571, 17.7270649]]}}, {"type": "Feature", "id": "way/1377510249", "properties": {"osm_id": 1377510249, "highway": "residential"}, "geometry": {"type": "LineString", "coordinates": [[83.3151898, 17.7228202], [83.3151003, 17.7228142]]}}, {"type": "Feature", "id": "way/1392730689", "properties": {"osm_id": 1392730689, "highway": "primary", "junction": "roundabout", "source": "Bing"}, "geometry": {"type": "LineString", "coordinates": [[83.3179588, 17.7229057], [83.3178784, 17.722866], [83.3178278, 17.7228478], [83.3178177, 17.7228504], [83.3178088, 17.7228552], [83.3177572, 17.7228908], [83.3177272, 17.7229241], [83.3177117, 17.7229565], [83.3177129, 17.7230016], [83.3177183, 17.7230482]]}}, {"type": "Feature", "id": "way/1392730690", "properties": {"osm_id": 1392730690, "highway": "primary", "junction": "roundabout", "source": "Bing"}, "geometry": {"type": "LineString", "coordinates": [[83.3177183, 17.7230482], [83.3177564, 17.7231614], [83.3178072, 17.7232726]]}}, {"type": "Feature", "id": "way/1392730691", "properties": {"osm_id": 1392730691, "highway": "primary", "name": "Sampath Vinayaka Temple Road", "oneway": "yes"}, "geometry": {"type": "LineString", "coordinates": [[83.3178072, 17.7232726], [83.3178314, 17.7233553], [83.3178482, 17.7234398], [83.3178663, 17.7235863], [83.3178724, 17.7236823], [83.3178872, 17.7239175], [83.3178981, 17.7240186], [83.3179037, 17.7240977], [83.3179123, 17.7241609]]}}, {"type": "Feature", "id": "way/1392730692", "properties": {"osm_id": 1392730692, "highway": "primary", "lanes": "2", "oneway": "yes", "surface": "asphalt"}, "geometry": {"type": "LineString", "coordinates": [[83.3187911, 17.723868], [83.3186604, 17.7237663], [83.3185624, 17.72369], [83.3183882, 17.7235568], [83.3183108, 17.7234782], [83.3181943, 17.7233733], [83.3181111, 17.7232707]]}}, {"type": "Feature", "id": "way/1392730693", "properties": {"osm_id": 1392730693, "highway": "primary", "oneway": "yes"}, "geometry": {"type": "LineString", "coordinates": [[83.3187298, 17.7241243], [83.3189016, 17.7240758], [83.3189567, 17.7240605]]}}, {"type": "Feature", "id": "way/1463043447", "properties": {"osm_id": 1463043447, "footway": "sidewalk", "highway": "footway", "surface": "paving_stones"}, "geometry": {"type": "LineString", "coordinates": [[83.3170529, 17.7251208], [83.3170755, 17.7251209]]}}, {"type": "Feature", "id": "way/1463043448", "properties": {"osm_id": 1463043448, "footway": "sidewalk", "highway": "footway", "surface": "paving_stones"}, "geometry": {"type": "LineString", "coordinates": [[83.3168124, 17.7250947], [83.3168115, 17.7251262], [83.316803, 17.7251972], [83.3167956, 17.7252801], [83.3167704, 17.7254132]]}}, {"type": "Feature", "id": "way/1463043454", "properties": {"osm_id": 1463043454, "footway": "sidewalk", "highway": "footway", "surface": "paving_stones"}, "geometry": {"type": "LineString", "coordinates": [[83.31962, 17.7201121], [83.3196066, 17.7201196]]}}, {"type": "Feature", "id": "way/1463043455", "properties": {"osm_id": 1463043455, "footway": "sidewalk", "highway": "footway", "surface": "paving_stones"}, "geometry": {"type": "LineString", "coordinates": [[83.3195364, 17.7201587], [83.3195188, 17.7201685]]}}, {"type": "Feature", "id": "way/1463043456", "properties": {"osm_id": 1463043456, "footway": "crossing", "highway": "footway", "surface": "paving_stones"}, "geometry": {"type": "LineString", "coordinates": [[83.3196066, 17.7201196], [83.3195703, 17.7201398], [83.3195364, 17.7201587]]}}, {"type": "Feature", "id": "way/1463043464", "properties": {"osm_id": 1463043464, "footway": "sidewalk", "highway": "footway"}, "geometry": {"type": "LineString", "coordinates": [[83.3178711, 17.7183352], [83.3179562, 17.7182761], [83.3179957, 17.7182256], [83.318, 17.7181836]]}}, {"type": "Feature", "id": "way/1463043465", "properties": {"osm_id": 1463043465, "footway": "sidewalk", "highway": "footway", "surface": "paving_stones"}, "geometry": {"type": "LineString", "coordinates": [[83.3203045, 17.720877], [83.3202081, 17.7208369], [83.3201261, 17.7208093], [83.320076, 17.7207876], [83.3199552, 17.7206111], [83.3197694, 17.7203405], [83.31962, 17.7201121], [83.3192767, 17.7195873], [83.3190183, 17.7191294], [83.3185811, 17.7184038], [83.3184698, 17.7181918], [83.3184576, 17.718138]]}}, {"type": "Feature", "id": "way/1463043470", "properties": {"osm_id": 1463043470, "footway": "sidewalk", "highway": "footway", "surface": "paving_stones"}, "geometry": {"type": "LineString", "coordinates": [[83.3179903, 17.7180788], [83.3179921, 17.7180985]]}}, {"type": "Feature", "id": "way/1463043471", "properties": {"osm_id": 1463043471, "footway": "sidewalk", "highway": "footway", "surface": "paving_stones"}, "geometry": {"type": "LineString", "coordinates": [[83.3179989, 17.7181713], [83.318, 17.7181836]]}}, {"type": "Feature", "id": "way/1463043472", "properties": {"osm_id": 1463043472, "crossing": "uncontrolled", "footway": "crossing", "highway": "footway"}, "geometry": {"type": "LineString", "coordinates": [[83.3179921, 17.7180985], [83.3179956, 17.7181361], [83.3179989, 17.7181713]]}}, {"type": "Feature", "id": "way/1463043473", "properties": {"osm_id": 1463043473, "footway": "sidewalk", "highway": "footway"}, "geometry": {"type": "LineString", "coordinates": [[83.318296, 17.7179157], [83.3182915, 17.7179523], [83.3182888, 17.7179733], [83.3182687, 17.7180193], [83.3182217, 17.7180448], [83.3179903, 17.7180788], [83.3177271, 17.7181151]]}}, {"type": "Feature", "id": "way/1463043474", "properties": {"osm_id": 1463043474, "footway": "sidewalk", "highway": "footway", "surface": "paving_stones"}, "geometry": {"type": "LineString", "coordinates": [[83.3180852, 17.7182577], [83.3180705, 17.7182507]]}}, {"type": "Feature", "id": "way/1463043475", "properties": {"osm_id": 1463043475, "footway": "sidewalk", "highway": "footway", "surface": "paving_stones"}, "geometry": {"type": "LineString", "coordinates": [[83.3181754, 17.718301], [83.3181398, 17.7182839]]}}, {"type": "Feature", "id": "way/1463043476", "properties": {"osm_id": 1463043476, "crossing": "uncontrolled", "footway": "crossing", "highway": "footway"}, "geometry": {"type": "LineString", "coordinates": [[83.3181398, 17.7182839], [83.3181169, 17.7182729], [83.3180852, 17.7182577]]}}, {"type": "Feature", "id": "way/1463043477", "properties": {"osm_id": 1463043477, "footway": "sidewalk", "highway": "footway"}, "geometry": {"type": "LineString", "coordinates": [[83.3197795, 17.7208892], [83.3198136, 17.7208195], [83.3198203, 17.7206867], [83.3196795, 17.7203929], [83.3195188, 17.7201685], [83.3191413, 17.7196417], [83.3189074, 17.7191896], [83.3184215, 17.7183361], [83.3183384, 17.718248], [83.3182995, 17.718239], [83.3182432, 17.7182543], [83.3181868, 17.7182876], [83.3181754, 17.718301]]}}, {"type": "Feature", "id": "way/1463043478", "properties": {"osm_id": 1463043478, "footway": "sidewalk", "highway": "footway", "surface": "paving_stones"}, "geometry": {"type": "LineString", "coordinates": [[83.3179763, 17.7184287], [83.3180705, 17.7182507], [83.3180957, 17.7182032], [83.3180943, 17.7181815], [83.3180554, 17.7181771], [83.318, 17.7181836], [83.3178066, 17.7182064], [83.3177912, 17.7182262], [83.3177959, 17.7182537], [83.3178711, 17.7183352], [83.3179555, 17.7184268], [83.3179763, 17.7184287]]}}, {"type": "Feature", "id": "way/1463043494", "properties": {"osm_id": 1463043494, "highway": "tertiary", "junction": "roundabout", "surface": "asphalt"}, "geometry": {"type": "LineString", "coordinates": [[83.3183583, 17.7181554], [83.318382, 17.7181491], [83.3184021, 17.7181343], [83.3184149, 17.7181133], [83.3184183, 17.7180893], [83.318412, 17.7180658], [83.3184011, 17.7180506], [83.3183861, 17.718039], [83.3183682, 17.718032], [83.318349, 17.7180303], [83.3183276, 17.7180349], [83.318309, 17.718046], [83.3182952, 17.7180622], [83.3182878, 17.7180818], [83.3182876, 17.7181027], [83.3182959, 17.7181247], [83.3183121, 17.7181423], [83.3183339, 17.7181531], [83.3183583, 17.7181554]]}}, {"type": "Feature", "id": "way/1463043495", "properties": {"osm_id": 1463043495, "footway": "sidewalk", "highway": "footway", "smoothness": "excellent", "surface": "paving_stones"}, "geometry": {"type": "LineString", "coordinates": [[83.3215447, 17.7157905], [83.3213136, 17.7162254], [83.3211456, 17.7165383], [83.3210526, 17.7166904], [83.3206867, 17.7170938], [83.3206279, 17.7171332], [83.3205489, 17.7171599], [83.320481, 17.7171853], [83.3198, 17.7174402], [83.3195237, 17.7175495], [83.3190998, 17.7177676], [83.3185123, 17.7180661], [83.3184576, 17.718138]]}}, {"type": "Feature", "id": "way/1530110433", "properties": {"osm_id": 1530110433, "highway": "service"}, "geometry": {"type": "LineString", "coordinates": [[83.3220116, 17.719477], [83.3221343, 17.719297], [83.3222901, 17.7191171]]}}, {"type": "Feature", "id": "way/1551370445", "properties": {"osm_id": 1551370445, "highway": "footway"}, "geometry": {"type": "LineString", "coordinates": [[83.3177698, 17.7226956], [83.317664, 17.7226996], [83.3174848, 17.7226361], [83.3159762, 17.7214121], [83.3156981, 17.7211865], [83.3155751, 17.7210867], [83.3153699, 17.7209766], [83.3152543, 17.7209146], [83.3150121, 17.7207451]]}}]}