{"type": "FeatureCollection", "features": [{"type": "Feature", "id": "way/26424281", "properties": {"osm_id": 26424281, "bicycle": "yes", "foot": "yes", "highway": "tertiary", "lanes": "2", "name": "Banjara Hills Road Number 14", "oneway": "no", "sidewalk": "no"}, "geometry": {"type": "LineString", "coordinates": [[78.4393447, 17.4209161], [78.4391248, 17.4209066], [78.4387425, 17.4209574], [78.4385613, 17.4209888], [78.4382456, 17.4210793], [78.4378001, 17.4211515], [78.4377616, 17.4209983], [78.4376214, 17.4209221], [78.4370135, 17.4208563], [78.4365132, 17.4209358], [78.4362629, 17.4209756], [78.4361602, 17.4209894], [78.4355402, 17.4211517], [78.4349456, 17.4213016], [78.4341342, 17.4215748], [78.4336954, 17.4216809], [78.4332324, 17.4217774], [78.43221, 17.4219917]]}}, {"type": "Feature", "id": "way/28197080", "properties": {"osm_id": 28197080, "highway": "secondary", "lanes": "2", "locality": "Banjara Hills", "maxspeed": "60", "name": "Banjara Hills Road Number 10", "oneway": "yes", "surface": "asphalt"}, "geometry": {"type": "LineString", "coordinates": [[78.4292851, 17.4169975], [78.4299926, 17.4168452], [78.4303907, 17.4167906], [78.4314201, 17.4166684], [78.4314403, 17.4166666], [78.4315019, 17.4166613], [78.4317089, 17.416645], [78.4317648, 17.4166406], [78.4319855, 17.4166013], [78.4322038, 17.4165812], [78.4324338, 17.4165556], [78.433357, 17.4164633], [78.4336235, 17.416442], [78.4340998, 17.4163751], [78.4344104, 17.4163306], [78.4344613, 17.4163248], [78.4345516, 17.4163146], [78.4349066, 17.4162582], [78.4351237, 17.4162192], [78.4353491, 17.4161791], [78.4357577, 17.4160766], [78.4359608, 17.4160209], [78.4360834, 17.4160109], [78.436206, 17.416022], [78.4363671, 17.4160554], [78.4366777, 17.4161234], [78.4368189, 17.41612], [78.4369695, 17.4161011], [78.4372637, 17.4160499], [78.437405, 17.4160476], [78.4374762, 17.4160632], [78.4375626, 17.4161111], [78.4378008, 17.4162782], [78.4381114, 17.4164977], [78.4383869, 17.4167249], [78.4386005, 17.4169423], [78.4386541, 17.4170013], [78.4387184, 17.4169437], [78.4388247, 17.4168486], [78.4390313, 17.4166158], [78.4393524, 17.4162994], [78.4394762, 17.4161958], [78.4396023, 17.4161267], [78.4397388, 17.4160877], [78.4399256, 17.4160565], [78.4401697, 17.4160042], [78.4405549, 17.4159407], [78.4408386, 17.4159028], [78.4411121, 17.4158705], [78.4412902, 17.4158567], [78.4414376, 17.4158482], [78.4421194, 17.4159184], [78.4421953, 17.4159396], [78.4426483, 17.415993], [78.4428794, 17.4159841], [78.443204, 17.4159585], [78.4435554, 17.4159095], [78.4441315, 17.4158001], [78.4444408, 17.415744], [78.4449966, 17.4156505], [78.4453232, 17.4155956], [78.4455909, 17.4155506], [78.4456826, 17.4155352], [78.4459208, 17.4154762], [78.4461624, 17.4153614], [78.4463796, 17.4152066], [78.4465787, 17.4150981], [78.4467311, 17.4150327], [78.4467557, 17.4150221], [78.4470494, 17.4150002], [78.4473732, 17.4149681], [78.4476829, 17.4149664], [78.447827, 17.4149664], [78.4479678, 17.4149664], [78.4480864, 17.4149563], [78.4482406, 17.4149413], [78.4485565, 17.4148958], [78.4486273, 17.4148788], [78.4490386, 17.414834], [78.449205, 17.4148208], [78.4494349, 17.4148143]]}}, {"type": "Feature", "id": "way/28475979", "properties": {"osm_id": 28475979, "highway": "tertiary", "name": "Banjara Hills Road Number 4", "oneway": "no"}, "geometry": {"type": "LineString", "coordinates": [[78.4393447, 17.4209161], [78.43955, 17.4210068], [78.4398096, 17.4212031], [78.4400976, 17.421252], [78.4405625, 17.4212624], [78.4406092, 17.4209333], [78.4406536, 17.4206198], [78.4409764, 17.420291], [78.4413961, 17.4203787], [78.4415958, 17.4207321], [78.4418342, 17.4207854], [78.4421737, 17.4208614], [78.4422358, 17.4208753], [78.4431476, 17.4208947], [78.4435586, 17.4207196], [78.4436086, 17.420692], [78.4437651, 17.4206317], [78.4439521, 17.4205546], [78.4439825, 17.4205519], [78.4440766, 17.4205437], [78.4444358, 17.4204804], [78.444825, 17.4204143], [78.4451943, 17.4201828], [78.4459491, 17.4202425], [78.4465556, 17.4202312], [78.4468956, 17.4201551], [78.4470132, 17.420137], [78.4475189, 17.4200254], [78.4475612, 17.4200161], [78.447584, 17.420011], [78.4475977, 17.420008]]}}, {"type": "Feature", "id": "way/28475981", "properties": {"osm_id": 28475981, "highway": "tertiary", "name": "Banjara Hills Road Number 9"}, "geometry": {"type": "LineString", "coordinates": [[78.4436284, 17.4190882], [78.4434562, 17.4184742], [78.4434148, 17.4183383], [78.4433672, 17.4181603], [78.4432529, 17.4177329], [78.4432445, 17.4177023], [78.4431368, 17.4173649], [78.443052, 17.4170837], [78.4429785, 17.4168491], [78.4429314, 17.4167201], [78.4429127, 17.416672], [78.4426483, 17.415993], [78.4426427, 17.4159299], [78.4426404, 17.4159038]]}}, {"type": "Feature", "id": "way/31428019", "properties": {"osm_id": 31428019, "highway": "tertiary"}, "geometry": {"type": "LineString", "coordinates": [[78.4330331, 17.4263229], [78.4332736, 17.4256226], [78.4334585, 17.4250841], [78.4334902, 17.4249884]]}}, {"type": "Feature", "id": "way/31826762", "properties": {"osm_id": 31826762, "highway": "residential"}, "geometry": {"type": "LineString", "coordinates": [[78.4319867, 17.4177948], [78.431696, 17.4178624], [78.4311941, 17.4179362], [78.430968, 17.4179253], [78.4308396, 17.4179308], [78.4307446, 17.4179359], [78.4303331, 17.4179246], [78.4297978, 17.417984], [78.4296657, 17.4179987], [78.4293417, 17.418058]]}}, {"type": "Feature", "id": "way/31826765", "properties": {"osm_id": 31826765, "highway": "residential"}, "geometry": {"type": "LineString", "coordinates": [[78.4319, 17.4173442], [78.4325162, 17.4172633], [78.4328802, 17.4172215], [78.4331423, 17.4171835], [78.4334678, 17.4171474], [78.4338626, 17.4171183], [78.4342298, 17.4171415], [78.4348064, 17.4171447], [78.4357245, 17.4170925], [78.4367841, 17.4168422]]}}, {"type": "Feature", "id": "way/31826766", "properties": {"osm_id": 31826766, "highway": "residential"}, "geometry": {"type": "LineString", "coordinates": [[78.4325162, 17.4172633], [78.4324943, 17.4170789], [78.4324631, 17.4168172], [78.4324338, 17.4165556]]}}, {"type": "Feature", "id": "way/31826767", "properties": {"osm_id": 31826767, "highway": "residential"}, "geometry": {"type": "LineString", "coordinates": [[78.4331423, 17.4171835], [78.4331777, 17.4174197], [78.4332052, 17.4176511]]}}, {"type": "Feature", "id": "way/31826769", "properties": {"osm_id": 31826769, "highway": "residential"}, "geometry": {"type": "LineString", "coordinates": [[78.4328802, 17.4172215], [78.4329265, 17.4176792], [78.4329613, 17.4180043]]}}, {"type": "Feature", "id": "way/31826771", "properties": {"osm_id": 31826771, "highway": "residential", "name": "Ibrahim Nagar Road"}, "geometry": {"type": "LineString", "coordinates": [[78.4323512, 17.4180455], [78.4325273, 17.4180267], [78.4329214, 17.4180064], [78.4329613, 17.4180043], [78.4332372, 17.4179882], [78.4335669, 17.4179794], [78.4341196, 17.4178891], [78.4346636, 17.4178662], [78.4348432, 17.4177982], [78.435613, 17.417781], [78.4358718, 17.4177761], [78.4361138, 17.4179623], [78.4361593, 17.4182006], [78.4361783, 17.4186899]]}}, {"type": "Feature", "id": "way/31826772", "properties": {"osm_id": 31826772, "access": "private", "highway": "service"}, "geometry": {"type": "LineString", "coordinates": [[78.4362835, 17.4164565], [78.4353909, 17.4164995], [78.4345706, 17.4165691], [78.4339573, 17.4166544], [78.4335412, 17.41672]]}}, {"type": "Feature", "id": "way/31826773", "properties": {"osm_id": 31826773, "access": "private", "highway": "service"}, "geometry": {"type": "LineString", "coordinates": [[78.435449, 17.416873], [78.4353909, 17.4164995], [78.4353616, 17.4162746], [78.4353491, 17.4161791]]}}, {"type": "Feature", "id": "way/31826774", "properties": {"osm_id": 31826774, "highway": "residential"}, "geometry": {"type": "LineString", "coordinates": [[78.4357857, 17.4174], [78.4358674, 17.417654], [78.4358718, 17.4177761]]}}, {"type": "Feature", "id": "way/31826776", "properties": {"osm_id": 31826776, "created_by": "Merkaartor 0.12", "highway": "residential"}, "geometry": {"type": "LineString", "coordinates": [[78.4367841, 17.4168422], [78.4368521, 17.4170709], [78.4369297, 17.417299]]}}, {"type": "Feature", "id": "way/31826778", "properties": {"osm_id": 31826778, "highway": "residential"}, "geometry": {"type": "LineString", "coordinates": [[78.4368521, 17.4170709], [78.4357857, 17.4174]]}}, {"type": "Feature", "id": "way/31826779", "properties": {"osm_id": 31826779, "highway": "residential"}, "geometry": {"type": "LineString", "coordinates": [[78.4342298, 17.4171415], [78.4342377, 17.417336], [78.4342451, 17.4173783], [78.4342451, 17.4175115], [78.4340849, 17.4175366], [78.4341196, 17.4178891]]}}, {"type": "Feature", "id": "way/31826780", "properties": {"osm_id": 31826780, "highway": "residential"}, "geometry": {"type": "LineString", "coordinates": [[78.4340849, 17.4175366], [78.4332052, 17.4176511]]}}, {"type": "Feature", "id": "way/31826781", "properties": {"osm_id": 31826781, "created_by": "Merkaartor 0.12", "highway": "residential"}, "geometry": {"type": "LineString", "coordinates": [[78.4342377, 17.417336], [78.4337785, 17.4173485], [78.4331777, 17.4174197]]}}, {"type": "Feature", "id": "way/31826783", "properties": {"osm_id": 31826783, "highway": "residential"}, "geometry": {"type": "LineString", "coordinates": [[78.4342451, 17.4173783], [78.4354859, 17.4173143], [78.4354912, 17.4173798], [78.4355596, 17.4173632], [78.435613, 17.417781]]}}, {"type": "Feature", "id": "way/31826784", "properties": {"osm_id": 31826784, "created_by": "Merkaartor 0.12", "highway": "residential"}, "geometry": {"type": "LineString", "coordinates": [[78.4347455, 17.4187059], [78.4346558, 17.4181431]]}}, {"type": "Feature", "id": "way/31826786", "properties": {"osm_id": 31826786, "highway": "residential"}, "geometry": {"type": "LineString", "coordinates": [[78.4338384, 17.4198264], [78.4339337, 17.420544], [78.4339979, 17.4208745], [78.4341342, 17.4215748]]}}, {"type": "Feature", "id": "way/31826787", "properties": {"osm_id": 31826787, "highway": "residential"}, "geometry": {"type": "LineString", "coordinates": [[78.4339337, 17.420544], [78.4329824, 17.420606], [78.4326632, 17.4206268], [78.4321584, 17.4206676], [78.4314417, 17.4207256], [78.431407, 17.4207284], [78.4311736, 17.4207396], [78.4310433, 17.4207458], [78.4309155, 17.4207519], [78.4306031, 17.4207668]]}}, {"type": "Feature", "id": "way/31826788", "properties": {"osm_id": 31826788, "highway": "residential", "surface": "concrete"}, "geometry": {"type": "LineString", "coordinates": [[78.4308309, 17.4222067], [78.4307658, 17.422008], [78.4307569, 17.4218364], [78.4307338, 17.4216204], [78.4307032, 17.4214137], [78.4306721, 17.421259], [78.4306031, 17.4207668], [78.430563, 17.4205029], [78.4304731, 17.419911], [78.430437, 17.419673], [78.4303501, 17.419252], [78.4303454, 17.4187931], [78.4303571, 17.4184857], [78.4303535, 17.4184006]]}}, {"type": "Feature", "id": "way/31826790", "properties": {"osm_id": 31826790, "highway": "residential", "surface": "concrete"}, "geometry": {"type": "LineString", "coordinates": [[78.4292971, 17.4191837], [78.4299335, 17.4192201], [78.4300268, 17.4192272], [78.4303501, 17.419252]]}}, {"type": "Feature", "id": "way/31826791", "properties": {"osm_id": 31826791, "highway": "residential"}, "geometry": {"type": "LineString", "coordinates": [[78.4339979, 17.4208745], [78.4354648, 17.4207019], [78.4358375, 17.4206581], [78.4357967, 17.420269], [78.4357484, 17.4199701], [78.4348127, 17.4198957], [78.4343869, 17.4198618], [78.4341463, 17.4198332]]}}, {"type": "Feature", "id": "way/31826792", "properties": {"osm_id": 31826792, "created_by": "Merkaartor 0.12", "highway": "residential"}, "geometry": {"type": "LineString", "coordinates": [[78.4326632, 17.4206268], [78.4326094, 17.4199058], [78.4325864, 17.4197434]]}}, {"type": "Feature", "id": "way/31826793", "properties": {"osm_id": 31826793, "highway": "residential"}, "geometry": {"type": "LineString", "coordinates": [[78.4325864, 17.4197434], [78.4320772, 17.4196981], [78.4319545, 17.4196837], [78.4317271, 17.419667], [78.4315157, 17.4196362], [78.4313849, 17.4196226], [78.4311457, 17.4195906], [78.430811, 17.4195459]]}}, {"type": "Feature", "id": "way/31826794", "properties": {"osm_id": 31826794, "highway": "residential", "name": "Nandi Nagar road"}, "geometry": {"type": "LineString", "coordinates": [[78.430811, 17.4195459], [78.4308142, 17.4191387], [78.4308192, 17.4184792], [78.4308185, 17.4184079], [78.4308211, 17.4182384], [78.4308396, 17.4179308]]}}, {"type": "Feature", "id": "way/31826795", "properties": {"osm_id": 31826795, "created_by": "Merkaartor 0.12", "highway": "residential"}, "geometry": {"type": "LineString", "coordinates": [[78.4311457, 17.4195906], [78.4311574, 17.4191434], [78.4308142, 17.4191387]]}}, {"type": "Feature", "id": "way/31826796", "properties": {"osm_id": 31826796, "highway": "residential"}, "geometry": {"type": "LineString", "coordinates": [[78.4308192, 17.4184792], [78.4304261, 17.4184874]]}}, {"type": "Feature", "id": "way/31826798", "properties": {"osm_id": 31826798, "highway": "residential"}, "geometry": {"type": "LineString", "coordinates": [[78.431696, 17.4178624], [78.4317449, 17.4181956], [78.4317898, 17.4184472], [78.4317731, 17.4186365], [78.431762, 17.4187622], [78.4317524, 17.4188708], [78.4317502, 17.4188955], [78.4317478, 17.4189227], [78.4317271, 17.419667]]}}, {"type": "Feature", "id": "way/31826799", "properties": {"osm_id": 31826799, "highway": "residential"}, "geometry": {"type": "LineString", "coordinates": [[78.4317449, 17.4181956], [78.4314092, 17.4182503], [78.4313081, 17.4182781], [78.4308211, 17.4182384]]}}, {"type": "Feature", "id": "way/31826800", "properties": {"osm_id": 31826800, "highway": "residential"}, "geometry": {"type": "LineString", "coordinates": [[78.433686, 17.4185709], [78.4324688, 17.4187195], [78.4323934, 17.4187318]]}}, {"type": "Feature", "id": "way/31826801", "properties": {"osm_id": 31826801, "highway": "residential"}, "geometry": {"type": "LineString", "coordinates": [[78.433803, 17.4192171], [78.4324672, 17.4192953]]}}, {"type": "Feature", "id": "way/31826802", "properties": {"osm_id": 31826802, "created_by": "Merkaartor 0.12", "highway": "residential"}, "geometry": {"type": "LineString", "coordinates": [[78.4324672, 17.4192953], [78.4323934, 17.4187318]]}}, {"type": "Feature", "id": "way/31826803", "properties": {"osm_id": 31826803, "highway": "residential", "name": "Mithila Nagar Road"}, "geometry": {"type": "LineString", "coordinates": [[78.4361593, 17.4182006], [78.4356352, 17.4182202]]}}, {"type": "Feature", "id": "way/31826804", "properties": {"osm_id": 31826804, "highway": "residential"}, "geometry": {"type": "LineString", "coordinates": [[78.433729, 17.4187781], [78.4341961, 17.4187391], [78.4347455, 17.4187059], [78.4348575, 17.4187018], [78.4350921, 17.4186917], [78.4361783, 17.4186899], [78.4364465, 17.4186727], [78.4371782, 17.4184124], [78.4374996, 17.418298], [78.437925, 17.4178917], [78.4380627, 17.4177367], [78.4382883, 17.4174051], [78.4384232, 17.4172069], [78.4384781, 17.4171432], [78.4386541, 17.4170013]]}}, {"type": "Feature", "id": "way/31826805", "properties": {"osm_id": 31826805, "highway": "residential"}, "geometry": {"type": "LineString", "coordinates": [[78.4374996, 17.418298], [78.4373964, 17.4179916], [78.4373106, 17.4176787]]}}, {"type": "Feature", "id": "way/31826808", "properties": {"osm_id": 31826808, "highway": "residential"}, "geometry": {"type": "LineString", "coordinates": [[78.4381673, 17.416431], [78.4381114, 17.4164977], [78.4378725, 17.4167757]]}}, {"type": "Feature", "id": "way/31826809", "properties": {"osm_id": 31826809, "created_by": "Merkaartor 0.12", "highway": "residential"}, "geometry": {"type": "LineString", "coordinates": [[78.4373964, 17.4179916], [78.4366977, 17.4182009]]}}, {"type": "Feature", "id": "way/31826812", "properties": {"osm_id": 31826812, "highway": "residential"}, "geometry": {"type": "LineString", "coordinates": [[78.4343869, 17.4198618], [78.4344121, 17.419124], [78.4348778, 17.4191151]]}}, {"type": "Feature", "id": "way/31826813", "properties": {"osm_id": 31826813, "created_by": "Merkaartor 0.12", "highway": "residential"}, "geometry": {"type": "LineString", "coordinates": [[78.4348575, 17.4187018], [78.4348778, 17.4191151], [78.4348825, 17.4193301], [78.43566, 17.4193438], [78.4356564, 17.4194707], [78.43621, 17.4194731]]}}, {"type": "Feature", "id": "way/31826815", "properties": {"osm_id": 31826815, "highway": "residential"}, "geometry": {"type": "LineString", "coordinates": [[78.4370135, 17.4208563], [78.4370006, 17.4205655], [78.4369834, 17.420155], [78.4369701, 17.4198392]]}}, {"type": "Feature", "id": "way/31826816", "properties": {"osm_id": 31826816, "created_by": "Merkaartor 0.12", "highway": "residential"}, "geometry": {"type": "LineString", "coordinates": [[78.4365896, 17.4205702], [78.4370006, 17.4205655]]}}, {"type": "Feature", "id": "way/31826817", "properties": {"osm_id": 31826817, "highway": "residential", "name": "Crosswinds road"}, "geometry": {"type": "LineString", "coordinates": [[78.4377616, 17.4209983], [78.4377801, 17.4200543], [78.437764, 17.4196422], [78.4377024, 17.4194836], [78.4376353, 17.4194247], [78.4375629, 17.4193965], [78.4374502, 17.4194093], [78.4373349, 17.4193953], [78.4370694, 17.4193582], [78.4368937, 17.4193341]]}}, {"type": "Feature", "id": "way/31826819", "properties": {"osm_id": 31826819, "created_by": "Merkaartor 0.12", "highway": "residential"}, "geometry": {"type": "LineString", "coordinates": [[78.4387425, 17.4209574], [78.4386527, 17.420274]]}}, {"type": "Feature", "id": "way/31826823", "properties": {"osm_id": 31826823, "highway": "residential"}, "geometry": {"type": "LineString", "coordinates": [[78.4388372, 17.4172056], [78.4389965, 17.4175974], [78.4391421, 17.4179334], [78.4392291, 17.4182166], [78.4393534, 17.4185528], [78.4393864, 17.4186807], [78.4393965, 17.4187491], [78.4394053, 17.4188724]]}}, {"type": "Feature", "id": "way/31826826", "properties": {"osm_id": 31826826, "highway": "residential"}, "geometry": {"type": "LineString", "coordinates": [[78.4388247, 17.4168486], [78.4390247, 17.4169866], [78.4390848, 17.4170255], [78.4391556, 17.4170466], [78.4392378, 17.4170506], [78.4394968, 17.4170258], [78.4396106, 17.4170006], [78.4397569, 17.4169433], [78.4403427, 17.4166993], [78.4406809, 17.416569], [78.4411121, 17.4158705], [78.4411081, 17.4157776]]}}, {"type": "Feature", "id": "way/31826830", "properties": {"osm_id": 31826830, "highway": "residential"}, "geometry": {"type": "LineString", "coordinates": [[78.4413217, 17.4180845], [78.4414077, 17.4186676], [78.4416407, 17.4188435], [78.441895, 17.4194722]]}}, {"type": "Feature", "id": "way/31826831", "properties": {"osm_id": 31826831, "highway": "residential"}, "geometry": {"type": "LineString", "coordinates": [[78.4383289, 17.4187079], [78.4383504, 17.418713], [78.4386954, 17.4187129], [78.4387741, 17.4187063], [78.4388535, 17.4186962], [78.4391796, 17.418606], [78.4393534, 17.4185528], [78.4395455, 17.4185041]]}}, {"type": "Feature", "id": "way/31826833", "properties": {"osm_id": 31826833, "highway": "residential"}, "geometry": {"type": "LineString", "coordinates": [[78.4387647, 17.4180418], [78.43865, 17.417733], [78.4385553, 17.4174789], [78.438504, 17.4173649], [78.4384232, 17.4172069]]}}, {"type": "Feature", "id": "way/31826837", "properties": {"osm_id": 31826837, "highway": "residential"}, "geometry": {"type": "LineString", "coordinates": [[78.4452344, 17.4171779], [78.4451102, 17.416368], [78.4450818, 17.4161617], [78.4449966, 17.4156505]]}}, {"type": "Feature", "id": "way/31826847", "properties": {"osm_id": 31826847, "access": "private", "highway": "residential"}, "geometry": {"type": "LineString", "coordinates": [[78.4432529, 17.4177329], [78.443201, 17.4177439], [78.4427341, 17.4178424], [78.4427163, 17.4178639], [78.4427063, 17.4178877], [78.4427452, 17.4180185], [78.4427385, 17.4180428], [78.4427163, 17.4180687], [78.4424, 17.4181513]]}}, {"type": "Feature", "id": "way/31826849", "properties": {"osm_id": 31826849, "access": "private", "highway": "residential"}, "geometry": {"type": "LineString", "coordinates": [[78.4431368, 17.4173649], [78.4430609, 17.4173826], [78.4427493, 17.4174552], [78.4426803, 17.4174738], [78.4425768, 17.4175109], [78.4424316, 17.4175734], [78.4423325, 17.4176063], [78.4420892, 17.4176722]]}}, {"type": "Feature", "id": "way/31826850", "properties": {"osm_id": 31826850, "created_by": "Merkaartor 0.12", "highway": "residential"}, "geometry": {"type": "LineString", "coordinates": [[78.4408364, 17.4195145], [78.4403805, 17.4195107]]}}, {"type": "Feature", "id": "way/31826852", "properties": {"osm_id": 31826852, "created_by": "Merkaartor 0.12", "highway": "residential"}, "geometry": {"type": "LineString", "coordinates": [[78.4423373, 17.4193428], [78.4425254, 17.4199912]]}}, {"type": "Feature", "id": "way/31826854", "properties": {"osm_id": 31826854, "bicycle": "yes", "foot": "yes", "highway": "residential", "phone": "40 2332 2105", "postal_code": "500034"}, "geometry": {"type": "LineString", "coordinates": [[78.4436086, 17.420692], [78.4434107, 17.4200901]]}}, {"type": "Feature", "id": "way/31826855", "properties": {"osm_id": 31826855, "highway": "residential"}, "geometry": {"type": "LineString", "coordinates": [[78.4430204, 17.4198039], [78.4427834, 17.4193084]]}}, {"type": "Feature", "id": "way/31826856", "properties": {"osm_id": 31826856, "highway": "residential"}, "geometry": {"type": "LineString", "coordinates": [[78.4439825, 17.4205519], [78.4440628, 17.4189847]]}}, {"type": "Feature", "id": "way/32482313", "properties": {"osm_id": 32482313, "highway": "residential", "source": "Yahoo imagery"}, "geometry": {"type": "LineString", "coordinates": [[78.4310004, 17.422251], [78.4315317, 17.4230887], [78.431584, 17.4231765], [78.4318615, 17.4235035], [78.4322489, 17.4239601]]}}, {"type": "Feature", "id": "way/32482314", "properties": {"osm_id": 32482314, "access": "private", "highway": "service", "source": "Yahoo imagery"}, "geometry": {"type": "LineString", "coordinates": [[78.4304607, 17.4233506], [78.4309058, 17.4232736], [78.4311619, 17.4232369]]}}, {"type": "Feature", "id": "way/32482315", "properties": {"osm_id": 32482315, "access": "private", "highway": "service", "source": "Yahoo imagery"}, "geometry": {"type": "LineString", "coordinates": [[78.4309058, 17.4232736], [78.4308568, 17.4230666]]}}, {"type": "Feature", "id": "way/32482316", "properties": {"osm_id": 32482316, "access": "private", "highway": "service", "source": "Yahoo imagery"}, "geometry": {"type": "LineString", "coordinates": [[78.4300971, 17.422391], [78.4301105, 17.4224429], [78.4302313, 17.4229118]]}}, {"type": "Feature", "id": "way/32482318", "properties": {"osm_id": 32482318, "access": "private", "highway": "service", "source": "Yahoo imagery"}, "geometry": {"type": "LineString", "coordinates": [[78.4299711, 17.4229606], [78.4302313, 17.4229118], [78.4308761, 17.4227814]]}}, {"type": "Feature", "id": "way/32482319", "properties": {"osm_id": 32482319, "highway": "residential", "source": "Yahoo imagery"}, "geometry": {"type": "LineString", "coordinates": [[78.4355618, 17.4231607], [78.4347872, 17.4232788], [78.4345541, 17.4233063], [78.433615, 17.4236287], [78.4330643, 17.4237895], [78.4329486, 17.4238219]]}}, {"type": "Feature", "id": "way/32482321", "properties": {"osm_id": 32482321, "access": "private", "highway": "residential", "source": "Yahoo imagery"}, "geometry": {"type": "LineString", "coordinates": [[78.4315317, 17.4230887], [78.4315897, 17.423057], [78.4321009, 17.4227772]]}}, {"type": "Feature", "id": "way/32482322", "properties": {"osm_id": 32482322, "access": "private", "highway": "service", "source": "Yahoo imagery"}, "geometry": {"type": "LineString", "coordinates": [[78.4318674, 17.4220933], [78.4318874, 17.4221233], [78.4322637, 17.422686], [78.4323668, 17.4228551]]}}, {"type": "Feature", "id": "way/32482324", "properties": {"osm_id": 32482324, "highway": "residential", "source": "Yahoo imagery"}, "geometry": {"type": "LineString", "coordinates": [[78.4336954, 17.4216809], [78.4337217, 17.4217338], [78.43393, 17.422694]]}}, {"type": "Feature", "id": "way/32482325", "properties": {"osm_id": 32482325, "access": "private", "highway": "service", "source": "Yahoo imagery"}, "geometry": {"type": "LineString", "coordinates": [[78.4355507, 17.4225409], [78.4354521, 17.4225451], [78.4351398, 17.4225585]]}}, {"type": "Feature", "id": "way/32482326", "properties": {"osm_id": 32482326, "access": "private", "highway": "service", "source": "Yahoo imagery"}, "geometry": {"type": "LineString", "coordinates": [[78.4356596, 17.4222765], [78.4355406, 17.4222191], [78.4354398, 17.4221706]]}}, {"type": "Feature", "id": "way/32482328", "properties": {"osm_id": 32482328, "created_by": "Merkaartor 0.12", "highway": "residential", "source": "Yahoo imagery"}, "geometry": {"type": "LineString", "coordinates": [[78.4347872, 17.4232788], [78.4348703, 17.4237627]]}}, {"type": "Feature", "id": "way/32482329", "properties": {"osm_id": 32482329, "created_by": "Merkaartor 0.12", "highway": "residential", "source": "Yahoo imagery"}, "geometry": {"type": "LineString", "coordinates": [[78.4368112, 17.424575], [78.4368245, 17.4248513], [78.4368343, 17.4253154]]}}, {"type": "Feature", "id": "way/32482330", "properties": {"osm_id": 32482330, "created_by": "Merkaartor 0.12", "highway": "residential", "source": "Yahoo imagery"}, "geometry": {"type": "LineString", "coordinates": [[78.4381825, 17.4249154], [78.4377652, 17.424891], [78.4373378, 17.4248672], [78.4368245, 17.4248513], [78.4362157, 17.4248453]]}}, {"type": "Feature", "id": "way/32482331", "properties": {"osm_id": 32482331, "highway": "residential", "source": "Yahoo imagery"}, "geometry": {"type": "LineString", "coordinates": [[78.4361903, 17.4247592], [78.4362157, 17.4248453], [78.4363281, 17.4251062], [78.4363584, 17.425145], [78.4364687, 17.4252863], [78.4364967, 17.4253245], [78.4365254, 17.4253661], [78.4365319, 17.4254033]]}}, {"type": "Feature", "id": "way/32482333", "properties": {"osm_id": 32482333, "created_by": "Merkaartor 0.12", "highway": "residential", "source": "Yahoo imagery"}, "geometry": {"type": "LineString", "coordinates": [[78.4377652, 17.424891], [78.4377365, 17.4253469]]}}, {"type": "Feature", "id": "way/32482334", "properties": {"osm_id": 32482334, "created_by": "Merkaartor 0.12", "highway": "residential", "source": "Yahoo imagery"}, "geometry": {"type": "LineString", "coordinates": [[78.4373378, 17.4248672], [78.4373022, 17.425332]]}}, {"type": "Feature", "id": "way/32482335", "properties": {"osm_id": 32482335, "highway": "residential", "source": "Yahoo imagery"}, "geometry": {"type": "LineString", "coordinates": [[78.4349847, 17.4254242], [78.4351245, 17.424932], [78.4353139, 17.4243004]]}}, {"type": "Feature", "id": "way/57357661", "properties": {"osm_id": 57357661, "highway": "tertiary", "name": "Road No 13"}, "geometry": {"type": "LineString", "coordinates": [[78.4506439, 17.408743], [78.4504305, 17.4087797], [78.4501147, 17.4088041], [78.4497874, 17.40878], [78.4495028, 17.4086887], [78.4492822, 17.4086661], [78.4491557, 17.408657], [78.4490642, 17.4086639], [78.4488615, 17.4087365], [78.4486802, 17.4088164], [78.4485823, 17.408876], [78.4484436, 17.40895], [78.448348, 17.4089753], [78.4480744, 17.4090008], [78.4478119, 17.4091405], [78.4475329, 17.4092736], [78.4473584, 17.4094277], [78.4472867, 17.4095045], [78.4470844, 17.4097557], [78.4468607, 17.4099571], [78.4466479, 17.4100325], [78.4465824, 17.4100557], [78.4463525, 17.4101269], [78.4460487, 17.4101657], [78.4457943, 17.4101628], [78.4455626, 17.4101602], [78.4450997, 17.4100725], [78.4448632, 17.4100434], [78.4444428, 17.4100364], [78.4440533, 17.4100529], [78.4439744, 17.4100467], [78.4431687, 17.4100286], [78.4429195, 17.4100209], [78.4426135, 17.4100309], [78.4423932, 17.4100467], [78.4422836, 17.4100501], [78.4418651, 17.4100742], [78.4418008, 17.4100759], [78.4405295, 17.4101212], [78.4400758, 17.4101333], [78.4399525, 17.4101404], [78.4395817, 17.4100646], [78.4392553, 17.4101755], [78.4391789, 17.4101793], [78.439143, 17.4101643], [78.4390575, 17.4101241], [78.4386534, 17.4097701]]}}, {"type": "Feature", "id": "way/57357703", "properties": {"osm_id": 57357703, "access": "private", "highway": "residential"}, "geometry": {"type": "LineString", "coordinates": [[78.4388189, 17.4109326], [78.4388066, 17.4113554], [78.4388059, 17.4117233], [78.4388332, 17.4118836], [78.4389789, 17.412189], [78.4390068, 17.4123023], [78.4390276, 17.4123868], [78.4391487, 17.4128645], [78.4391991, 17.4130635]]}}, {"type": "Feature", "id": "way/58382905", "properties": {"osm_id": 58382905, "highway": "residential", "osm_type": "way"}, "geometry": {"type": "LineString", "coordinates": [[78.4369738, 17.4135215], [78.4368256, 17.4135713], [78.4366837, 17.4136189], [78.4365355, 17.4136687], [78.4365637, 17.4139692], [78.4365839, 17.4140252], [78.4369139, 17.414623], [78.4369887, 17.4148649], [78.4372188, 17.4155028], [78.4373565, 17.4157722], [78.4373893, 17.4158575], [78.4374144, 17.4159621]]}}, {"type": "Feature", "id": "way/59586029", "properties": {"osm_id": 59586029, "highway": "residential"}, "geometry": {"type": "LineString", "coordinates": [[78.4430144, 17.4141248], [78.4425785, 17.4141257], [78.4425795, 17.4143755]]}}, {"type": "Feature", "id": "way/59586035", "properties": {"osm_id": 59586035, "highway": "residential", "layer": "1", "name": "Banjara Hills Road Number 11"}, "geometry": {"type": "LineString", "coordinates": [[78.439727, 17.4138533], [78.4400937, 17.4137665], [78.44054, 17.4136927], [78.4409425, 17.4136811], [78.4411296, 17.4136827], [78.4413592, 17.413675], [78.4414205, 17.4137568], [78.4416526, 17.4137676], [78.4418801, 17.4137664], [78.4419382, 17.4137661], [78.4420764, 17.4137583], [78.4421971, 17.4137514], [78.442219, 17.4137502], [78.4428224, 17.4137159], [78.4429787, 17.4137151], [78.4442166, 17.4136854], [78.4444252, 17.4136692], [78.4451219, 17.413641]]}}, {"type": "Feature", "id": "way/59586042", "properties": {"osm_id": 59586042, "highway": "residential"}, "geometry": {"type": "LineString", "coordinates": [[78.4421784, 17.4141099], [78.442177, 17.414153], [78.4421705, 17.4143463], [78.4421692, 17.4143856], [78.4421713, 17.4145139], [78.4421771, 17.4148757], [78.4421804, 17.4150827], [78.4421881, 17.4152883], [78.4421887, 17.4153039], [78.4421967, 17.4154826], [78.4422134, 17.4158557]]}}, {"type": "Feature", "id": "way/59586047", "properties": {"osm_id": 59586047, "highway": "residential"}, "geometry": {"type": "LineString", "coordinates": [[78.437579, 17.4128386], [78.4373903, 17.4121389], [78.4373414, 17.4119353], [78.4373364, 17.4117733], [78.4373392, 17.4116492], [78.4373598, 17.4109533], [78.4373469, 17.4107946]]}}, {"type": "Feature", "id": "way/59586067", "properties": {"osm_id": "-64332", "full_id": "w-64332", "highway": "tertiary", "osm_type": "way"}, "geometry": {"type": "LineString", "coordinates": [[78.4353692, 17.4090975], [78.434715, 17.4090647], [78.4346021, 17.4090618], [78.4342393, 17.4090572], [78.4337963, 17.4090557], [78.4333063, 17.4090799], [78.4330935, 17.4090981], [78.4324717, 17.4091487], [78.4321354, 17.4091503], [78.4319309, 17.4091814], [78.4318131, 17.4092134], [78.4316962, 17.4092829], [78.4316361, 17.4093321], [78.4311681, 17.4096737], [78.4309376, 17.4097959], [78.4308144, 17.4098722], [78.4307414, 17.4098997], [78.4306146, 17.4099311], [78.4305275, 17.4099567], [78.4304034, 17.4100021], [78.4303115, 17.4100475], [78.4299629, 17.4103397], [78.4297426, 17.4104848], [78.429586, 17.4105989], [78.4294982, 17.4106882], [78.4293593, 17.4108297], [78.4291871, 17.4110328], [78.4290259, 17.4112411], [78.4288878, 17.4113427], [78.4285438, 17.4115356]]}}, {"type": "Feature", "id": "way/59586085", "properties": {"osm_id": 59586085, "highway": "residential"}, "geometry": {"type": "LineString", "coordinates": [[78.4366634, 17.415508], [78.4372188, 17.4155028], [78.4376459, 17.4153011], [78.4378164, 17.4151958]]}}, {"type": "Feature", "id": "way/59586385", "properties": {"osm_id": 59586385, "highway": "residential"}, "geometry": {"type": "LineString", "coordinates": [[78.4387279, 17.423222], [78.4387935, 17.4236108], [78.4389036, 17.4241292]]}}, {"type": "Feature", "id": "way/59586386", "properties": {"osm_id": 59586386, "highway": "residential"}, "geometry": {"type": "LineString", "coordinates": [[78.4383343, 17.4234268], [78.4384905, 17.4243608]]}}, {"type": "Feature", "id": "way/59586388", "properties": {"osm_id": 59586388, "highway": "residential"}, "geometry": {"type": "LineString", "coordinates": [[78.436803, 17.4233061], [78.4369684, 17.422947], [78.4369992, 17.4228801], [78.437175, 17.4224985], [78.4372425, 17.4223519], [78.4374494, 17.4221497], [78.4374774, 17.4220583], [78.4374505, 17.4219796], [78.4372605, 17.4213898]]}}, {"type": "Feature", "id": "way/75242632", "properties": {"osm_id": 75242632, "highway": "residential"}, "geometry": {"type": "LineString", "coordinates": [[78.4442166, 17.4136854], [78.4442723, 17.4141988], [78.4442918, 17.4143732], [78.4444416, 17.4156961]]}}, {"type": "Feature", "id": "way/75242633", "properties": {"osm_id": 75242633, "highway": "residential"}, "geometry": {"type": "LineString", "coordinates": [[78.4435009, 17.4152598], [78.4433783, 17.4143659], [78.4433766, 17.4143307], [78.4433925, 17.4142986], [78.4434173, 17.4142817], [78.4439287, 17.4142369], [78.4442723, 17.4141988]]}}, {"type": "Feature", "id": "way/75729057", "properties": {"osm_id": 75729057, "highway": "residential"}, "geometry": {"type": "LineString", "coordinates": [[78.4440795, 17.4151809], [78.4435009, 17.4152598], [78.4426005, 17.4153411]]}}, {"type": "Feature", "id": "way/116678114", "properties": {"osm_id": 116678114, "highway": "residential"}, "geometry": {"type": "LineString", "coordinates": [[78.4386534, 17.4097701], [78.4382566, 17.4102932], [78.4382294, 17.4103326], [78.4382157, 17.4103764], [78.4382123, 17.4105469], [78.438212, 17.4109101], [78.4382096, 17.4109393], [78.4381852, 17.4112403], [78.4381792, 17.4112917], [78.4381515, 17.4115297], [78.4381396, 17.4116318], [78.438119, 17.4117754]]}}, {"type": "Feature", "id": "way/116678176", "properties": {"osm_id": 116678176, "highway": "residential"}, "geometry": {"type": "LineString", "coordinates": [[78.4381021, 17.4131898], [78.4380887, 17.4131342], [78.4380253, 17.4128002], [78.4378111, 17.4120862], [78.4377971, 17.4120673], [78.4377721, 17.412055], [78.4377411, 17.41205], [78.4373903, 17.4121389]]}}, {"type": "Feature", "id": "way/116678221", "properties": {"osm_id": 116678221, "access": "private", "highway": "residential"}, "geometry": {"type": "LineString", "coordinates": [[78.4393037, 17.4108052], [78.4392781, 17.4111332], [78.4392485, 17.4115149]]}}, {"type": "Feature", "id": "way/116678222", "properties": {"osm_id": 116678222, "access": "private", "highway": "residential"}, "geometry": {"type": "LineString", "coordinates": [[78.4389979, 17.4111072], [78.4392781, 17.4111332], [78.4395773, 17.4111609]]}}, {"type": "Feature", "id": "way/116678223", "properties": {"osm_id": 116678223, "access": "private", "highway": "residential"}, "geometry": {"type": "LineString", "coordinates": [[78.4391429, 17.4119774], [78.4392178, 17.4119079], [78.4395385, 17.4119282]]}}, {"type": "Feature", "id": "way/116678228", "properties": {"osm_id": 116678228, "highway": "residential"}, "geometry": {"type": "LineString", "coordinates": [[78.4341617, 17.4109443], [78.434452, 17.4108917], [78.4349859, 17.4107803], [78.4357219, 17.4106273], [78.4360308, 17.4105521], [78.4365786, 17.4104187], [78.4368414, 17.4103829], [78.4369728, 17.4103752], [78.4370486, 17.4103911], [78.437127, 17.4104238], [78.4374057, 17.410547], [78.4374933, 17.4105621]]}}, {"type": "Feature", "id": "way/116678230", "properties": {"osm_id": "-64282", "full_id": "w-64282", "highway": "residential", "osm_type": "way"}, "geometry": {"type": "LineString", "coordinates": [[78.4379967, 17.4094337], [78.4370053, 17.4095739], [78.4361502, 17.4096962], [78.435503, 17.409825], [78.4349221, 17.4099075], [78.4348043, 17.4099389], [78.4346024, 17.4099768], [78.4342561, 17.4100419], [78.4342032, 17.4100518], [78.433815, 17.4101385], [78.4336845, 17.410196]]}}, {"type": "Feature", "id": "way/116678600", "properties": {"osm_id": 116678600, "access": "private", "highway": "service"}, "geometry": {"type": "LineString", "coordinates": [[78.4362064, 17.410173], [78.4361576, 17.4097587], [78.4361502, 17.4096962]]}}, {"type": "Feature", "id": "way/116678928", "properties": {"osm_id": 116678928, "highway": "residential"}, "geometry": {"type": "LineString", "coordinates": [[78.434452, 17.4108917], [78.4344435, 17.411334], [78.4345352, 17.411831]]}}, {"type": "Feature", "id": "way/116679509", "properties": {"osm_id": 116679509, "highway": "residential"}, "geometry": {"type": "LineString", "coordinates": [[78.4315601, 17.4112555], [78.4324989, 17.4110265], [78.4327512, 17.4109874], [78.4328386, 17.4109738], [78.4332738, 17.4109631], [78.4337767, 17.4109669]]}}, {"type": "Feature", "id": "way/116680543", "properties": {"osm_id": 116680543, "highway": "residential"}, "geometry": {"type": "LineString", "coordinates": [[78.432279, 17.4108384], [78.4318219, 17.4109775], [78.4315179, 17.4111075]]}}, {"type": "Feature", "id": "way/116680545", "properties": {"osm_id": 116680545, "highway": "tertiary"}, "geometry": {"type": "LineString", "coordinates": [[78.4311681, 17.4096737], [78.4312476, 17.4098699], [78.4313159, 17.410164], [78.4313629, 17.4103272], [78.4314205, 17.4105831], [78.4314285, 17.4106932], [78.4314561, 17.4108359], [78.4315059, 17.4110827], [78.4315179, 17.4111075], [78.4315601, 17.4112555], [78.4318261, 17.4120746]]}}, {"type": "Feature", "id": "way/116680755", "properties": {"osm_id": 116680755, "highway": "residential"}, "geometry": {"type": "LineString", "coordinates": [[78.4342393, 17.4090572], [78.4342293, 17.4094752], [78.4342032, 17.4100518]]}}, {"type": "Feature", "id": "way/117545448", "properties": {"osm_id": 117545448, "highway": "residential"}, "geometry": {"type": "LineString", "coordinates": [[78.4336628, 17.4138101], [78.4336906, 17.413515], [78.4338104, 17.4123196], [78.4338702, 17.4117227]]}}, {"type": "Feature", "id": "way/117547338", "properties": {"osm_id": 117547338, "highway": "residential", "maxspeed": "20", "osm_type": "way"}, "geometry": {"type": "LineString", "coordinates": [[78.4363998, 17.4142468], [78.4364348, 17.4143932], [78.4364746, 17.4145507], [78.4365582, 17.4148906], [78.4366571, 17.415467], [78.4366634, 17.415508], [78.4366776, 17.416032], [78.4366777, 17.4161234]]}}, {"type": "Feature", "id": "way/117562365", "properties": {"osm_id": 117562365, "highway": "residential"}, "geometry": {"type": "LineString", "coordinates": [[78.4303115, 17.4100475], [78.430016, 17.4096243], [78.4301522, 17.4095361], [78.4301337, 17.4093144], [78.4301198, 17.4092132], [78.4297578, 17.4092299], [78.429557, 17.4092507], [78.4290767, 17.409283]]}}, {"type": "Feature", "id": "way/117563080", "properties": {"osm_id": 117563080, "highway": "residential"}, "geometry": {"type": "LineString", "coordinates": [[78.4309582, 17.4105095], [78.4311711, 17.4104136], [78.4313629, 17.4103272], [78.4315547, 17.4102549], [78.43167, 17.410196], [78.43172, 17.4101821], [78.4318148, 17.4101525], [78.4319087, 17.4101116], [78.4320303, 17.4100056], [78.4321343, 17.4099533]]}}, {"type": "Feature", "id": "way/117563406", "properties": {"osm_id": "-64319", "full_id": "w-64319", "highway": "residential", "maxspeed": "20", "osm_type": "way"}, "geometry": {"type": "LineString", "coordinates": [[78.4348822, 17.4138423], [78.4350967, 17.4138244], [78.4351624, 17.41315], [78.4356397, 17.4130936], [78.4359241, 17.4130621], [78.4362593, 17.4130369]]}}, {"type": "Feature", "id": "way/117563407", "properties": {"osm_id": 117563407, "highway": "residential", "maxspeed": "20"}, "geometry": {"type": "LineString", "coordinates": [[78.4358785, 17.4124672], [78.4359241, 17.4130621], [78.4359709, 17.4134766], [78.4356858, 17.4135281], [78.4357012, 17.413649], [78.4357636, 17.4140487], [78.4357884, 17.4141539], [78.4358648, 17.4144779], [78.4359088, 17.4146806], [78.4359702, 17.4149104], [78.4359897, 17.4150028], [78.4361062, 17.4155149], [78.4366571, 17.415467]]}}, {"type": "Feature", "id": "way/117563462", "properties": {"osm_id": 117563462, "highway": "residential", "maxspeed": "20"}, "geometry": {"type": "LineString", "coordinates": [[78.4355523, 17.4124968], [78.4358785, 17.4124672], [78.4362163, 17.4124374]]}}, {"type": "Feature", "id": "way/117563679", "properties": {"osm_id": 117563679, "access": "private", "highway": "residential"}, "geometry": {"type": "LineString", "coordinates": [[78.4366334, 17.4133222], [78.4366138, 17.4122252], [78.4366004, 17.4114699], [78.4365985, 17.4113642]]}}, {"type": "Feature", "id": "way/117563736", "properties": {"osm_id": 117563736, "highway": "residential"}, "geometry": {"type": "LineString", "coordinates": [[78.4388207, 17.4161387], [78.4387574, 17.4158764], [78.4386475, 17.4155666], [78.4385142, 17.4151462]]}}, {"type": "Feature", "id": "way/117563755", "properties": {"osm_id": 117563755, "highway": "residential"}, "geometry": {"type": "LineString", "coordinates": [[78.4404006, 17.4153414], [78.4397636, 17.4154404], [78.4393492, 17.4155704], [78.4390209, 17.4156668]]}}, {"type": "Feature", "id": "way/117563815", "properties": {"osm_id": 117563815, "highway": "residential"}, "geometry": {"type": "LineString", "coordinates": [[78.4383002, 17.4146794], [78.4387288, 17.4145714], [78.4394709, 17.4143847]]}}, {"type": "Feature", "id": "way/117564006", "properties": {"osm_id": 117564006, "highway": "residential", "name": "Banjara Hills Road Number 11"}, "geometry": {"type": "LineString", "coordinates": [[78.4393779, 17.413892], [78.4394709, 17.4143847], [78.4396402, 17.4149217]]}}, {"type": "Feature", "id": "way/117564055", "properties": {"osm_id": 117564055, "highway": "residential"}, "geometry": {"type": "LineString", "coordinates": [[78.4413233, 17.4153803], [78.4414936, 17.4153547], [78.4416197, 17.4153547], [78.4421887, 17.4153039]]}}, {"type": "Feature", "id": "way/117564097", "properties": {"osm_id": 117564097, "highway": "residential", "level": "1"}, "geometry": {"type": "LineString", "coordinates": [[78.4413045, 17.4150261], [78.4413983, 17.415019], [78.4413761, 17.4148655], [78.4413622, 17.4148153], [78.4413495, 17.4147221], [78.4413513, 17.414603], [78.4413535, 17.4145103], [78.4413909, 17.414383], [78.441395, 17.4143134], [78.4414103, 17.4141895], [78.4414252, 17.4139959], [78.4414261, 17.413957], [78.4414205, 17.4137568]]}}, {"type": "Feature", "id": "way/117564308", "properties": {"osm_id": 117564308, "highway": "residential"}, "geometry": {"type": "LineString", "coordinates": [[78.4439287, 17.4142369], [78.4440795, 17.4151809], [78.4441225, 17.4157414], [78.4441315, 17.4158001]]}}, {"type": "Feature", "id": "way/117565544", "properties": {"osm_id": 117565544, "highway": "residential"}, "geometry": {"type": "LineString", "coordinates": [[78.4442918, 17.4143732], [78.4446648, 17.4143393], [78.4447071, 17.4143327]]}}, {"type": "Feature", "id": "way/140094529", "properties": {"osm_id": 140094529, "access": "private", "highway": "service"}, "geometry": {"type": "LineString", "coordinates": [[78.4295362, 17.4218432], [78.4303981, 17.4217091], [78.4303533, 17.4214408]]}}, {"type": "Feature", "id": "way/140094530", "properties": {"osm_id": 140094530, "access": "private", "highway": "service"}, "geometry": {"type": "LineString", "coordinates": [[78.4294983, 17.421578], [78.4303533, 17.4214408]]}}, {"type": "Feature", "id": "way/185322671", "properties": {"osm_id": 185322671, "bicycle": "yes", "foot": "yes", "highway": "tertiary", "lanes": "2", "name": "Banjara Hills Road Number 3", "oneway": "no", "sidewalk": "no"}, "geometry": {"type": "LineString", "coordinates": [[78.4382109, 17.4253352], [78.4381825, 17.4249154], [78.4381811, 17.4247617], [78.4381773, 17.4246322], [78.4378954, 17.4245992], [78.4374797, 17.4245915], [78.4370786, 17.4245864], [78.4368112, 17.424575], [78.4366053, 17.4245237], [78.4364081, 17.4244009], [78.4362327, 17.4242853], [78.4361533, 17.4242051], [78.4360072, 17.4240797], [78.435939, 17.4239449], [78.4357241, 17.4235871], [78.4355753, 17.4232211], [78.4355618, 17.4231607], [78.4355297, 17.4226927], [78.4355507, 17.4225409], [78.4355673, 17.4224598], [78.4356596, 17.4222765], [78.4358006, 17.4221322], [78.4359196, 17.422075], [78.4361842, 17.4219479], [78.4365328, 17.4218328], [78.4369432, 17.4216844], [78.4371042, 17.4215692], [78.4372605, 17.4213898], [78.4373616, 17.4212954], [78.4374877, 17.421216], [78.4376994, 17.4211747], [78.4378001, 17.4211515]]}}, {"type": "Feature", "id": "way/237976871", "properties": {"osm_id": 237976871, "highway": "tertiary", "name": "Banjara Hills Road Number 5"}, "geometry": {"type": "LineString", "coordinates": [[78.4382109, 17.4253352], [78.4387186, 17.4250695], [78.4392444, 17.4248912], [78.4395726, 17.4246247], [78.4396825, 17.4245792], [78.4399071, 17.4244722], [78.4400921, 17.4244332], [78.4402602, 17.4244385], [78.4405009, 17.4244199], [78.4405618, 17.4244152], [78.4412939, 17.4240801], [78.4416112, 17.4239349], [78.4416397, 17.4239305], [78.4417716, 17.4239099], [78.4418201, 17.4239023], [78.442156, 17.423984], [78.4428037, 17.4241415], [78.442963, 17.4241224], [78.4430777, 17.4241087], [78.4432002, 17.424118], [78.4438142, 17.4239011], [78.4441235, 17.4238422], [78.4445754, 17.4238215]]}}, {"type": "Feature", "id": "way/238299150", "properties": {"osm_id": 238299150, "access": "private", "highway": "residential"}, "geometry": {"type": "LineString", "coordinates": [[78.4301015, 17.4124943], [78.4300765, 17.4124093], [78.4299797, 17.41208], [78.4299034, 17.4118206]]}}, {"type": "Feature", "id": "way/238299154", "properties": {"osm_id": 238299154, "highway": "residential"}, "geometry": {"type": "LineString", "coordinates": [[78.4302945, 17.4124414], [78.4301428, 17.4118772]]}}, {"type": "Feature", "id": "way/254795471", "properties": {"osm_id": 254795471, "highway": "residential", "name": "Road No 6"}, "geometry": {"type": "LineString", "coordinates": [[78.4418857, 17.4221312], [78.4423432, 17.4221447], [78.4426981, 17.4221388], [78.4428276, 17.4220954], [78.4429428, 17.4220079], [78.4430152, 17.421917], [78.443183, 17.4217062], [78.4432413, 17.4216022], [78.44324, 17.4214204], [78.4432013, 17.4211566], [78.4431476, 17.4208947]]}}, {"type": "Feature", "id": "way/281546857", "properties": {"osm_id": 281546857, "highway": "residential", "motor_vehicle": "no"}, "geometry": {"type": "LineString", "coordinates": [[78.4462081, 17.4114649], [78.4461832, 17.4115065], [78.4461392, 17.4115646], [78.4459756, 17.4116273], [78.4457939, 17.411674], [78.445529, 17.4117821], [78.4454305, 17.4118429], [78.4452132, 17.4119248], [78.4449249, 17.4119933], [78.444839, 17.4120317], [78.44478, 17.4120809], [78.4447519, 17.4121231], [78.4447398, 17.4121539], [78.444719, 17.4121795], [78.4446798, 17.4121996], [78.4445313, 17.4122281], [78.4443113, 17.4122793], [78.444086, 17.412342], [78.4438332, 17.4124117], [78.4436306, 17.4124531], [78.4434244, 17.4124936], [78.4433067, 17.4125198], [78.4430829, 17.4125603], [78.4429068, 17.4126186], [78.4427873, 17.4126473], [78.4426865, 17.4126903], [78.4425803, 17.4127216], [78.4424122, 17.4127486], [78.442245, 17.4127612], [78.4421273, 17.4127663], [78.4420565, 17.4127866], [78.4419946, 17.4128077], [78.4419587, 17.4128182]]}}, {"type": "Feature", "id": "way/284420959", "properties": {"osm_id": 284420959, "highway": "residential", "sidewalk": "no"}, "geometry": {"type": "LineString", "coordinates": [[78.4351237, 17.4162192], [78.4351075, 17.4161353], [78.4350819, 17.4160032], [78.4350103, 17.4156329], [78.4349377, 17.4152576], [78.4349088, 17.4148872], [78.4343013, 17.4149886], [78.4343211, 17.4151889], [78.4343797, 17.4157565]]}}, {"type": "Feature", "id": "way/284420960", "properties": {"osm_id": 284420960, "highway": "residential"}, "geometry": {"type": "LineString", "coordinates": [[78.4314303, 17.4138073], [78.432357, 17.4137475]]}}, {"type": "Feature", "id": "way/284420962", "properties": {"osm_id": 284420962, "highway": "residential"}, "geometry": {"type": "LineString", "coordinates": [[78.4321943, 17.4164964], [78.4320178, 17.4153766]]}}, {"type": "Feature", "id": "way/284420963", "properties": {"osm_id": 284420963, "highway": "residential"}, "geometry": {"type": "LineString", "coordinates": [[78.4314753, 17.4154688], [78.4316967, 17.4165602]]}}, {"type": "Feature", "id": "way/284420964", "properties": {"osm_id": 284420964, "access": "private", "highway": "residential"}, "geometry": {"type": "LineString", "coordinates": [[78.4332059, 17.415141], [78.4332175, 17.4151764], [78.43323, 17.415345], [78.4332906, 17.4158623], [78.4333372, 17.4162858], [78.433347, 17.4163891]]}}, {"type": "Feature", "id": "way/284420965", "properties": {"osm_id": 284420965, "highway": "residential"}, "geometry": {"type": "LineString", "coordinates": [[78.4336113, 17.4163574], [78.433555, 17.4158138], [78.4335425, 17.4153923], [78.4335328, 17.4152306], [78.4335108, 17.4148617]]}}, {"type": "Feature", "id": "way/284420967", "properties": {"osm_id": 284420967, "highway": "residential"}, "geometry": {"type": "LineString", "coordinates": [[78.4314867, 17.4142754], [78.4314303, 17.4138073], [78.4313553, 17.4132695], [78.4312804, 17.4127297], [78.4312051, 17.4123022], [78.4311906, 17.4122374]]}}, {"type": "Feature", "id": "way/284420968", "properties": {"osm_id": 284420968, "highway": "residential"}, "geometry": {"type": "LineString", "coordinates": [[78.432233, 17.4126525], [78.4322942, 17.4131716], [78.432357, 17.4137475], [78.4324176, 17.4142363]]}}, {"type": "Feature", "id": "way/311208997", "properties": {"osm_id": 311208997, "alt_name": "Shivaji Maharaj road", "highway": "secondary", "lanes": "2", "locality": "Banjara Hills", "maxspeed": "60", "name": "Road No. 12", "oneway": "yes", "surface": "asphalt"}, "geometry": {"type": "LineString", "coordinates": [[78.4292642, 17.4128425], [78.4293534, 17.4128013], [78.4296243, 17.4126921], [78.4297947, 17.4126387], [78.4300913, 17.4125585], [78.4301817, 17.4125408], [78.430257, 17.4125228], [78.4303094, 17.4125103], [78.4303598, 17.4124983], [78.430717, 17.4124181], [78.4312051, 17.4123022], [78.4317188, 17.4121797], [78.4318752, 17.4121307], [78.4321449, 17.4120549], [78.4331851, 17.4117475], [78.4332771, 17.4117336], [78.4335097, 17.4116985], [78.4337946, 17.4117096], [78.4338702, 17.4117227], [78.434173, 17.4118419], [78.4344119, 17.4118959], [78.4346083, 17.4118976], [78.4347339, 17.4118841], [78.4352259, 17.411771], [78.4354381, 17.4117259], [78.4362646, 17.4114856], [78.4365985, 17.4113642], [78.4369953, 17.4111185], [78.4373469, 17.4107946], [78.4374425, 17.4106607], [78.4374933, 17.4105621], [78.4378267, 17.409817], [78.4380804, 17.409436], [78.438097, 17.4094252], [78.4381621, 17.4093457], [78.4382818, 17.4091644], [78.4383575, 17.4090514], [78.4384715, 17.4088798], [78.4385803, 17.408716], [78.43871, 17.4085205], [78.4388881, 17.4082523], [78.4389501, 17.4081708], [78.4390626, 17.4080519], [78.4392347, 17.4078711], [78.4393864, 17.4077301], [78.4398044, 17.4074192], [78.439957, 17.4073312], [78.4399863, 17.4073276], [78.4400252, 17.4073273], [78.440056, 17.4073346], [78.440194, 17.4073907], [78.440302, 17.4074346], [78.4405743, 17.4075671], [78.440907, 17.4076742], [78.4410587, 17.4077244], [78.4411787, 17.4077711], [78.4412653, 17.407793], [78.4413677, 17.407805], [78.4418953, 17.407791], [78.4422341, 17.4077636], [78.4431072, 17.4077234], [78.4435216, 17.4076705], [78.4435904, 17.4076583], [78.4438134, 17.4076268], [78.4438682, 17.4076221], [78.443975, 17.4076074], [78.4447233, 17.4075603], [78.4450887, 17.4076199], [78.445566, 17.407842], [78.4458244, 17.4079467], [78.4458697, 17.4079603], [78.4459819, 17.407994], [78.4463816, 17.4080059], [78.4473871, 17.4080566], [78.4476556, 17.4080841], [78.447806, 17.4081039], [78.4480465, 17.4081193], [78.4483978, 17.4080971], [78.4485791, 17.408082], [78.4487823, 17.4080651], [78.4494121, 17.408084], [78.4496807, 17.4081014], [78.4500125, 17.4080923], [78.4505426, 17.4080848], [78.4506337, 17.4080859], [78.4509641, 17.4080959]]}}, {"type": "Feature", "id": "way/311210360", "properties": {"osm_id": 311210360, "alt_name": "Shivaji Maharaj road", "highway": "secondary", "maxspeed": "60", "name": "Road No 12", "oneway": "yes"}, "geometry": {"type": "LineString", "coordinates": [[78.4386178, 17.4085258], [78.4384517, 17.4087798], [78.4383757, 17.4088914], [78.4382324, 17.4091016], [78.4380994, 17.4092968], [78.4380387, 17.4093858], [78.4379967, 17.4094337], [78.4378356, 17.4096772], [78.4377639, 17.4097822], [78.4376717, 17.4099605], [78.4375421, 17.410269], [78.4374057, 17.410547], [78.4373425, 17.4106812], [78.4372024, 17.4108472]]}}, {"type": "Feature", "id": "way/311210483", "properties": {"osm_id": 311210483, "alt_name": "Shivaji Maharaj road", "highway": "secondary", "maxspeed": "60", "name": "Road No 12", "oneway": "yes"}, "geometry": {"type": "LineString", "coordinates": [[78.4372024, 17.4108472], [78.4371416, 17.4109018], [78.4368813, 17.411109], [78.4366093, 17.4112906]]}}, {"type": "Feature", "id": "way/311210484", "properties": {"osm_id": 311210484, "alt_name": "Shivaji Maharaj road", "highway": "secondary", "maxspeed": "60", "name": "Road No 12", "oneway": "yes"}, "geometry": {"type": "LineString", "coordinates": [[78.4366093, 17.4112906], [78.4365147, 17.4113363], [78.4364073, 17.4113775], [78.4361644, 17.4114488], [78.4359174, 17.4115178], [78.435722, 17.4115724], [78.4354237, 17.4116357], [78.4351797, 17.4116875], [78.4347378, 17.4118064], [78.4345352, 17.411831], [78.4344646, 17.4118342], [78.4343303, 17.4118186], [78.4342579, 17.4117952], [78.4338663, 17.4116553], [78.4337827, 17.4116359], [78.4334839, 17.4116292], [78.4333998, 17.4116315], [78.4332854, 17.411656], [78.4329354, 17.4117402], [78.4326205, 17.4118392], [78.432509, 17.4118743], [78.4324418, 17.411895], [78.4321728, 17.4119779], [78.43207, 17.4120125], [78.4318261, 17.4120746], [78.431596, 17.4121406]]}}, {"type": "Feature", "id": "way/311210485", "properties": {"osm_id": 311210485, "alt_name": "Shivaji Maharaj road", "highway": "secondary", "maxspeed": "60", "name": "Road No 12", "oneway": "yes"}, "geometry": {"type": "LineString", "coordinates": [[78.431596, 17.4121406], [78.4311906, 17.4122374], [78.4310586, 17.4122689], [78.4308022, 17.4123302], [78.4307098, 17.4123524]]}}, {"type": "Feature", "id": "way/311210486", "properties": {"osm_id": 311210486, "highway": "residential"}, "geometry": {"type": "LineString", "coordinates": [[78.430717, 17.4124181], [78.4308617, 17.4138497], [78.4308913, 17.4143259]]}}, {"type": "Feature", "id": "way/314518289", "properties": {"osm_id": 314518289, "highway": "primary", "lit": "yes", "maxspeed": "60", "name": "Road No 3", "oneway": "yes"}, "geometry": {"type": "LineString", "coordinates": [[78.4333847, 17.4249606], [78.4327922, 17.4248184], [78.4324049, 17.4247255], [78.4322285, 17.4246919], [78.4310802, 17.4244733], [78.4299108, 17.4241939], [78.4291584, 17.4240141], [78.4285276, 17.4238647], [78.428372, 17.4238078], [78.4279903, 17.4236784], [78.4277889, 17.4235936], [78.4268266, 17.4231599], [78.4266661, 17.4230854], [78.4265496, 17.4230489]]}}, {"type": "Feature", "id": "way/314518290", "properties": {"osm_id": 314518290, "highway": "primary", "lit": "yes", "maxspeed": "60", "name": "Road No. 3", "oneway": "yes"}, "geometry": {"type": "LineString", "coordinates": [[78.4265664, 17.4231795], [78.4270013, 17.4233642], [78.4272147, 17.423447], [78.4280208, 17.423797], [78.4281538, 17.423852], [78.4284727, 17.4239538], [78.4287378, 17.4240231], [78.4293024, 17.4241726], [78.4298175, 17.4242833], [78.4300573, 17.4243451], [78.4307582, 17.4245353], [78.4311819, 17.4246425], [78.4315373, 17.4247029], [78.4318877, 17.4247625], [78.4319686, 17.424781], [78.4321284, 17.4248135], [78.4333102, 17.4250412], [78.4333497, 17.4250526], [78.4334585, 17.4250841], [78.4335957, 17.4251238]]}}, {"type": "Feature", "id": "way/314670759", "properties": {"osm_id": 314670759, "highway": "primary", "lit": "yes", "maxspeed": "60", "name": "Road No 3", "name:te": "\u0c30\u0c4b\u0c21\u0c4d\u0c21\u0c41 \u0c28\u0c46\u0c02\u0c2c\u0c30\u0c4d 3", "oneway": "yes"}, "geometry": {"type": "LineString", "coordinates": [[78.4397479, 17.4270622], [78.4396817, 17.4270427], [78.4396014, 17.4270189], [78.4395332, 17.4269988], [78.4393417, 17.4269497], [78.4392284, 17.4269049], [78.4389652, 17.4267781], [78.4389194, 17.4267531], [78.4388523, 17.4267148], [78.4384817, 17.4264729], [78.4382554, 17.4263482], [78.4382152, 17.4263199], [78.4381856, 17.4263073], [78.4381085, 17.4262824], [78.4377971, 17.4262789], [78.4377164, 17.4262588], [78.4372582, 17.4260568], [78.4370887, 17.4259686], [78.4362781, 17.4257361], [78.4355548, 17.4255626], [78.4353955, 17.4255204], [78.4353671, 17.4255138], [78.4349847, 17.4254242], [78.4345355, 17.4252951], [78.4342538, 17.4252141], [78.4336107, 17.4250201], [78.4334902, 17.4249884], [78.4333847, 17.4249606]]}}, {"type": "Feature", "id": "way/318345772", "properties": {"osm_id": 318345772, "highway": "residential", "surface": "asphalt"}, "geometry": {"type": "LineString", "coordinates": [[78.4382096, 17.4109393], [78.43781, 17.410914]]}}, {"type": "Feature", "id": "way/348677169", "properties": {"osm_id": 348677169, "highway": "residential", "osm_type": "way"}, "geometry": {"type": "LineString", "coordinates": [[78.4358648, 17.4144779], [78.4364348, 17.4143932]]}}, {"type": "Feature", "id": "way/348677186", "properties": {"osm_id": 348677186, "highway": "residential", "osm_type": "way"}, "geometry": {"type": "LineString", "coordinates": [[78.4392884, 17.4138942], [78.4392196, 17.4134295]]}}, {"type": "Feature", "id": "way/348677272", "properties": {"osm_id": 348677272, "access": "private", "highway": "residential", "osm_type": "way"}, "geometry": {"type": "LineString", "coordinates": [[78.4381143, 17.4112702], [78.4377518, 17.4111498], [78.4376412, 17.411389], [78.438049, 17.4114957]]}}, {"type": "Feature", "id": "way/348677292", "properties": {"osm_id": 348677292, "highway": "residential", "osm_type": "way"}, "geometry": {"type": "LineString", "coordinates": [[78.4374933, 17.4105621], [78.4379369, 17.4106715]]}}, {"type": "Feature", "id": "way/348677297", "properties": {"osm_id": 348677297, "highway": "residential", "osm_type": "way"}, "geometry": {"type": "LineString", "coordinates": [[78.4357373, 17.4149477], [78.4359702, 17.4149104]]}}, {"type": "Feature", "id": "way/348677299", "properties": {"osm_id": 348677299, "highway": "residential", "osm_type": "way"}, "geometry": {"type": "LineString", "coordinates": [[78.4359088, 17.4146806], [78.4364746, 17.4145507]]}}, {"type": "Feature", "id": "way/348677314", "properties": {"osm_id": 348677314, "highway": "residential", "osm_type": "way"}, "geometry": {"type": "LineString", "coordinates": [[78.4390581, 17.4139301], [78.4389928, 17.4134754]]}}, {"type": "Feature", "id": "way/348677365", "properties": {"osm_id": 348677365, "highway": "residential", "osm_type": "way"}, "geometry": {"type": "LineString", "coordinates": [[78.4377309, 17.4144459], [78.4377809, 17.4147178]]}}, {"type": "Feature", "id": "way/348677389", "properties": {"osm_id": 348677389, "highway": "residential", "osm_type": "way"}, "geometry": {"type": "LineString", "coordinates": [[78.437398, 17.4141332], [78.4377712, 17.414116]]}}, {"type": "Feature", "id": "way/348677442", "properties": {"osm_id": 348677442, "highway": "residential", "osm_type": "way"}, "geometry": {"type": "LineString", "coordinates": [[78.4380761, 17.4156403], [78.4382677, 17.4156156], [78.4386475, 17.4155666]]}}, {"type": "Feature", "id": "way/348677445", "properties": {"osm_id": 348677445, "highway": "residential", "osm_type": "way"}, "geometry": {"type": "LineString", "coordinates": [[78.4384474, 17.4143935], [78.438297, 17.4135805]]}}, {"type": "Feature", "id": "way/348677455", "properties": {"osm_id": 348677455, "highway": "residential", "osm_type": "way"}, "geometry": {"type": "LineString", "coordinates": [[78.4380253, 17.4128002], [78.4384012, 17.4127111]]}}, {"type": "Feature", "id": "way/348677464", "properties": {"osm_id": 348677464, "highway": "residential", "osm_type": "way"}, "geometry": {"type": "LineString", "coordinates": [[78.437927, 17.4153547], [78.4378164, 17.4151958], [78.437603, 17.4149121], [78.4375122, 17.4146914], [78.4374628, 17.4144781], [78.437398, 17.4141332], [78.4373197, 17.4137566]]}}, {"type": "Feature", "id": "way/348677468", "properties": {"osm_id": 348677468, "highway": "residential", "osm_type": "way"}, "geometry": {"type": "LineString", "coordinates": [[78.4388632, 17.4140381], [78.4388179, 17.4137828], [78.4387729, 17.4135194]]}}, {"type": "Feature", "id": "way/348677480", "properties": {"osm_id": 348677480, "highway": "residential", "osm_type": "way"}, "geometry": {"type": "LineString", "coordinates": [[78.4392907, 17.4162375], [78.4391722, 17.4159838], [78.4390612, 17.4157699], [78.4390528, 17.4157413], [78.4390209, 17.4156668], [78.4389193, 17.415361], [78.4388253, 17.4150785]]}}, {"type": "Feature", "id": "way/348677496", "properties": {"osm_id": 348677496, "highway": "residential", "osm_type": "way"}, "geometry": {"type": "LineString", "coordinates": [[78.4372616, 17.4145418], [78.4374628, 17.4144781], [78.4377309, 17.4144459], [78.4377993, 17.4144409], [78.4380403, 17.414429]]}}, {"type": "Feature", "id": "way/348677497", "properties": {"osm_id": 348677497, "access": "private", "highway": "residential", "osm_type": "way"}, "geometry": {"type": "LineString", "coordinates": [[78.4373598, 17.4109533], [78.4374315, 17.4110484], [78.4376349, 17.4114411]]}}, {"type": "Feature", "id": "way/348677498", "properties": {"osm_id": 348677498, "highway": "residential", "osm_type": "way"}, "geometry": {"type": "LineString", "coordinates": [[78.4359897, 17.4150028], [78.4365582, 17.4148906]]}}, {"type": "Feature", "id": "way/348677512", "properties": {"osm_id": 348677512, "highway": "residential", "osm_type": "way"}, "geometry": {"type": "LineString", "coordinates": [[78.4376459, 17.4153011], [78.437404, 17.414816]]}}, {"type": "Feature", "id": "way/348677516", "properties": {"osm_id": 348677516, "highway": "living_street", "osm_type": "way"}, "geometry": {"type": "LineString", "coordinates": [[78.4354935, 17.4140931], [78.4355076, 17.4143663], [78.4354844, 17.4143889], [78.4348842, 17.4144629], [78.4348089, 17.4144718], [78.4347767, 17.4142219]]}}, {"type": "Feature", "id": "way/348677517", "properties": {"osm_id": 348677517, "highway": "residential", "osm_type": "way"}, "geometry": {"type": "LineString", "coordinates": [[78.4382306, 17.4144265], [78.4381218, 17.4138644], [78.438093, 17.4135992]]}}, {"type": "Feature", "id": "way/348677521", "properties": {"osm_id": 348677521, "highway": "residential", "motor_vehicle": "no", "osm_type": "way"}, "geometry": {"type": "LineString", "coordinates": [[78.4369887, 17.4148649], [78.4373382, 17.4147759]]}}, {"type": "Feature", "id": "way/348677531", "properties": {"osm_id": 348677531, "highway": "residential", "osm_type": "way"}, "geometry": {"type": "LineString", "coordinates": [[78.43768, 17.413616], [78.4377712, 17.414116], [78.4377993, 17.4144409]]}}, {"type": "Feature", "id": "way/348677538", "properties": {"osm_id": 348677538, "highway": "residential", "osm_type": "way"}, "geometry": {"type": "LineString", "coordinates": [[78.4387288, 17.4145714], [78.4386975, 17.4143505], [78.4386558, 17.4141292], [78.4385666, 17.4135541], [78.4385587, 17.4132089]]}}, {"type": "Feature", "id": "way/348677562", "properties": {"osm_id": 348677562, "highway": "residential"}, "geometry": {"type": "LineString", "coordinates": [[78.4380403, 17.414429], [78.4379124, 17.4138611], [78.4379136, 17.4136203]]}}, {"type": "Feature", "id": "way/348677582", "properties": {"osm_id": 348677582, "highway": "residential", "osm_type": "way"}, "geometry": {"type": "LineString", "coordinates": [[78.4357012, 17.413649], [78.4361124, 17.4135705], [78.4361405, 17.413495], [78.4366334, 17.4133222], [78.4368502, 17.4132336], [78.4368764, 17.4133064], [78.4369082, 17.4133765]]}}, {"type": "Feature", "id": "way/352232973", "properties": {"osm_id": "-64303", "full_id": "w-64303", "highway": "residential", "osm_type": "way"}, "geometry": {"type": "LineString", "coordinates": [[78.4323978, 17.4108062], [78.4324273, 17.4104934]]}}, {"type": "Feature", "id": "way/352233022", "properties": {"osm_id": "-64068", "full_id": "w-64068", "highway": "residential", "osm_type": "way"}, "geometry": {"type": "LineString", "coordinates": [[78.4324943, 17.4170789], [78.4334346, 17.4169532]]}}, {"type": "Feature", "id": "way/352233031", "properties": {"osm_id": "-64376", "access": "private", "full_id": "w-64376", "highway": "residential", "osm_type": "way"}, "geometry": {"type": "LineString", "coordinates": [[78.43323, 17.415345], [78.4323742, 17.4154596]]}}, {"type": "Feature", "id": "way/352233036", "properties": {"osm_id": "-64051", "full_id": "w-64051", "highway": "residential", "osm_type": "way"}, "geometry": {"type": "LineString", "coordinates": [[78.4338104, 17.4123196], [78.4333632, 17.4122713], [78.4332508, 17.4131036]]}}, {"type": "Feature", "id": "way/352233104", "properties": {"osm_id": "-64035", "full_id": "w-64035", "highway": "residential", "osm_type": "way"}, "geometry": {"type": "LineString", "coordinates": [[78.4312804, 17.4127297], [78.432233, 17.4126525]]}}, {"type": "Feature", "id": "way/352233405", "properties": {"osm_id": "-64311", "full_id": "w-64311", "highway": "residential", "osm_type": "way"}, "geometry": {"type": "LineString", "coordinates": [[78.4333998, 17.4116315], [78.4333694, 17.4113457]]}}, {"type": "Feature", "id": "way/352233582", "properties": {"osm_id": 352233582, "access": "private", "highway": "service", "oneway": "yes"}, "geometry": {"type": "LineString", "coordinates": [[78.431447, 17.4167576], [78.4314411, 17.4167667], [78.4314325, 17.4167736], [78.4314178, 17.416783], [78.4314055, 17.4167861], [78.4312298, 17.4168], [78.4308864, 17.4168467], [78.4308729, 17.4168535], [78.430864, 17.4168659], [78.4308587, 17.4168853]]}}, {"type": "Feature", "id": "way/352233838", "properties": {"osm_id": "-64091", "access": "private", "full_id": "w-64091", "highway": "service", "osm_type": "way"}, "geometry": {"type": "LineString", "coordinates": [[78.4345706, 17.4165691], [78.4345608, 17.4163948], [78.4345516, 17.4163146]]}}, {"type": "Feature", "id": "way/352234194", "properties": {"osm_id": "-64315", "access": "private", "full_id": "w-64315", "highway": "service", "osm_type": "way"}, "geometry": {"type": "LineString", "coordinates": [[78.4328748, 17.4112184], [78.4328434, 17.4110214]]}}, {"type": "Feature", "id": "way/352234230", "properties": {"osm_id": "-64066", "full_id": "w-64066", "highway": "residential", "osm_type": "way"}, "geometry": {"type": "LineString", "coordinates": [[78.433555, 17.4158138], [78.4340256, 17.4158051]]}}, {"type": "Feature", "id": "way/352234262", "properties": {"osm_id": "-64373", "access": "private", "full_id": "w-64373", "highway": "residential", "osm_type": "way"}, "geometry": {"type": "LineString", "coordinates": [[78.4332906, 17.4158623], [78.4324774, 17.4159865]]}}, {"type": "Feature", "id": "way/352234701", "properties": {"osm_id": "-64063", "access": "private", "full_id": "w-64063", "highway": "residential", "osm_type": "way"}, "geometry": {"type": "LineString", "coordinates": [[78.4323556, 17.4152497], [78.4331799, 17.4151324], [78.4332059, 17.415141]]}}, {"type": "Feature", "id": "way/352234813", "properties": {"osm_id": "-64071", "full_id": "w-64071", "highway": "residential", "osm_type": "way"}, "geometry": {"type": "LineString", "coordinates": [[78.4319855, 17.4166013], [78.4321368, 17.4171059]]}}, {"type": "Feature", "id": "way/352234824", "properties": {"osm_id": "-64252", "full_id": "w-64252", "highway": "residential", "osm_type": "way"}, "geometry": {"type": "LineString", "coordinates": [[78.4309376, 17.4097959], [78.4310736, 17.4101379]]}}, {"type": "Feature", "id": "way/352235116", "properties": {"osm_id": "-64307", "full_id": "w-64307", "highway": "residential", "osm_type": "way"}, "geometry": {"type": "LineString", "coordinates": [[78.432279, 17.4108384], [78.4323978, 17.4108062], [78.4326925, 17.4107264], [78.4327183, 17.4107169], [78.432728, 17.4107038], [78.432728, 17.4106785], [78.4327072, 17.4102981]]}}, {"type": "Feature", "id": "way/352235406", "properties": {"osm_id": "-64083", "full_id": "w-64083", "highway": "residential", "osm_type": "way"}, "geometry": {"type": "LineString", "coordinates": [[78.4311196, 17.4175917], [78.4319179, 17.4174479]]}}, {"type": "Feature", "id": "way/352235425", "properties": {"osm_id": "-64293", "full_id": "w-64293", "highway": "residential", "osm_type": "way"}, "geometry": {"type": "LineString", "coordinates": [[78.4314205, 17.4105831], [78.4313456, 17.41056], [78.4311014, 17.4106465]]}}, {"type": "Feature", "id": "way/352235604", "properties": {"osm_id": "-64060", "full_id": "w-64060", "highway": "residential", "osm_type": "way"}, "geometry": {"type": "LineString", "coordinates": [[78.4338104, 17.4123196], [78.4341211, 17.4123694], [78.4342149, 17.412384], [78.4341141, 17.4132298]]}}, {"type": "Feature", "id": "way/352235644", "properties": {"osm_id": "-64268", "full_id": "w-64268", "highway": "residential", "osm_type": "way"}, "geometry": {"type": "LineString", "coordinates": [[78.433815, 17.4101385], [78.4338171, 17.4099314], [78.4338074, 17.4094434], [78.4337963, 17.4090557]]}}, {"type": "Feature", "id": "way/352235894", "properties": {"osm_id": "-64260", "full_id": "w-64260", "highway": "residential", "osm_type": "way"}, "geometry": {"type": "LineString", "coordinates": [[78.43172, 17.4101821], [78.431585, 17.4097852], [78.4316411, 17.4097617], [78.4320365, 17.4096544], [78.4323314, 17.4096179]]}}, {"type": "Feature", "id": "way/352236048", "properties": {"osm_id": "-64289", "full_id": "w-64289", "highway": "residential", "osm_type": "way"}, "geometry": {"type": "LineString", "coordinates": [[78.4324412, 17.410111], [78.4324585, 17.4102537], [78.4324544, 17.4103344], [78.4324273, 17.4104934]]}}, {"type": "Feature", "id": "way/352236110", "properties": {"osm_id": "-64299", "full_id": "w-64299", "highway": "residential", "osm_type": "way"}, "geometry": {"type": "LineString", "coordinates": [[78.4318219, 17.4109775], [78.4317428, 17.4107167], [78.4317509, 17.4105787], [78.4317388, 17.410438], [78.43167, 17.410196]]}}, {"type": "Feature", "id": "way/352236361", "properties": {"osm_id": "-64043", "full_id": "w-64043", "highway": "residential", "osm_type": "way"}, "geometry": {"type": "LineString", "coordinates": [[78.42994, 17.4144739], [78.4299359, 17.4140092], [78.4299987, 17.4139626], [78.430299, 17.4139216], [78.4308617, 17.4138497]]}}, {"type": "Feature", "id": "way/354033809", "properties": {"osm_id": 354033809, "highway": "residential"}, "geometry": {"type": "LineString", "coordinates": [[78.4432413, 17.4216022], [78.4435223, 17.4216371]]}}, {"type": "Feature", "id": "way/354034067", "properties": {"osm_id": 354034067, "highway": "residential"}, "geometry": {"type": "LineString", "coordinates": [[78.4449224, 17.4233161], [78.4450743, 17.4239116]]}}, {"type": "Feature", "id": "way/354035050", "properties": {"osm_id": 354035050, "highway": "residential"}, "geometry": {"type": "LineString", "coordinates": [[78.442458, 17.4187414], [78.4423785, 17.4184236]]}}, {"type": "Feature", "id": "way/354035361", "properties": {"osm_id": 354035361, "highway": "residential"}, "geometry": {"type": "LineString", "coordinates": [[78.442911, 17.4192913], [78.442584, 17.4184694]]}}, {"type": "Feature", "id": "way/354036693", "properties": {"osm_id": 354036693, "highway": "residential"}, "geometry": {"type": "LineString", "coordinates": [[78.4434562, 17.4184742], [78.4427687, 17.4184991]]}}, {"type": "Feature", "id": "way/354037048", "properties": {"osm_id": 354037048, "highway": "residential"}, "geometry": {"type": "LineString", "coordinates": [[78.4398536, 17.4199809], [78.4398585, 17.4195682]]}}, {"type": "Feature", "id": "way/354037151", "properties": {"osm_id": 354037151, "highway": "residential"}, "geometry": {"type": "LineString", "coordinates": [[78.4447862, 17.4234429], [78.4448589, 17.4237698]]}}, {"type": "Feature", "id": "way/354037294", "properties": {"osm_id": 354037294, "highway": "residential"}, "geometry": {"type": "LineString", "coordinates": [[78.4443899, 17.4242208], [78.4438603, 17.4242212]]}}, {"type": "Feature", "id": "way/354037591", "properties": {"osm_id": 354037591, "highway": "residential"}, "geometry": {"type": "LineString", "coordinates": [[78.4394792, 17.4178379], [78.43951, 17.4180512], [78.4395322, 17.4182614], [78.4395457, 17.4183985], [78.4395455, 17.4185041], [78.4395684, 17.4187768]]}}, {"type": "Feature", "id": "way/354037654", "properties": {"osm_id": 354037654, "access": "private", "highway": "service"}, "geometry": {"type": "LineString", "coordinates": [[78.4421878, 17.4193616], [78.4421746, 17.4192873], [78.4420683, 17.4186902]]}}, {"type": "Feature", "id": "way/354037683", "properties": {"osm_id": 354037683, "highway": "residential"}, "geometry": {"type": "LineString", "coordinates": [[78.442458, 17.4187414], [78.4425827, 17.4193185]]}}, {"type": "Feature", "id": "way/354037717", "properties": {"osm_id": 354037717, "access": "private", "highway": "residential"}, "geometry": {"type": "LineString", "coordinates": [[78.4405409, 17.4228727], [78.4404554, 17.4233083], [78.4404315, 17.423335], [78.4404035, 17.423337], [78.4396676, 17.4232014]]}}, {"type": "Feature", "id": "way/354037801", "properties": {"osm_id": 354037801, "highway": "residential"}, "geometry": {"type": "LineString", "coordinates": [[78.4424256, 17.4233171], [78.4431134, 17.4233188], [78.4430777, 17.4241087]]}}, {"type": "Feature", "id": "way/354038681", "properties": {"osm_id": 354038681, "highway": "residential"}, "geometry": {"type": "LineString", "coordinates": [[78.4448112, 17.4216061], [78.4453668, 17.4212514], [78.4460699, 17.4208765]]}}, {"type": "Feature", "id": "way/354038819", "properties": {"osm_id": 354038819, "highway": "residential"}, "geometry": {"type": "LineString", "coordinates": [[78.4423373, 17.4193428], [78.4422469, 17.4187878], [78.4421999, 17.4185616]]}}, {"type": "Feature", "id": "way/354039335", "properties": {"osm_id": 354039335, "highway": "residential"}, "geometry": {"type": "LineString", "coordinates": [[78.4410182, 17.419693], [78.4408364, 17.4195145], [78.4407559, 17.4193325], [78.4407559, 17.4190497]]}}, {"type": "Feature", "id": "way/354039415", "properties": {"osm_id": 354039415, "highway": "residential"}, "geometry": {"type": "LineString", "coordinates": [[78.4440766, 17.4205437], [78.4440505, 17.4208589], [78.4440429, 17.4212454], [78.4437672, 17.4212863]]}}, {"type": "Feature", "id": "way/354039521", "properties": {"osm_id": 354039521, "highway": "residential"}, "geometry": {"type": "LineString", "coordinates": [[78.4444358, 17.4204804], [78.4445153, 17.4209084], [78.4443022, 17.420955], [78.4444264, 17.4214932]]}}, {"type": "Feature", "id": "way/354039595", "properties": {"osm_id": 354039595, "access": "private", "highway": "residential"}, "geometry": {"type": "LineString", "coordinates": [[78.4396963, 17.4246555], [78.439841, 17.4254545], [78.4398506, 17.4256298], [78.4398464, 17.4256539], [78.43983, 17.4257136], [78.4396678, 17.4259828]]}}, {"type": "Feature", "id": "way/354039999", "properties": {"osm_id": 354039999, "highway": "residential"}, "geometry": {"type": "LineString", "coordinates": [[78.4440785, 17.4221238], [78.4442686, 17.4223212], [78.4444454, 17.4225418], [78.4445205, 17.4226928], [78.4445944, 17.4228755], [78.4447516, 17.4229087], [78.4450668, 17.4229889], [78.4451411, 17.4230753]]}}, {"type": "Feature", "id": "way/354040024", "properties": {"osm_id": 354040024, "highway": "residential"}, "geometry": {"type": "LineString", "coordinates": [[78.4417716, 17.4239099], [78.4417851, 17.4234953], [78.4424451, 17.4234847], [78.4424256, 17.4233171], [78.4423892, 17.4230044]]}}, {"type": "Feature", "id": "way/354040076", "properties": {"osm_id": 354040076, "highway": "residential"}, "geometry": {"type": "LineString", "coordinates": [[78.4452057, 17.4229897], [78.445158, 17.422951], [78.4449455, 17.4227162], [78.4448, 17.422001], [78.4448112, 17.4216061], [78.444526, 17.4217705]]}}, {"type": "Feature", "id": "way/354040430", "properties": {"osm_id": 354040430, "highway": "residential"}, "geometry": {"type": "LineString", "coordinates": [[78.4430152, 17.421917], [78.4430454, 17.4223249], [78.4431052, 17.4226041], [78.4430806, 17.4226297], [78.4430445, 17.4226301], [78.4428087, 17.4225987]]}}, {"type": "Feature", "id": "way/354531825", "properties": {"osm_id": 354531825, "highway": "residential"}, "geometry": {"type": "LineString", "coordinates": [[78.4359196, 17.422075], [78.4361875, 17.4227294]]}}, {"type": "Feature", "id": "way/354531925", "properties": {"osm_id": 354531925, "access": "private", "highway": "service"}, "geometry": {"type": "LineString", "coordinates": [[78.4301541, 17.4222488], [78.4300932, 17.4218848]]}}, {"type": "Feature", "id": "way/354532058", "properties": {"osm_id": 354532058, "highway": "residential"}, "geometry": {"type": "LineString", "coordinates": [[78.4332324, 17.4217774], [78.4330949, 17.4212492]]}}, {"type": "Feature", "id": "way/354532158", "properties": {"osm_id": "-64075", "full_id": "w-64075", "highway": "residential", "osm_type": "way"}, "geometry": {"type": "LineString", "coordinates": [[78.4307341, 17.4178179], [78.4307105, 17.4176512], [78.430697, 17.4175257]]}}, {"type": "Feature", "id": "way/354532321", "properties": {"osm_id": 354532321, "access": "private", "highway": "residential"}, "geometry": {"type": "LineString", "coordinates": [[78.4320479, 17.4219958], [78.4320401, 17.4219645], [78.4319486, 17.4215924]]}}, {"type": "Feature", "id": "way/354532590", "properties": {"osm_id": 354532590, "access": "private", "highway": "service"}, "geometry": {"type": "LineString", "coordinates": [[78.4382456, 17.4210793], [78.4382525, 17.4211218], [78.4383422, 17.4216709]]}}, {"type": "Feature", "id": "way/354532643", "properties": {"osm_id": 354532643, "highway": "residential"}, "geometry": {"type": "LineString", "coordinates": [[78.4350668, 17.4182529], [78.4350921, 17.4186917]]}}, {"type": "Feature", "id": "way/354532646", "properties": {"osm_id": 354532646, "highway": "residential"}, "geometry": {"type": "LineString", "coordinates": [[78.4374505, 17.4219796], [78.4377535, 17.4219535]]}}, {"type": "Feature", "id": "way/354532840", "properties": {"osm_id": 354532840, "highway": "residential"}, "geometry": {"type": "LineString", "coordinates": [[78.4309155, 17.4207519], [78.4308824, 17.4203257]]}}, {"type": "Feature", "id": "way/354532870", "properties": {"osm_id": 354532870, "access": "private", "highway": "service"}, "geometry": {"type": "LineString", "coordinates": [[78.4385613, 17.4209888], [78.438571, 17.4210461], [78.4387461, 17.4220782]]}}, {"type": "Feature", "id": "way/354532915", "properties": {"osm_id": 354532915, "highway": "residential"}, "geometry": {"type": "LineString", "coordinates": [[78.4354648, 17.4207019], [78.4355402, 17.4211517]]}}, {"type": "Feature", "id": "way/354532919", "properties": {"osm_id": 354532919, "highway": "residential"}, "geometry": {"type": "LineString", "coordinates": [[78.4369684, 17.422947], [78.4365932, 17.4229453]]}}, {"type": "Feature", "id": "way/354533173", "properties": {"osm_id": 354533173, "access": "private", "highway": "service"}, "geometry": {"type": "LineString", "coordinates": [[78.4288668, 17.4211138], [78.4294157, 17.4210183], [78.4302249, 17.4208834]]}}, {"type": "Feature", "id": "way/354533207", "properties": {"osm_id": 354533207, "highway": "residential"}, "geometry": {"type": "LineString", "coordinates": [[78.4315157, 17.4196362], [78.4315356, 17.4192019]]}}, {"type": "Feature", "id": "way/354533441", "properties": {"osm_id": 354533441, "highway": "residential"}, "geometry": {"type": "LineString", "coordinates": [[78.4308185, 17.4184079], [78.4312766, 17.4184402]]}}, {"type": "Feature", "id": "way/354533552", "properties": {"osm_id": 354533552, "highway": "residential"}, "geometry": {"type": "LineString", "coordinates": [[78.4320678, 17.4184324], [78.4319867, 17.4177948], [78.4319179, 17.4174479], [78.4319, 17.4173442], [78.4318412, 17.4170435], [78.4317648, 17.4166406]]}}, {"type": "Feature", "id": "way/354533598", "properties": {"osm_id": 354533598, "highway": "residential"}, "geometry": {"type": "LineString", "coordinates": [[78.4311941, 17.4179362], [78.4311196, 17.4175917]]}}, {"type": "Feature", "id": "way/354533691", "properties": {"osm_id": 354533691, "highway": "residential"}, "geometry": {"type": "LineString", "coordinates": [[78.4311574, 17.4191434], [78.4311599, 17.4186165]]}}, {"type": "Feature", "id": "way/354533748", "properties": {"osm_id": 354533748, "highway": "residential"}, "geometry": {"type": "LineString", "coordinates": [[78.435939, 17.4239449], [78.4366254, 17.4238414]]}}, {"type": "Feature", "id": "way/354533754", "properties": {"osm_id": 354533754, "highway": "residential"}, "geometry": {"type": "LineString", "coordinates": [[78.4307569, 17.4218364], [78.4308893, 17.4218161]]}}, {"type": "Feature", "id": "way/354533833", "properties": {"osm_id": 354533833, "highway": "residential"}, "geometry": {"type": "LineString", "coordinates": [[78.4314639, 17.4209967], [78.4314417, 17.4207256]]}}, {"type": "Feature", "id": "way/354533963", "properties": {"osm_id": 354533963, "highway": "residential"}, "geometry": {"type": "LineString", "coordinates": [[78.437175, 17.4224985], [78.437748, 17.4225774]]}}, {"type": "Feature", "id": "way/354533992", "properties": {"osm_id": 354533992, "highway": "residential"}, "geometry": {"type": "LineString", "coordinates": [[78.4327922, 17.4248184], [78.4329486, 17.4238219]]}}, {"type": "Feature", "id": "way/354534617", "properties": {"osm_id": 354534617, "highway": "residential"}, "geometry": {"type": "LineString", "coordinates": [[78.4374797, 17.4245915], [78.4374348, 17.4238041]]}}, {"type": "Feature", "id": "way/354534755", "properties": {"osm_id": 354534755, "highway": "residential"}, "geometry": {"type": "LineString", "coordinates": [[78.4381773, 17.4246322], [78.4384905, 17.4243608], [78.4389036, 17.4241292], [78.4395338, 17.4239037], [78.4403484, 17.4236895]]}}, {"type": "Feature", "id": "way/354534856", "properties": {"osm_id": 354534856, "highway": "residential"}, "geometry": {"type": "LineString", "coordinates": [[78.4325273, 17.4180267], [78.4324838, 17.4176194]]}}, {"type": "Feature", "id": "way/354534969", "properties": {"osm_id": 354534969, "highway": "residential"}, "geometry": {"type": "LineString", "coordinates": [[78.4376994, 17.4211747], [78.437748, 17.4215341]]}}, {"type": "Feature", "id": "way/354535041", "properties": {"osm_id": 354535041, "highway": "residential"}, "geometry": {"type": "LineString", "coordinates": [[78.4356689, 17.4190237], [78.43566, 17.4193438]]}}, {"type": "Feature", "id": "way/354535044", "properties": {"osm_id": 354535044, "access": "private", "highway": "service"}, "geometry": {"type": "LineString", "coordinates": [[78.4391248, 17.4209066], [78.4390788, 17.4207847], [78.4390557, 17.4205275]]}}, {"type": "Feature", "id": "way/354535071", "properties": {"osm_id": 354535071, "access": "private", "highway": "residential"}, "geometry": {"type": "LineString", "coordinates": [[78.4330643, 17.4237895], [78.4330421, 17.4237175], [78.4329262, 17.4233415], [78.4328705, 17.4231608]]}}, {"type": "Feature", "id": "way/354535302", "properties": {"osm_id": 354535302, "highway": "residential"}, "geometry": {"type": "LineString", "coordinates": [[78.4370135, 17.4208563], [78.4370118, 17.4210832], [78.4366036, 17.4211796]]}}, {"type": "Feature", "id": "way/354535332", "properties": {"osm_id": 354535332, "highway": "residential"}, "geometry": {"type": "LineString", "coordinates": [[78.4359087, 17.420054], [78.4360415, 17.4200589], [78.4369834, 17.420155]]}}, {"type": "Feature", "id": "way/354535643", "properties": {"osm_id": 354535643, "access": "private", "highway": "residential"}, "geometry": {"type": "LineString", "coordinates": [[78.4345715, 17.4251701], [78.4348109, 17.424338]]}}, {"type": "Feature", "id": "way/354535811", "properties": {"osm_id": 354535811, "highway": "residential"}, "geometry": {"type": "LineString", "coordinates": [[78.4314864, 17.4211611], [78.4309773, 17.4212312]]}}, {"type": "Feature", "id": "way/354535897", "properties": {"osm_id": 354535897, "highway": "residential"}, "geometry": {"type": "LineString", "coordinates": [[78.4307338, 17.4216204], [78.4308081, 17.4216076]]}}, {"type": "Feature", "id": "way/354535993", "properties": {"osm_id": 354535993, "highway": "residential"}, "geometry": {"type": "LineString", "coordinates": [[78.4392444, 17.4248912], [78.4393133, 17.4250349], [78.4393489, 17.4251338], [78.4393542, 17.4251976], [78.4393369, 17.4252894], [78.4392836, 17.4254682]]}}, {"type": "Feature", "id": "way/354536475", "properties": {"osm_id": 354536475, "access": "private", "highway": "service"}, "geometry": {"type": "LineString", "coordinates": [[78.4321584, 17.4206676], [78.4321521, 17.4206052], [78.4321285, 17.4203691]]}}, {"type": "Feature", "id": "way/354536493", "properties": {"osm_id": 354536493, "highway": "residential"}, "geometry": {"type": "LineString", "coordinates": [[78.4319545, 17.4196837], [78.4319684, 17.4189515], [78.4319721, 17.4188683], [78.4321902, 17.4188629]]}}, {"type": "Feature", "id": "way/354537136", "properties": {"osm_id": 354537136, "highway": "residential"}, "geometry": {"type": "LineString", "coordinates": [[78.4315145, 17.4213105], [78.4314864, 17.4211611], [78.4314639, 17.4209967], [78.4310201, 17.4210522]]}}, {"type": "Feature", "id": "way/354537433", "properties": {"osm_id": 354537433, "highway": "residential"}, "geometry": {"type": "LineString", "coordinates": [[78.4299904, 17.420427], [78.4301681, 17.4197201], [78.4301906, 17.4195358], [78.4299109, 17.4195134], [78.4298247, 17.419513]]}}, {"type": "Feature", "id": "way/354537720", "properties": {"osm_id": 354537720, "highway": "living_street"}, "geometry": {"type": "LineString", "coordinates": [[78.4307032, 17.4214137], [78.4308317, 17.4214008], [78.4308891, 17.4213791], [78.4315145, 17.4213105]]}}, {"type": "Feature", "id": "way/354537824", "properties": {"osm_id": 354537824, "highway": "residential"}, "geometry": {"type": "LineString", "coordinates": [[78.4317898, 17.4184472], [78.4320678, 17.4184324], [78.4324508, 17.4184121], [78.4324688, 17.4187195]]}}, {"type": "Feature", "id": "way/355688200", "properties": {"osm_id": "-92134", "full_id": "w-92134", "highway": "residential", "osm_type": "way"}, "geometry": {"type": "LineString", "coordinates": [[78.440047, 17.4145941], [78.4404214, 17.4145348], [78.4408496, 17.4145859], [78.4412466, 17.4145859], [78.4413513, 17.414603], [78.441657, 17.4146285], [78.4418221, 17.4146242]]}}, {"type": "Feature", "id": "way/355689013", "properties": {"osm_id": "-92187", "full_id": "w-92187", "highway": "residential", "osm_type": "way"}, "geometry": {"type": "LineString", "coordinates": [[78.4400937, 17.4137665], [78.4400303, 17.4132652]]}}, {"type": "Feature", "id": "way/355689116", "properties": {"osm_id": "-92098", "access": "private", "full_id": "w-92098", "highway": "residential", "osm_type": "way"}, "geometry": {"type": "LineString", "coordinates": [[78.4419381, 17.4168971], [78.442851, 17.4167344], [78.4429314, 17.4167201]]}}, {"type": "Feature", "id": "way/355689330", "properties": {"osm_id": "-92122", "full_id": "w-92122", "highway": "residential", "osm_type": "way"}, "geometry": {"type": "LineString", "coordinates": [[78.4413761, 17.4148655], [78.4418176, 17.4148285]]}}, {"type": "Feature", "id": "way/355690126", "properties": {"osm_id": "-92215", "full_id": "w-92215", "highway": "residential", "osm_type": "way"}, "geometry": {"type": "LineString", "coordinates": [[78.4415903, 17.4129205], [78.4418801, 17.4137664]]}}, {"type": "Feature", "id": "way/355690814", "properties": {"osm_id": "-92180", "full_id": "w-92180", "highway": "residential", "osm_type": "way"}, "geometry": {"type": "LineString", "coordinates": [[78.4395024, 17.4138825], [78.4394384, 17.4133844]]}}, {"type": "Feature", "id": "way/355691472", "properties": {"osm_id": "-92203", "full_id": "w-92203", "highway": "residential", "layer": "2", "osm_type": "way"}, "geometry": {"type": "LineString", "coordinates": [[78.4409728, 17.4130629], [78.4411296, 17.4136827]]}}, {"type": "Feature", "id": "way/355692885", "properties": {"osm_id": "-92102", "full_id": "w-92102", "highway": "residential", "osm_type": "way"}, "geometry": {"type": "LineString", "coordinates": [[78.440335, 17.4152145], [78.4408905, 17.4152247]]}}, {"type": "Feature", "id": "way/355696004", "properties": {"osm_id": "-92207", "full_id": "w-92207", "highway": "residential", "layer": "2", "osm_type": "way"}, "geometry": {"type": "LineString", "coordinates": [[78.4411866, 17.4130112], [78.4413592, 17.413675]]}}, {"type": "Feature", "id": "way/355699399", "properties": {"osm_id": "-92183", "full_id": "w-92183", "highway": "residential", "osm_type": "way"}, "geometry": {"type": "LineString", "coordinates": [[78.4398652, 17.4142049], [78.4399462, 17.4144002], [78.440047, 17.4145941], [78.4401145, 17.4147702], [78.4401498, 17.4148296], [78.4402218, 17.4149829], [78.440335, 17.4152145], [78.4404006, 17.4153414], [78.4404429, 17.4154442], [78.4405411, 17.4158564], [78.4405549, 17.4159407]]}}, {"type": "Feature", "id": "way/355699483", "properties": {"osm_id": "-99518", "full_id": "w-99518", "highway": "residential", "osm_type": "way"}, "geometry": {"type": "LineString", "coordinates": [[78.4435786, 17.4121639], [78.4439772, 17.412064]]}}, {"type": "Feature", "id": "way/355699875", "properties": {"osm_id": "-92094", "access": "private", "full_id": "w-92094", "highway": "residential", "osm_type": "way"}, "geometry": {"type": "LineString", "coordinates": [[78.4421194, 17.4159184], [78.4421186, 17.4159473], [78.4421076, 17.416348]]}}, {"type": "Feature", "id": "way/355701889", "properties": {"osm_id": "-99616", "full_id": "w-99616", "highway": "residential", "osm_type": "way"}, "geometry": {"type": "LineString", "coordinates": [[78.4446999, 17.4162097], [78.4450818, 17.4161617]]}}, {"type": "Feature", "id": "way/355702194", "properties": {"osm_id": "-92211", "full_id": "w-92211", "highway": "residential", "osm_type": "way"}, "geometry": {"type": "LineString", "coordinates": [[78.4414091, 17.4129667], [78.4416526, 17.4137676]]}}, {"type": "Feature", "id": "way/355702274", "properties": {"osm_id": "-92152", "full_id": "w-92152", "highway": "residential", "osm_type": "way"}, "geometry": {"type": "LineString", "coordinates": [[78.4419381, 17.4143901], [78.4419514, 17.4142028], [78.4419471, 17.4141194], [78.4419412, 17.4140044], [78.4419382, 17.4137661]]}}, {"type": "Feature", "id": "way/355702342", "properties": {"osm_id": "-99625", "full_id": "w-99625", "highway": "residential", "osm_type": "way"}, "geometry": {"type": "LineString", "coordinates": [[78.4441315, 17.4158001], [78.4442565, 17.4163467]]}}, {"type": "Feature", "id": "way/355702723", "properties": {"osm_id": "-92176", "full_id": "w-92176", "highway": "residential", "osm_type": "way"}, "geometry": {"type": "LineString", "coordinates": [[78.4423157, 17.4150857], [78.4425899, 17.4150843]]}}, {"type": "Feature", "id": "way/355703317", "properties": {"osm_id": "-92199", "full_id": "w-92199", "highway": "residential", "osm_type": "way"}, "geometry": {"type": "LineString", "coordinates": [[78.4407772, 17.413099], [78.4409425, 17.4136811]]}}, {"type": "Feature", "id": "way/355703971", "properties": {"osm_id": "-92172", "full_id": "w-92172", "highway": "residential", "osm_type": "way"}, "geometry": {"type": "LineString", "coordinates": [[78.4425167, 17.4140708], [78.4423938, 17.414072], [78.4422399, 17.4140991], [78.4421784, 17.4141099]]}}, {"type": "Feature", "id": "way/355704015", "properties": {"osm_id": "-99452", "full_id": "w-99452", "highway": "residential", "osm_type": "way"}, "geometry": {"type": "LineString", "coordinates": [[78.4448694, 17.4109488], [78.4448632, 17.4100434]]}}, {"type": "Feature", "id": "way/355706750", "properties": {"osm_id": "-92245", "full_id": "w-92245", "highway": "residential", "osm_type": "way"}, "geometry": {"type": "LineString", "coordinates": [[78.4436306, 17.4124531], [78.4435786, 17.4121639], [78.4435114, 17.4117876], [78.4434699, 17.4115083], [78.4434681, 17.4114553], [78.443709, 17.4114042]]}}, {"type": "Feature", "id": "way/355707645", "properties": {"osm_id": "-92239", "access": "private", "full_id": "w-92239", "highway": "residential", "osm_type": "way"}, "geometry": {"type": "LineString", "coordinates": [[78.4397807, 17.412277], [78.4397783, 17.4128257], [78.440401, 17.4128392], [78.4406665, 17.4127544], [78.4410994, 17.4127259]]}}, {"type": "Feature", "id": "way/355708016", "properties": {"osm_id": "-92141", "full_id": "w-92141", "highway": "residential", "osm_type": "way"}, "geometry": {"type": "LineString", "coordinates": [[78.4419381, 17.4143901], [78.4413909, 17.414383], [78.4402563, 17.414339], [78.4399462, 17.4144002]]}}, {"type": "Feature", "id": "way/355708233", "properties": {"osm_id": "-92292", "full_id": "w-92292", "highway": "footway", "osm_type": "way"}, "geometry": {"type": "LineString", "coordinates": [[78.4405295, 17.4101212], [78.4405575, 17.4099666], [78.4406304, 17.4099111], [78.4409179, 17.4099265], [78.4410918, 17.4099533], [78.4412279, 17.4099846], [78.4412497, 17.4099893]]}}, {"type": "Feature", "id": "way/355708265", "properties": {"osm_id": "-92109", "full_id": "w-92109", "highway": "residential", "osm_type": "way"}, "geometry": {"type": "LineString", "coordinates": [[78.4402218, 17.4149829], [78.4407563, 17.4149994], [78.4409208, 17.4150086], [78.4412554, 17.4150272], [78.4413045, 17.4150261]]}}, {"type": "Feature", "id": "way/355709387", "properties": {"osm_id": "-92118", "full_id": "w-92118", "highway": "residential", "osm_type": "way"}, "geometry": {"type": "LineString", "coordinates": [[78.4401145, 17.4147702], [78.4403016, 17.4147521], [78.4403798, 17.4147432], [78.4404709, 17.4147454], [78.440794, 17.4147764], [78.4410239, 17.4147994], [78.4411639, 17.4148108], [78.4412705, 17.4148158], [78.4413622, 17.4148153]]}}, {"type": "Feature", "id": "way/355709456", "properties": {"osm_id": "-92233", "full_id": "w-92233", "highway": "residential", "osm_type": "way", "surface": "asphalt"}, "geometry": {"type": "LineString", "coordinates": [[78.4428224, 17.4137159], [78.442542, 17.4134476], [78.4425, 17.4134053], [78.442486, 17.4133562], [78.4424976, 17.4132738], [78.442535, 17.4131981], [78.4428605, 17.4130437], [78.4435588, 17.4128817]]}}, {"type": "Feature", "id": "way/355709684", "properties": {"osm_id": "-92276", "full_id": "w-92276", "highway": "service", "osm_type": "way"}, "geometry": {"type": "LineString", "coordinates": [[78.4423193, 17.4101285], [78.4417674, 17.4101767], [78.4417565, 17.4102555], [78.4417827, 17.4102964], [78.4418122, 17.4103137], [78.4418707, 17.4103296], [78.4420656, 17.4103926], [78.4421314, 17.410441], [78.4421686, 17.4104874], [78.4422199, 17.4105998], [78.4422454, 17.4107794], [78.4422284, 17.4113496]]}}, {"type": "Feature", "id": "way/355709689", "properties": {"osm_id": "-92163", "full_id": "w-92163", "highway": "residential", "osm_type": "way"}, "geometry": {"type": "LineString", "coordinates": [[78.4400937, 17.4137665], [78.4401349, 17.4139724], [78.4403624, 17.4139385], [78.4405832, 17.4139105], [78.4414252, 17.4139959], [78.4419412, 17.4140044]]}}, {"type": "Feature", "id": "way/355709777", "properties": {"osm_id": "-92152", "full_id": "w-92152", "highway": "residential", "osm_type": "way"}, "geometry": {"type": "LineString", "coordinates": [[78.4419514, 17.4142028], [78.4414103, 17.4141895], [78.4408719, 17.4141518], [78.4403954, 17.4140678], [78.4401626, 17.4141177], [78.4398652, 17.4142049]]}}, {"type": "Feature", "id": "way/363218365", "properties": {"osm_id": 363218365, "highway": "residential", "osm_type": "way"}, "geometry": {"type": "LineString", "coordinates": [[78.4401498, 17.4148296], [78.4396402, 17.4149217]]}}, {"type": "Feature", "id": "way/363712913", "properties": {"osm_id": 363712913, "highway": "residential"}, "geometry": {"type": "LineString", "coordinates": [[78.4444252, 17.4136692], [78.4443458, 17.4133767], [78.4442765, 17.4131366], [78.4442295, 17.4129619]]}}, {"type": "Feature", "id": "way/363712965", "properties": {"osm_id": "-92249", "full_id": "w-92265", "highway": "residential", "osm_type": "way"}, "geometry": {"type": "LineString", "coordinates": [[78.4460487, 17.4101657], [78.4460333, 17.410434], [78.4460236, 17.4106506], [78.4460095, 17.4106951], [78.445976, 17.410727], [78.4459086, 17.4107795], [78.4457731, 17.4108537], [78.4452246, 17.4111481], [78.4451545, 17.4111932], [78.4447794, 17.4114347], [78.4445661, 17.4115447], [78.4444146, 17.4115972], [78.444156, 17.4116609], [78.4435114, 17.4117876]]}}, {"type": "Feature", "id": "way/369988699", "properties": {"osm_id": 369988699, "highway": "tertiary", "name": "Banjara Hills Road Number 5"}, "geometry": {"type": "LineString", "coordinates": [[78.4445754, 17.4238215], [78.4447862, 17.4234429], [78.4447967, 17.4234199], [78.4449224, 17.4233161], [78.4450513, 17.423179], [78.4450732, 17.4231558]]}}, {"type": "Feature", "id": "way/385367734", "properties": {"osm_id": 385367734, "access": "private", "highway": "residential"}, "geometry": {"type": "LineString", "coordinates": [[78.4382123, 17.4105469], [78.4382536, 17.4105462], [78.4385901, 17.4105403]]}}, {"type": "Feature", "id": "way/394769607", "properties": {"osm_id": 394769607, "highway": "residential"}, "geometry": {"type": "LineString", "coordinates": [[78.4313553, 17.4132695], [78.4322942, 17.4131716], [78.4327651, 17.4131402]]}}, {"type": "Feature", "id": "way/398316495", "properties": {"osm_id": 398316495, "access": "private", "highway": "residential"}, "geometry": {"type": "LineString", "coordinates": [[78.4396631, 17.4232229], [78.4396676, 17.4232014], [78.4397913, 17.4227087], [78.4401085, 17.4227781], [78.4405409, 17.4228727]]}}, {"type": "Feature", "id": "way/398316498", "properties": {"osm_id": "-64088", "access": "private", "full_id": "w-64088", "highway": "service", "oneway": "yes", "osm_type": "way"}, "geometry": {"type": "LineString", "coordinates": [[78.4302368, 17.4174895], [78.4301714, 17.417552], [78.4301526, 17.417567], [78.4301318, 17.4175769], [78.4300959, 17.4175923], [78.4296351, 17.4176407], [78.4293094, 17.4176748], [78.4292333, 17.4176828]]}}, {"type": "Feature", "id": "way/398316500", "properties": {"osm_id": "-64043", "full_id": "w-64043", "highway": "residential", "osm_type": "way"}, "geometry": {"type": "LineString", "coordinates": [[78.42994, 17.4144739], [78.4306744, 17.4143616], [78.4308913, 17.4143259], [78.4314867, 17.4142754], [78.4321441, 17.4142478], [78.4322743, 17.4142423], [78.4324176, 17.4142363]]}}, {"type": "Feature", "id": "way/416371449", "properties": {"osm_id": 416371449, "highway": "residential"}, "geometry": {"type": "LineString", "coordinates": [[78.433615, 17.4236287], [78.4334756, 17.4229658]]}}, {"type": "Feature", "id": "way/416371454", "properties": {"osm_id": 416371454, "access": "private", "highway": "service"}, "geometry": {"type": "LineString", "coordinates": [[78.4415014, 17.4260156], [78.4411526, 17.4254646], [78.441045, 17.4252946], [78.4408892, 17.4250387], [78.4407182, 17.4250202], [78.4406532, 17.4250003], [78.4405796, 17.4249496], [78.4401996, 17.4245471]]}}, {"type": "Feature", "id": "way/416407654", "properties": {"osm_id": 416407654, "highway": "residential"}, "geometry": {"type": "LineString", "coordinates": [[78.4301817, 17.4125408], [78.430299, 17.4139216]]}}, {"type": "Feature", "id": "way/416650047", "properties": {"osm_id": 416650047, "highway": "residential"}, "geometry": {"type": "LineString", "coordinates": [[78.4399157, 17.4096797], [78.4399189, 17.4098981], [78.4399219, 17.4099519], [78.4399324, 17.4100192], [78.4399525, 17.4101404]]}}, {"type": "Feature", "id": "way/416650048", "properties": {"osm_id": 416650048, "access": "private", "highway": "residential"}, "geometry": {"type": "LineString", "coordinates": [[78.4395028, 17.412276], [78.4395385, 17.4119282], [78.4395778, 17.4115457], [78.4392485, 17.4115149], [78.4389633, 17.4114882]]}}, {"type": "Feature", "id": "way/417466555", "properties": {"osm_id": 417466555, "highway": "residential"}, "geometry": {"type": "LineString", "coordinates": [[78.4440533, 17.4100529], [78.4440848, 17.410096], [78.4441856, 17.4101407], [78.4442487, 17.4101579], [78.4442618, 17.4102357], [78.4443053, 17.4109456]]}}, {"type": "Feature", "id": "way/417762876", "properties": {"osm_id": 417762876, "highway": "residential"}, "geometry": {"type": "LineString", "coordinates": [[78.4405469, 17.4176127], [78.4403427, 17.4166993]]}}, {"type": "Feature", "id": "way/417766539", "properties": {"osm_id": 417766539, "highway": "residential"}, "geometry": {"type": "LineString", "coordinates": [[78.4391796, 17.418606], [78.4389587, 17.4179852], [78.4386512, 17.4172854], [78.4386359, 17.4172715], [78.4386137, 17.4172523], [78.4385715, 17.4172228], [78.4384781, 17.4171432]]}}, {"type": "Feature", "id": "way/417766541", "properties": {"osm_id": 417766541, "highway": "residential"}, "geometry": {"type": "LineString", "coordinates": [[78.4395457, 17.4183985], [78.4405744, 17.4182166], [78.4406601, 17.4182015], [78.4413217, 17.4180845]]}}, {"type": "Feature", "id": "way/419638093", "properties": {"osm_id": "-64047", "full_id": "w-64047", "highway": "residential", "maxspeed": "20", "osm_type": "way"}, "geometry": {"type": "LineString", "coordinates": [[78.4348547, 17.41365], [78.4345766, 17.4136177], [78.434091, 17.4135614], [78.4336906, 17.413515], [78.4332292, 17.4134614]]}}, {"type": "Feature", "id": "way/419638096", "properties": {"osm_id": 419638096, "highway": "residential", "maxspeed": "20"}, "geometry": {"type": "LineString", "coordinates": [[78.4357636, 17.4140487], [78.4354935, 17.4140931], [78.4349517, 17.4141833], [78.4348822, 17.4138423], [78.4348547, 17.41365], [78.4348556, 17.4132658]]}}, {"type": "Feature", "id": "way/419670302", "properties": {"osm_id": 419670302, "highway": "residential"}, "geometry": {"type": "LineString", "coordinates": [[78.4373197, 17.4137566], [78.4373664, 17.4137319], [78.437496, 17.4136846], [78.4375733, 17.4136548], [78.43768, 17.413616], [78.4379136, 17.4136203], [78.438093, 17.4135992], [78.4381191, 17.4135995], [78.438297, 17.4135805], [78.4385666, 17.4135541], [78.4387729, 17.4135194], [78.4389928, 17.4134754], [78.4392196, 17.4134295], [78.4394384, 17.4133844], [78.439649, 17.4133387], [78.4400303, 17.4132652], [78.4402431, 17.4132179], [78.4405343, 17.4131531], [78.4407772, 17.413099]]}}, {"type": "Feature", "id": "way/419670306", "properties": {"osm_id": 419670306, "highway": "residential", "surface": "concrete"}, "geometry": {"type": "LineString", "coordinates": [[78.4293619, 17.4188268], [78.4300201, 17.4188042], [78.4303454, 17.4187931]]}}, {"type": "Feature", "id": "way/419670307", "properties": {"osm_id": 419670307, "highway": "residential"}, "geometry": {"type": "LineString", "coordinates": [[78.4313629, 17.4200212], [78.431346, 17.4201577], [78.431407, 17.4207284]]}}, {"type": "Feature", "id": "way/419670310", "properties": {"osm_id": 419670310, "highway": "residential"}, "geometry": {"type": "LineString", "coordinates": [[78.4380403, 17.414429], [78.4382306, 17.4144265], [78.4384474, 17.4143935], [78.4386975, 17.4143505]]}}, {"type": "Feature", "id": "way/419670312", "properties": {"osm_id": 419670312, "highway": "residential"}, "geometry": {"type": "LineString", "coordinates": [[78.4311515, 17.4200313], [78.4310588, 17.4200225], [78.4310156, 17.4200184], [78.4308708, 17.4199698], [78.4308196, 17.4198789], [78.4308052, 17.4197464], [78.4308116, 17.4196482], [78.430811, 17.4195459]]}}, {"type": "Feature", "id": "way/419670313", "properties": {"osm_id": 419670313, "highway": "residential"}, "geometry": {"type": "LineString", "coordinates": [[78.4333999, 17.4167191], [78.4334346, 17.4169532], [78.4334678, 17.4171474]]}}, {"type": "Feature", "id": "way/419670315", "properties": {"osm_id": 419670315, "highway": "residential", "osm_type": "way"}, "geometry": {"type": "LineString", "coordinates": [[78.4358674, 17.417654], [78.4369297, 17.417299], [78.437155, 17.417222], [78.437389, 17.4169936], [78.4375141, 17.4166911], [78.4378008, 17.4162782]]}}, {"type": "Feature", "id": "way/419826867", "properties": {"osm_id": 419826867, "access": "private", "highway": "service"}, "geometry": {"type": "LineString", "coordinates": [[78.430169, 17.4114042], [78.4293866, 17.4116686], [78.4290107, 17.4114591], [78.4289826, 17.4114168], [78.4289826, 17.4113722], [78.429027, 17.4113388], [78.429083, 17.4112981], [78.4291344, 17.4112608], [78.4293723, 17.4109651], [78.4295386, 17.4108284], [78.4295849, 17.4108108], [78.4296224, 17.4108118], [78.4296496, 17.4108196], [78.4300516, 17.4112606], [78.430169, 17.4114042], [78.4302801, 17.4113658], [78.4307279, 17.4112562], [78.430882, 17.4112297], [78.430989, 17.4112033]]}}, {"type": "Feature", "id": "way/419826870", "properties": {"osm_id": 419826870, "highway": "residential"}, "geometry": {"type": "LineString", "coordinates": [[78.4336845, 17.410196], [78.4336867, 17.4103765], [78.4334492, 17.4104229], [78.4332157, 17.4104685], [78.4332738, 17.4109631]]}}, {"type": "Feature", "id": "way/419826873", "properties": {"osm_id": 419826873, "highway": "residential"}, "geometry": {"type": "LineString", "coordinates": [[78.4348043, 17.4099389], [78.4349859, 17.4107803], [78.4351797, 17.4116875]]}}, {"type": "Feature", "id": "way/419836615", "properties": {"osm_id": 419836615, "highway": "residential", "maxspeed": "20"}, "geometry": {"type": "LineString", "coordinates": [[78.4354381, 17.4117259], [78.4355523, 17.4124968], [78.4356397, 17.4130936]]}}, {"type": "Feature", "id": "way/419836619", "properties": {"osm_id": 419836619, "access": "private", "highway": "residential"}, "geometry": {"type": "LineString", "coordinates": [[78.4389789, 17.412189], [78.4391322, 17.4122731], [78.4395028, 17.412276], [78.4397807, 17.412277], [78.4415256, 17.4123455]]}}, {"type": "Feature", "id": "way/425070462", "properties": {"osm_id": 425070462, "highway": "service", "service": "driveway"}, "geometry": {"type": "LineString", "coordinates": [[78.4447533, 17.4188631], [78.4447202, 17.4194301]]}}, {"type": "Feature", "id": "way/425080200", "properties": {"osm_id": 425080200, "access": "private", "highway": "service"}, "geometry": {"type": "LineString", "coordinates": [[78.4446686, 17.4143606], [78.44469, 17.4144803], [78.4447175, 17.4145145], [78.4447534, 17.4145115], [78.4447882, 17.4145052], [78.4449939, 17.4144619]]}}, {"type": "Feature", "id": "way/425085284", "properties": {"osm_id": 425085284, "highway": "residential"}, "geometry": {"type": "LineString", "coordinates": [[78.4435554, 17.4159095], [78.4437187, 17.4162805]]}}, {"type": "Feature", "id": "way/427587299", "properties": {"osm_id": 427587299, "highway": "residential"}, "geometry": {"type": "LineString", "coordinates": [[78.4353671, 17.4255138], [78.4356698, 17.424307]]}}, {"type": "Feature", "id": "way/427589672", "properties": {"osm_id": 427589672, "highway": "residential"}, "geometry": {"type": "LineString", "coordinates": [[78.4311736, 17.4207396], [78.4311356, 17.4201734], [78.4310757, 17.420155], [78.4310039, 17.4201517], [78.4310029, 17.4201065], [78.4310588, 17.4200225]]}}, {"type": "Feature", "id": "way/427589673", "properties": {"osm_id": 427589673, "highway": "residential"}, "geometry": {"type": "LineString", "coordinates": [[78.4310843, 17.4174021], [78.4311196, 17.4175917]]}}, {"type": "Feature", "id": "way/427589675", "properties": {"osm_id": 427589675, "highway": "residential"}, "geometry": {"type": "LineString", "coordinates": [[78.4310433, 17.4207458], [78.4310009, 17.4202476]]}}, {"type": "Feature", "id": "way/427596124", "properties": {"osm_id": 427596124, "highway": "residential"}, "geometry": {"type": "LineString", "coordinates": [[78.4361919, 17.4140886], [78.436226, 17.414264]]}}, {"type": "Feature", "id": "way/427596126", "properties": {"osm_id": 427596126, "highway": "residential"}, "geometry": {"type": "LineString", "coordinates": [[78.4361602, 17.4209894], [78.4362428, 17.4212968]]}}, {"type": "Feature", "id": "way/427596127", "properties": {"osm_id": 427596127, "highway": "residential"}, "geometry": {"type": "LineString", "coordinates": [[78.437496, 17.4136846], [78.4375731, 17.4140171]]}}, {"type": "Feature", "id": "way/431379657", "properties": {"osm_id": 431379657, "highway": "residential"}, "geometry": {"type": "LineString", "coordinates": [[78.444299, 17.4165575], [78.4442565, 17.4163467]]}}, {"type": "Feature", "id": "way/450043180", "properties": {"osm_id": 450043180, "highway": "residential"}, "geometry": {"type": "LineString", "coordinates": [[78.4425781, 17.4183977], [78.4428483, 17.4183814], [78.4431464, 17.4183597], [78.4434148, 17.4183383]]}}, {"type": "Feature", "id": "way/450043181", "properties": {"osm_id": 450043181, "highway": "residential"}, "geometry": {"type": "LineString", "coordinates": [[78.4412914, 17.4172337], [78.4416613, 17.4171855], [78.441701, 17.4171981], [78.4417213, 17.4172204], [78.4417243, 17.4172495], [78.4417166, 17.4173131], [78.4417142, 17.417778], [78.4417091, 17.4178052], [78.4416949, 17.4178256], [78.4416695, 17.4178333], [78.4413105, 17.4178768]]}}, {"type": "Feature", "id": "way/450043182", "properties": {"osm_id": 450043182, "highway": "residential"}, "geometry": {"type": "LineString", "coordinates": [[78.4335425, 17.4153923], [78.4340194, 17.4153675], [78.434037, 17.4153666]]}}, {"type": "Feature", "id": "way/538081741", "properties": {"osm_id": 538081741, "highway": "residential"}, "geometry": {"type": "LineString", "coordinates": [[78.4396402, 17.4149217], [78.4397636, 17.4154404], [78.4399081, 17.4159728], [78.4399256, 17.4160565]]}}, {"type": "Feature", "id": "way/538081742", "properties": {"osm_id": 538081742, "highway": "residential", "name": "Banjara Hills Road Number 11", "osm_type": "way"}, "geometry": {"type": "LineString", "coordinates": [[78.4396402, 17.4149217], [78.4392031, 17.4150058], [78.4388253, 17.4150785], [78.4385142, 17.4151462], [78.4381542, 17.4152483]]}}, {"type": "Feature", "id": "way/538081743", "properties": {"osm_id": 538081743, "highway": "tertiary", "name": "Imam Khomenei Road"}, "geometry": {"type": "LineString", "coordinates": [[78.4393447, 17.4209161], [78.4394139, 17.4208688], [78.4394648, 17.4208069], [78.4394769, 17.4206932], [78.4394754, 17.4204136], [78.4394947, 17.4201742], [78.4395291, 17.4201016], [78.4395805, 17.4200333], [78.4396855, 17.4199928], [78.4398536, 17.4199809], [78.4404184, 17.4200395], [78.440743, 17.420059], [78.4408376, 17.4200202], [78.4409119, 17.4199139], [78.4409681, 17.4197498], [78.4410182, 17.419693], [78.441226, 17.4196706], [78.4413417, 17.4196775], [78.4414915, 17.4196621], [78.4417345, 17.4196115], [78.441895, 17.4194722], [78.4420399, 17.419406], [78.4421878, 17.4193616], [78.4423373, 17.4193428], [78.4425827, 17.4193185], [78.4427834, 17.4193084], [78.442911, 17.4192913], [78.4432652, 17.4191893], [78.4435215, 17.4191157], [78.4436284, 17.4190882], [78.4438189, 17.4190275], [78.4440628, 17.4189847], [78.4447533, 17.4188631], [78.4453099, 17.4187503], [78.4456673, 17.4186865], [78.446114, 17.4186068], [78.4461702, 17.4185962], [78.4463191, 17.418568], [78.4465976, 17.4185104], [78.4467701, 17.4184487], [78.4468815, 17.418393], [78.4469595, 17.4183165]]}}, {"type": "Feature", "id": "way/538081744", "properties": {"osm_id": 538081744, "highway": "tertiary", "name": "Devarkonda Basti Road", "name:te": "\u0c26\u0c47\u0c35\u0c30\u0c15\u0c4a\u0c02\u0c21 \u0c2c\u0c38\u0c4d\u0c24\u0c3f \u0c30\u0c4b\u0c21\u0c4d\u0c21\u0c41"}, "geometry": {"type": "LineString", "coordinates": [[78.4445754, 17.4238215], [78.4444719, 17.4240683], [78.4444609, 17.4240945], [78.4444518, 17.4241107], [78.4443899, 17.4242208], [78.4443216, 17.4243901], [78.4443201, 17.4244771], [78.4443984, 17.4246148], [78.4444055, 17.4247515], [78.4444069, 17.4248137], [78.4444077, 17.4248494], [78.4444494, 17.4257012], [78.4444254, 17.4259004], [78.4444152, 17.426384], [78.4442109, 17.4268214], [78.4441476, 17.4272622]]}}, {"type": "Feature", "id": "way/538081745", "properties": {"osm_id": 538081745, "highway": "residential"}, "geometry": {"type": "LineString", "coordinates": [[78.4393779, 17.413892], [78.4392884, 17.4138942], [78.4390581, 17.4139301], [78.4388632, 17.4140381], [78.4386558, 17.4141292]]}}, {"type": "Feature", "id": "way/562448492", "properties": {"osm_id": 562448492, "highway": "residential"}, "geometry": {"type": "LineString", "coordinates": [[78.4431466, 17.4252564], [78.4431307, 17.4251363], [78.4431153, 17.4250562], [78.4430953, 17.424946], [78.4430182, 17.4246307], [78.4429982, 17.4245322], [78.4429853, 17.4244134], [78.4429697, 17.4242801], [78.442963, 17.4241224]]}}, {"type": "Feature", "id": "way/585611617", "properties": {"osm_id": 585611617, "highway": "residential", "surface": "asphalt"}, "geometry": {"type": "LineString", "coordinates": [[78.4430144, 17.4141248], [78.4429787, 17.4137151]]}}, {"type": "Feature", "id": "way/585612170", "properties": {"osm_id": 585612170, "highway": "residential", "surface": "asphalt"}, "geometry": {"type": "LineString", "coordinates": [[78.4430144, 17.4141248], [78.4430393, 17.4143522]]}}, {"type": "Feature", "id": "way/585614830", "properties": {"osm_id": 585614830, "highway": "residential"}, "geometry": {"type": "LineString", "coordinates": [[78.4425765, 17.4147913], [78.4425899, 17.4150843], [78.4426005, 17.4153411], [78.4426404, 17.4159038]]}}, {"type": "Feature", "id": "way/585624112", "properties": {"osm_id": 585624112, "highway": "residential"}, "geometry": {"type": "LineString", "coordinates": [[78.4441994, 17.4126766], [78.4448498, 17.4126059], [78.4449011, 17.4126228], [78.4449259, 17.4126599], [78.4449436, 17.4127156], [78.4450735, 17.41339]]}}, {"type": "Feature", "id": "way/588415389", "properties": {"osm_id": 588415389, "highway": "residential"}, "geometry": {"type": "LineString", "coordinates": [[78.4354381, 17.4117259], [78.4354237, 17.4116357]]}}, {"type": "Feature", "id": "way/596778662", "properties": {"osm_id": 596778662, "highway": "tertiary", "name": "Banjara Hills Road Number 8"}, "geometry": {"type": "LineString", "coordinates": [[78.4462891, 17.4171442], [78.446062, 17.4171392], [78.44567, 17.4171371], [78.4452344, 17.4171779], [78.4444599, 17.4173547], [78.4439174, 17.4175062], [78.4437615, 17.4175498], [78.4432445, 17.4177023]]}}, {"type": "Feature", "id": "way/686950480", "properties": {"osm_id": 686950480, "highway": "residential"}, "geometry": {"type": "LineString", "coordinates": [[78.4349517, 17.4141833], [78.4347767, 17.4142219], [78.4338896, 17.4144175], [78.4335932, 17.4144713], [78.4333223, 17.4145097], [78.4328958, 17.4145583], [78.4327411, 17.4145881], [78.4326171, 17.4146073], [78.4324749, 17.4146316], [78.4323408, 17.4146463], [78.4322, 17.4146745], [78.4321276, 17.4146789], [78.4313235, 17.4148033]]}}, {"type": "Feature", "id": "way/687255095", "properties": {"osm_id": "-64079", "full_id": "w-64079", "highway": "residential", "osm_type": "way"}, "geometry": {"type": "LineString", "coordinates": [[78.430968, 17.4179253], [78.4309389, 17.4176824], [78.4309315, 17.4176209]]}}, {"type": "Feature", "id": "way/687321188", "properties": {"osm_id": 687321188, "highway": "residential"}, "geometry": {"type": "LineString", "coordinates": [[78.4357484, 17.4199701], [78.4356564, 17.4194707]]}}, {"type": "Feature", "id": "way/687336763", "properties": {"osm_id": 687336763, "highway": "residential"}, "geometry": {"type": "LineString", "coordinates": [[78.4433138, 17.4107398], [78.4432894, 17.4106592], [78.4431955, 17.4102779], [78.4431687, 17.4100286]]}}, {"type": "Feature", "id": "way/687360279", "properties": {"osm_id": 687360279, "highway": "residential"}, "geometry": {"type": "LineString", "coordinates": [[78.4407772, 17.413099], [78.4409728, 17.4130629], [78.4411866, 17.4130112], [78.4414091, 17.4129667], [78.4415903, 17.4129205], [78.4418014, 17.4128664], [78.4418215, 17.4128603], [78.4419404, 17.4128244]]}}, {"type": "Feature", "id": "way/687362275", "properties": {"osm_id": 687362275, "highway": "residential"}, "geometry": {"type": "LineString", "coordinates": [[78.437925, 17.4178917], [78.4380349, 17.4179787], [78.4381396, 17.4180811], [78.4381871, 17.4181545], [78.4382226, 17.4182177], [78.4382565, 17.4183022], [78.4382865, 17.4183963], [78.4383088, 17.4187078]]}}, {"type": "Feature", "id": "way/687372493", "properties": {"osm_id": 687372493, "access": "private", "highway": "residential"}, "geometry": {"type": "LineString", "coordinates": [[78.4402873, 17.4220114], [78.4404885, 17.4220361], [78.4405242, 17.4220541]]}}, {"type": "Feature", "id": "way/687372495", "properties": {"osm_id": 687372495, "access": "private", "highway": "residential"}, "geometry": {"type": "LineString", "coordinates": [[78.4400909, 17.4213658], [78.4403148, 17.4213825], [78.4403323, 17.421394], [78.4403363, 17.4214209], [78.4402873, 17.4220114], [78.4398115, 17.4219469]]}}, {"type": "Feature", "id": "way/687372497", "properties": {"osm_id": 687372497, "access": "private", "highway": "residential"}, "geometry": {"type": "LineString", "coordinates": [[78.4400976, 17.421252], [78.440095, 17.421297], [78.4400909, 17.4213658], [78.4398857, 17.4213607], [78.4398642, 17.4213658], [78.4398548, 17.4213774], [78.4398508, 17.4213965], [78.4398297, 17.4216924], [78.4398115, 17.4219469], [78.4397824, 17.422355], [78.4397851, 17.4223818], [78.4397905, 17.4224036], [78.4398065, 17.4224228], [78.439824, 17.4224317], [78.4398521, 17.4224381], [78.4398884, 17.422442], [78.440019, 17.4224627]]}}, {"type": "Feature", "id": "way/693041557", "properties": {"osm_id": 693041557, "highway": "residential"}, "geometry": {"type": "LineString", "coordinates": [[78.4304731, 17.419911], [78.4307, 17.41989], [78.4308196, 17.4198789]]}}, {"type": "Feature", "id": "way/695610922", "properties": {"osm_id": 695610922, "access": "private", "highway": "service"}, "geometry": {"type": "LineString", "coordinates": [[78.4408892, 17.4250387], [78.4409358, 17.4250369], [78.4409641, 17.4250294], [78.4410082, 17.4250177], [78.4411181, 17.424987], [78.4412161, 17.4249294], [78.4412563, 17.4248591], [78.4412791, 17.4247721], [78.4412616, 17.4246889], [78.4412254, 17.4246364], [78.4411597, 17.4245878], [78.441094, 17.4245533], [78.4409988, 17.4245622], [78.4409478, 17.4246083], [78.4409197, 17.4246607], [78.440917, 17.4247554], [78.4409264, 17.4248373], [78.440925, 17.4248987], [78.4409641, 17.4250294]]}}, {"type": "Feature", "id": "way/719434908", "properties": {"osm_id": 719434908, "access": "private", "highway": "service", "oneway": "yes"}, "geometry": {"type": "LineString", "coordinates": [[78.4321284, 17.4248135], [78.4321242, 17.4248613], [78.432121, 17.4249062], [78.4320268, 17.4256869], [78.4320027, 17.4259915], [78.4319881, 17.4260107], [78.431962, 17.4260299], [78.431839, 17.4260248], [78.4317615, 17.4260177], [78.4317189, 17.4260083], [78.4317144, 17.4259772], [78.4318719, 17.4248673], [78.4318779, 17.4248245], [78.4318877, 17.4247625]]}}, {"type": "Feature", "id": "way/759809570", "properties": {"osm_id": 759809570, "highway": "residential"}, "geometry": {"type": "LineString", "coordinates": [[78.4419404, 17.4128244], [78.4419587, 17.4128182]]}}, {"type": "Feature", "id": "way/822791164", "properties": {"osm_id": 822791164, "highway": "residential", "source": "digitalglobe"}, "geometry": {"type": "LineString", "coordinates": [[78.443052, 17.4170837], [78.4423815, 17.4171941], [78.4418641, 17.4172977]]}}, {"type": "Feature", "id": "way/822791165", "properties": {"osm_id": 822791165, "highway": "residential", "source": "digitalglobe"}, "geometry": {"type": "LineString", "coordinates": [[78.4369992, 17.4228801], [78.4375097, 17.4229754]]}}, {"type": "Feature", "id": "way/822791166", "properties": {"osm_id": 822791166, "highway": "residential", "source": "digitalglobe"}, "geometry": {"type": "LineString", "coordinates": [[78.4361138, 17.4179623], [78.4373106, 17.4176787]]}}, {"type": "Feature", "id": "way/822791168", "properties": {"osm_id": 822791168, "highway": "residential", "source": "digitalglobe"}, "geometry": {"type": "LineString", "coordinates": [[78.4371717, 17.4129757], [78.4372492, 17.4123327], [78.437219, 17.4122977], [78.4370686, 17.4122774], [78.4366138, 17.4122252]]}}, {"type": "Feature", "id": "way/822842754", "properties": {"osm_id": 822842754, "highway": "secondary", "lanes": "2", "locality": "Banjara Hills", "maxspeed": "60", "name": "Banjara Hills Road Number 10", "oneway": "yes", "source": "digitalglobe", "surface": "asphalt"}, "geometry": {"type": "LineString", "coordinates": [[78.4387184, 17.4169437], [78.4386587, 17.4168811], [78.4384458, 17.4166607], [78.4381673, 17.416431], [78.4378539, 17.4162096], [78.4376117, 17.4160396], [78.4375095, 17.4159829], [78.4374144, 17.4159621], [78.4372549, 17.4159646], [78.4369557, 17.4160168], [78.436812, 17.4160348], [78.4366776, 17.416032], [78.4363866, 17.4159721], [78.4362198, 17.4159375], [78.4360838, 17.4159252], [78.4359445, 17.4159366], [78.435734, 17.4159943], [78.4353295, 17.4160958], [78.4351075, 17.4161353], [78.4348906, 17.4161742], [78.4345556, 17.4162304], [78.4344506, 17.4162451], [78.4340867, 17.4162907], [78.4336113, 17.4163574], [78.433347, 17.4163891]]}}, {"type": "Feature", "id": "way/822842755", "properties": {"osm_id": 822842755, "highway": "secondary", "lanes": "2", "locality": "Banjara Hills", "maxspeed": "60", "name": "Banjara Hills Road Number 10", "oneway": "yes", "source": "digitalglobe", "surface": "asphalt"}, "geometry": {"type": "LineString", "coordinates": [[78.4494527, 17.4147487], [78.4491558, 17.4147643], [78.448838, 17.4148013], [78.4486801, 17.4148197], [78.4484527, 17.4148462], [78.4482197, 17.4148693], [78.4481883, 17.4148723], [78.4480819, 17.414871], [78.4479801, 17.4148797], [78.4479638, 17.4148811], [78.4478411, 17.4148811], [78.4476917, 17.4148795], [78.4473684, 17.4148828], [78.4470413, 17.4149152], [78.4467332, 17.4149382], [78.4466953, 17.4149545], [78.4465381, 17.415022], [78.446349, 17.415125], [78.4463305, 17.4151351], [78.4462857, 17.415167], [78.446229, 17.4152075], [78.4461154, 17.4152884], [78.4458893, 17.4153958], [78.4456618, 17.4154522], [78.4452071, 17.4155467], [78.4449837, 17.4155931], [78.4444416, 17.4156961], [78.4441225, 17.4157414], [78.4435421, 17.4158251], [78.4431938, 17.4158737], [78.4428739, 17.4158989], [78.4426404, 17.4159038], [78.4422134, 17.4158557], [78.4421369, 17.4158344], [78.44144, 17.4157626], [78.4412821, 17.4157707], [78.4411081, 17.4157776], [78.4410781, 17.4157811], [78.4408256, 17.4158184], [78.4405411, 17.4158564], [78.4401522, 17.4159205], [78.4399081, 17.4159728], [78.4397183, 17.4160045], [78.4395667, 17.4160478], [78.4394239, 17.416126], [78.4392907, 17.4162375], [78.438965, 17.4165584], [78.438759, 17.4167906], [78.4386587, 17.4168811], [78.4386005, 17.4169423]]}}, {"type": "Feature", "id": "way/822842756", "properties": {"osm_id": 822842756, "highway": "residential"}, "geometry": {"type": "LineString", "coordinates": [[78.4335669, 17.4179794], [78.433686, 17.4185709], [78.433729, 17.4187781]]}}, {"type": "Feature", "id": "way/822861411", "properties": {"osm_id": 822861411, "bicycle": "no", "highway": "track", "motor_vehicle": "no", "source": "digitalglobe"}, "geometry": {"type": "LineString", "coordinates": [[78.4291683, 17.4150874], [78.4294497, 17.415054], [78.4300707, 17.4149749], [78.4305319, 17.4149036], [78.4313235, 17.4148033]]}}, {"type": "Feature", "id": "way/822861415", "properties": {"osm_id": 822861415, "highway": "residential", "source": "digitalglobe"}, "geometry": {"type": "LineString", "coordinates": [[78.4378103, 17.4172104], [78.4379236, 17.4171986], [78.4379731, 17.4172036], [78.4380068, 17.4172273], [78.4380758, 17.4172965], [78.4381413, 17.4173522], [78.4382067, 17.4173809], [78.4382883, 17.4174051]]}}, {"type": "Feature", "id": "way/822861416", "properties": {"osm_id": 822861416, "bicycle": "no", "highway": "service", "motor_vehicle": "no", "source": "digitalglobe"}, "geometry": {"type": "LineString", "coordinates": [[78.4394439, 17.4199951], [78.4395042, 17.4198462], [78.4395229, 17.4197594], [78.4395252, 17.4196702], [78.4394692, 17.419111], [78.4394645, 17.4190464], [78.4394435, 17.4189863], [78.439433, 17.4189706]]}}, {"type": "Feature", "id": "way/822861419", "properties": {"osm_id": 822861419, "access": "private", "highway": "service", "source": "Yahoo imagery"}, "geometry": {"type": "LineString", "coordinates": [[78.4300573, 17.4243451], [78.4300395, 17.4244211], [78.4300329, 17.4244528], [78.4298613, 17.4252811], [78.429833, 17.4253165], [78.4298047, 17.4253283], [78.4297604, 17.4253283], [78.4290066, 17.4253689], [78.428973, 17.4253655], [78.42895, 17.4253418], [78.4289447, 17.4252963], [78.4289921, 17.4246923], [78.4292076, 17.4247211], [78.4292819, 17.4242912], [78.4292909, 17.424239], [78.4293024, 17.4241726]]}}, {"type": "Feature", "id": "way/823844886", "properties": {"osm_id": 823844886, "access": "private", "highway": "service", "source": "digitalglobe"}, "geometry": {"type": "LineString", "coordinates": [[78.434452, 17.4124178], [78.4347377, 17.4124262]]}}, {"type": "Feature", "id": "way/824735056", "properties": {"osm_id": 824735056, "highway": "residential"}, "geometry": {"type": "LineString", "coordinates": [[78.4444518, 17.4241107], [78.4446704, 17.4242185], [78.4449241, 17.4245442], [78.4449781, 17.4246057], [78.4452406, 17.4249045], [78.4458744, 17.4249324], [78.4459788, 17.4249392]]}}, {"type": "Feature", "id": "way/827086286", "properties": {"osm_id": 827086286, "access": "private", "highway": "residential", "oneway": "yes"}, "geometry": {"type": "LineString", "coordinates": [[78.4389335, 17.4105671], [78.4388745, 17.4106823], [78.4388369, 17.4107936], [78.4388189, 17.4109326]]}}, {"type": "Feature", "id": "way/827086287", "properties": {"osm_id": 827086287, "access": "private", "covered": "yes", "highway": "residential", "oneway": "yes", "source": "digitalglobe"}, "geometry": {"type": "LineString", "coordinates": [[78.4390166, 17.4106055], [78.4390663, 17.4105146]]}}, {"type": "Feature", "id": "way/827086288", "properties": {"osm_id": 827086288, "access": "private", "highway": "residential", "oneway": "yes", "source": "digitalglobe"}, "geometry": {"type": "LineString", "coordinates": [[78.4390663, 17.4105146], [78.4392553, 17.4101755]]}}, {"type": "Feature", "id": "way/827086289", "properties": {"osm_id": 827086289, "access": "private", "covered": "yes", "highway": "residential", "oneway": "yes"}, "geometry": {"type": "LineString", "coordinates": [[78.4389871, 17.4104762], [78.4389335, 17.4105671]]}}, {"type": "Feature", "id": "way/827086290", "properties": {"osm_id": 827086290, "access": "private", "highway": "residential", "oneway": "yes"}, "geometry": {"type": "LineString", "coordinates": [[78.4391789, 17.4101793], [78.4390877, 17.410306], [78.4389871, 17.4104762]]}}, {"type": "Feature", "id": "way/827086291", "properties": {"osm_id": 827086291, "access": "private", "highway": "residential", "oneway": "yes", "source": "digitalglobe"}, "geometry": {"type": "LineString", "coordinates": [[78.4388189, 17.4109326], [78.4390166, 17.4106055]]}}, {"type": "Feature", "id": "way/827086298", "properties": {"osm_id": 827086298, "highway": "residential"}, "geometry": {"type": "LineString", "coordinates": [[78.4353692, 17.4090975], [78.435503, 17.409825], [78.4357219, 17.4106273]]}}, {"type": "Feature", "id": "way/827086299", "properties": {"osm_id": 827086299, "highway": "residential"}, "geometry": {"type": "LineString", "coordinates": [[78.4337767, 17.4109669], [78.4338109, 17.4109922], [78.4338663, 17.4116553]]}}, {"type": "Feature", "id": "way/845937832", "properties": {"osm_id": 845937832, "highway": "residential"}, "geometry": {"type": "LineString", "coordinates": [[78.4342561, 17.4100419], [78.4342812, 17.4102939]]}}, {"type": "Feature", "id": "way/854190136", "properties": {"osm_id": 854190136, "access": "private", "highway": "service", "oneway": "yes"}, "geometry": {"type": "LineString", "coordinates": [[78.4315309, 17.4170553], [78.4315263, 17.4170138], [78.4315181, 17.4168733], [78.4315128, 17.4167491]]}}, {"type": "Feature", "id": "way/854190662", "properties": {"osm_id": "-64088", "access": "private", "full_id": "w-64088", "highway": "service", "oneway": "yes", "osm_type": "way"}, "geometry": {"type": "LineString", "coordinates": [[78.4308975, 17.4171939], [78.4304617, 17.417393], [78.4302368, 17.4174895]]}}, {"type": "Feature", "id": "way/854190663", "properties": {"osm_id": "-64088", "access": "private", "full_id": "w-64088", "highway": "service", "oneway": "yes", "osm_type": "way"}, "geometry": {"type": "LineString", "coordinates": [[78.4309876, 17.4171281], [78.431202, 17.4170875], [78.4315309, 17.4170553], [78.4317819, 17.4170523], [78.4318412, 17.4170435]]}}, {"type": "Feature", "id": "way/854190664", "properties": {"osm_id": "-64088", "access": "private", "full_id": "w-64088", "highway": "service", "oneway": "yes", "osm_type": "way"}, "geometry": {"type": "LineString", "coordinates": [[78.4308975, 17.4171939], [78.4309876, 17.4171281]]}}, {"type": "Feature", "id": "way/854190665", "properties": {"osm_id": 854190665, "access": "private", "highway": "service", "oneway": "yes"}, "geometry": {"type": "LineString", "coordinates": [[78.4312329, 17.4168898], [78.4315181, 17.4168733]]}}, {"type": "Feature", "id": "way/854190666", "properties": {"osm_id": 854190666, "access": "private", "highway": "service", "oneway": "yes"}, "geometry": {"type": "LineString", "coordinates": [[78.4309872, 17.4170718], [78.4315263, 17.4170138]]}}, {"type": "Feature", "id": "way/854190667", "properties": {"osm_id": 854190667, "access": "private", "highway": "service", "oneway": "yes"}, "geometry": {"type": "LineString", "coordinates": [[78.4312298, 17.4168], [78.4312329, 17.4168898], [78.4310421, 17.4169048], [78.4310129, 17.4169119], [78.4310032, 17.4169186], [78.4309911, 17.4169371], [78.4309872, 17.4170718], [78.4309876, 17.4171281]]}}, {"type": "Feature", "id": "way/854193400", "properties": {"osm_id": 854193400, "access": "private", "covered": "yes", "highway": "service", "layer": "-1", "oneway": "yes", "tunnel": "yes"}, "geometry": {"type": "LineString", "coordinates": [[78.4314462, 17.4167139], [78.431447, 17.4167576]]}}, {"type": "Feature", "id": "way/854193401", "properties": {"osm_id": 854193401, "access": "private", "highway": "service", "oneway": "yes"}, "geometry": {"type": "LineString", "coordinates": [[78.4314403, 17.4166666], [78.431446, 17.4167118], [78.4314462, 17.4167139]]}}, {"type": "Feature", "id": "way/854193402", "properties": {"osm_id": 854193402, "access": "private", "highway": "service", "oneway": "yes"}, "geometry": {"type": "LineString", "coordinates": [[78.4315089, 17.4167044], [78.4315088, 17.4167023], [78.4315019, 17.4166613]]}}, {"type": "Feature", "id": "way/854193403", "properties": {"osm_id": 854193403, "access": "private", "covered": "yes", "highway": "service", "layer": "-1", "oneway": "yes", "tunnel": "yes"}, "geometry": {"type": "LineString", "coordinates": [[78.4315128, 17.4167491], [78.4315089, 17.4167044]]}}, {"type": "Feature", "id": "way/854193409", "properties": {"osm_id": 854193409, "access": "private", "highway": "service", "oneway": "yes"}, "geometry": {"type": "LineString", "coordinates": [[78.4308774, 17.417033], [78.4308975, 17.4171939]]}}, {"type": "Feature", "id": "way/854193410", "properties": {"osm_id": 854193410, "access": "private", "covered": "yes", "highway": "service", "layer": "-1", "oneway": "yes", "tunnel": "yes"}, "geometry": {"type": "LineString", "coordinates": [[78.4308587, 17.4168853], [78.4308774, 17.417033]]}}, {"type": "Feature", "id": "way/995120037", "properties": {"osm_id": 995120037, "highway": "residential", "source": "maxar"}, "geometry": {"type": "LineString", "coordinates": [[78.4386527, 17.420274], [78.4385752, 17.4199082], [78.4385645, 17.419555], [78.4385215, 17.4190995], [78.4384947, 17.4189817], [78.4383928, 17.418951], [78.4375883, 17.4189408]]}}, {"type": "Feature", "id": "way/995203099", "properties": {"osm_id": 995203099, "highway": "residential", "source": "maxar"}, "geometry": {"type": "LineString", "coordinates": [[78.4379302, 17.4187058], [78.4383088, 17.4187078], [78.4383289, 17.4187079]]}}, {"type": "Feature", "id": "way/1057070309", "properties": {"osm_id": 1057070309, "alt_name": "Shivaji Maharaj road", "highway": "secondary", "lanes": "2", "maxspeed": "60", "name": "Road No 12", "oneway": "yes", "surface": "asphalt"}, "geometry": {"type": "LineString", "coordinates": [[78.4307098, 17.4123524], [78.4302945, 17.4124414], [78.4301015, 17.4124943], [78.4297234, 17.4125979], [78.4296006, 17.4126299], [78.4294398, 17.4126939], [78.4292261, 17.4127788]]}}, {"type": "Feature", "id": "way/1087130657", "properties": {"osm_id": 1087130657, "access": "private", "highway": "service"}, "geometry": {"type": "LineString", "coordinates": [[78.4297873, 17.4243971], [78.4300329, 17.4244528]]}}, {"type": "Feature", "id": "way/1096519609", "properties": {"osm_id": 1096519609, "highway": "residential"}, "geometry": {"type": "LineString", "coordinates": [[78.4385884, 17.4190437], [78.439433, 17.4189706]]}}, {"type": "Feature", "id": "way/1096519622", "properties": {"osm_id": 1096519622, "highway": "residential"}, "geometry": {"type": "LineString", "coordinates": [[78.438703, 17.4200888], [78.4394439, 17.4199951]]}}, {"type": "Feature", "id": "way/1115912417", "properties": {"osm_id": 1115912417, "access": "private", "highway": "service"}, "geometry": {"type": "LineString", "coordinates": [[78.4350103, 17.4156329], [78.4351309, 17.4156128], [78.4357127, 17.4155158], [78.4357771, 17.4155069], [78.4358234, 17.4158612], [78.4351551, 17.4159892], [78.4350819, 17.4160032]]}}, {"type": "Feature", "id": "way/1115912418", "properties": {"osm_id": 1115912418, "access": "private", "highway": "service"}, "geometry": {"type": "LineString", "coordinates": [[78.4349377, 17.4152576], [78.4350419, 17.4152449], [78.4356579, 17.4151696]]}}, {"type": "Feature", "id": "way/1124344683", "properties": {"osm_id": 1124344683, "bicycle": "yes", "foot": "yes", "highway": "tertiary", "lanes": "2", "name": "Banjara Hills Road Number 14", "oneway": "yes", "sidewalk": "no"}, "geometry": {"type": "LineString", "coordinates": [[78.4289064, 17.4226432], [78.4291438, 17.4225834], [78.4296241, 17.4224865], [78.4300971, 17.422391], [78.4308097, 17.4222775], [78.4310004, 17.422251], [78.4313751, 17.4221954], [78.4315798, 17.4221514], [78.4316838, 17.4221273], [78.4318674, 17.4220933]]}}, {"type": "Feature", "id": "way/1124344684", "properties": {"osm_id": 1124344684, "highway": "tertiary", "name": "Banjara Hills Road Number 14", "oneway": "yes"}, "geometry": {"type": "LineString", "coordinates": [[78.4318502, 17.4220317], [78.4316733, 17.4220663], [78.4314899, 17.4221037], [78.4313507, 17.4221285], [78.4308309, 17.4222067], [78.4305169, 17.4222541], [78.4301654, 17.4223073], [78.429614, 17.422398], [78.4294341, 17.4224341], [78.4291963, 17.4224986], [78.4289585, 17.4225631], [78.4288318, 17.4225973]]}}, {"type": "Feature", "id": "way/1131086239", "properties": {"osm_id": 1131086239, "access": "private", "highway": "service"}, "geometry": {"type": "LineString", "coordinates": [[78.4412939, 17.4240801], [78.4412622, 17.4239641], [78.441253, 17.4239304], [78.441253, 17.4236388], [78.4405133, 17.4235519]]}}, {"type": "Feature", "id": "way/1150896241", "properties": {"osm_id": 1150896241, "highway": "residential"}, "geometry": {"type": "LineString", "coordinates": [[78.4388535, 17.4186962], [78.4386485, 17.418175]]}}, {"type": "Feature", "id": "way/1152377084", "properties": {"osm_id": "-92249", "full_id": "w-92265", "highway": "residential", "osm_type": "way"}, "geometry": {"type": "LineString", "coordinates": [[78.4432475, 17.4117744], [78.443052, 17.4118186], [78.4428035, 17.4118171], [78.4427677, 17.411809], [78.4427409, 17.411793], [78.4427261, 17.4117572], [78.4426277, 17.4111292], [78.4430416, 17.4110442], [78.4428857, 17.410395], [78.4428522, 17.4103662], [78.4427878, 17.4103476], [78.4424532, 17.4104138], [78.4424277, 17.4103982], [78.442412, 17.4103646], [78.4423976, 17.4101217], [78.4423932, 17.4100467]]}}, {"type": "Feature", "id": "way/1152377085", "properties": {"osm_id": 1152377085, "highway": "residential"}, "geometry": {"type": "LineString", "coordinates": [[78.4406809, 17.416569], [78.4410213, 17.4169765], [78.4412919, 17.4171413], [78.4412914, 17.4172337], [78.4412901, 17.4174973], [78.4413105, 17.4178768], [78.4413148, 17.4179557]]}}, {"type": "Feature", "id": "way/1152377086", "properties": {"osm_id": 1152377086, "access": "private", "highway": "steps", "tactile_paving": "no"}, "geometry": {"type": "LineString", "coordinates": [[78.4413148, 17.4179557], [78.4413182, 17.4180201], [78.4413217, 17.4180845]]}}, {"type": "Feature", "id": "way/1153102313", "properties": {"osm_id": "-64043", "full_id": "w-64043", "highway": "residential", "osm_type": "way"}, "geometry": {"type": "LineString", "coordinates": [[78.4324176, 17.4142363], [78.4325548, 17.4142111], [78.4327118, 17.4141823], [78.4328683, 17.4141536], [78.4329634, 17.4141362]]}}, {"type": "Feature", "id": "way/1153966362", "properties": {"osm_id": 1153966362, "highway": "residential"}, "geometry": {"type": "LineString", "coordinates": [[78.4387647, 17.4180418], [78.4389587, 17.4179852], [78.4391421, 17.4179334], [78.4394792, 17.4178379]]}}, {"type": "Feature", "id": "way/1153966363", "properties": {"osm_id": 1153966363, "highway": "residential"}, "geometry": {"type": "LineString", "coordinates": [[78.4405469, 17.4176127], [78.4412901, 17.4174973]]}}, {"type": "Feature", "id": "way/1154197311", "properties": {"osm_id": 1154197311, "highway": "residential", "source": "digitalglobe"}, "geometry": {"type": "LineString", "coordinates": [[78.4394754, 17.4204136], [78.4394256, 17.4203461], [78.4393921, 17.420274], [78.4394014, 17.4201114], [78.4394365, 17.4200133], [78.4394439, 17.4199951]]}}, {"type": "Feature", "id": "way/1156113629", "properties": {"osm_id": 1156113629, "highway": "residential", "osm_type": "way"}, "geometry": {"type": "LineString", "coordinates": [[78.4372616, 17.4145418], [78.4371119, 17.4141333], [78.4370952, 17.4140175], [78.4370425, 17.4138663]]}}, {"type": "Feature", "id": "way/1157624153", "properties": {"osm_id": 1157624153, "highway": "residential"}, "geometry": {"type": "LineString", "coordinates": [[78.4386512, 17.4172854], [78.4388372, 17.4172056]]}}, {"type": "Feature", "id": "way/1188575927", "properties": {"osm_id": 1188575927, "access": "private", "highway": "service"}, "geometry": {"type": "LineString", "coordinates": [[78.4435215, 17.4191157], [78.4435266, 17.4191798], [78.44353, 17.4192358], [78.4435306, 17.4192455], [78.4435427, 17.4194184], [78.4435579, 17.4195507], [78.4436548, 17.4200285]]}}, {"type": "Feature", "id": "way/1188575928", "properties": {"osm_id": 1188575928, "access": "private", "highway": "service"}, "geometry": {"type": "LineString", "coordinates": [[78.4432078, 17.4193784], [78.4432375, 17.4193347], [78.4432621, 17.4193095], [78.4432978, 17.4192814], [78.4433502, 17.4192572], [78.443412, 17.4192401], [78.4434771, 17.4192314], [78.4435306, 17.4192455]]}}, {"type": "Feature", "id": "way/1188575929", "properties": {"osm_id": 1188575929, "access": "private", "highway": "service"}, "geometry": {"type": "LineString", "coordinates": [[78.4432978, 17.4192814], [78.4432829, 17.4192421], [78.4432652, 17.4191893]]}}, {"type": "Feature", "id": "way/1188596353", "properties": {"osm_id": 1188596353, "access": "private", "highway": "residential"}, "geometry": {"type": "LineString", "coordinates": [[78.4365132, 17.4209358], [78.4365034, 17.4207418], [78.4364814, 17.4203493]]}}, {"type": "Feature", "id": "way/1188596974", "properties": {"osm_id": 1188596974, "access": "private", "highway": "service"}, "geometry": {"type": "LineString", "coordinates": [[78.4405625, 17.4212624], [78.4406, 17.4212613], [78.4406618, 17.4212595], [78.4412118, 17.4213623]]}}, {"type": "Feature", "id": "way/1188609037", "properties": {"osm_id": 1188609037, "access": "private", "highway": "residential"}, "geometry": {"type": "LineString", "coordinates": [[78.4406, 17.4212613], [78.4405991, 17.4213271], [78.4405928, 17.4218054], [78.4405934, 17.4220189], [78.4406246, 17.4226029]]}}, {"type": "Feature", "id": "way/1188609038", "properties": {"osm_id": 1188609038, "access": "private", "highway": "residential"}, "geometry": {"type": "LineString", "coordinates": [[78.4405934, 17.4220189], [78.4410091, 17.4219945]]}}, {"type": "Feature", "id": "way/1188610293", "properties": {"osm_id": 1188610293, "access": "private", "highway": "residential"}, "geometry": {"type": "LineString", "coordinates": [[78.4413961, 17.4203787], [78.4414907, 17.4202766], [78.441559, 17.4202611], [78.4416253, 17.4202613], [78.4419621, 17.4202703]]}}, {"type": "Feature", "id": "way/1188610519", "properties": {"osm_id": 1188610519, "highway": "service"}, "geometry": {"type": "LineString", "coordinates": [[78.4418342, 17.4207854], [78.4417906, 17.4203168]]}}, {"type": "Feature", "id": "way/1188610875", "properties": {"osm_id": 1188610875, "access": "private", "highway": "residential"}, "geometry": {"type": "LineString", "coordinates": [[78.4421737, 17.4208614], [78.4421658, 17.4207071], [78.4421498, 17.42032]]}}, {"type": "Feature", "id": "way/1188611320", "properties": {"osm_id": 1188611320, "highway": "residential"}, "geometry": {"type": "LineString", "coordinates": [[78.4417851, 17.4234953], [78.4417924, 17.4228549]]}}, {"type": "Feature", "id": "way/1188776375", "properties": {"osm_id": 1188776375, "highway": "residential"}, "geometry": {"type": "LineString", "coordinates": [[78.4399071, 17.4244722], [78.4398287, 17.4242584]]}}, {"type": "Feature", "id": "way/1188894226", "properties": {"osm_id": 1188894226, "highway": "footway", "source": "Yahoo imagery"}, "geometry": {"type": "LineString", "coordinates": [[78.4362327, 17.4242853], [78.4362009, 17.4244253]]}}, {"type": "Feature", "id": "way/1188895255", "properties": {"osm_id": 1188895255, "access": "private", "highway": "residential"}, "geometry": {"type": "LineString", "coordinates": [[78.4396825, 17.4245792], [78.4396963, 17.4246555]]}}, {"type": "Feature", "id": "way/1188897097", "properties": {"osm_id": 1188897097, "highway": "service"}, "geometry": {"type": "LineString", "coordinates": [[78.4401996, 17.4245471], [78.4400921, 17.4244332]]}}, {"type": "Feature", "id": "way/1189117937", "properties": {"osm_id": 1189117937, "highway": "service"}, "geometry": {"type": "LineString", "coordinates": [[78.4446648, 17.4143393], [78.4446686, 17.4143606]]}}, {"type": "Feature", "id": "way/1189307970", "properties": {"osm_id": 1189307970, "highway": "living_street"}, "geometry": {"type": "LineString", "coordinates": [[78.430563, 17.4205029], [78.4299412, 17.4205506]]}}, {"type": "Feature", "id": "way/1189309114", "properties": {"osm_id": 1189309114, "highway": "residential"}, "geometry": {"type": "LineString", "coordinates": [[78.4311561, 17.4201719], [78.4311515, 17.4200313]]}}, {"type": "Feature", "id": "way/1189309115", "properties": {"osm_id": 1189309115, "highway": "residential"}, "geometry": {"type": "LineString", "coordinates": [[78.4311356, 17.4201734], [78.4311561, 17.4201719], [78.431346, 17.4201577]]}}, {"type": "Feature", "id": "way/1189309432", "properties": {"osm_id": 1189309432, "highway": "residential"}, "geometry": {"type": "LineString", "coordinates": [[78.4307, 17.41989], [78.4307298, 17.4201401], [78.4307565, 17.4201967], [78.4311356, 17.4201734]]}}, {"type": "Feature", "id": "way/1189314579", "properties": {"osm_id": 1189314579, "highway": "service"}, "geometry": {"type": "LineString", "coordinates": [[78.4301654, 17.4223073], [78.4301541, 17.4222488]]}}, {"type": "Feature", "id": "way/1189315019", "properties": {"osm_id": 1189315019, "access": "private", "highway": "service"}, "geometry": {"type": "LineString", "coordinates": [[78.4304953, 17.4221861], [78.4304308, 17.4219826]]}}, {"type": "Feature", "id": "way/1189315020", "properties": {"osm_id": 1189315020, "highway": "service"}, "geometry": {"type": "LineString", "coordinates": [[78.4305169, 17.4222541], [78.4304953, 17.4221861]]}}, {"type": "Feature", "id": "way/1189341295", "properties": {"osm_id": "-92276", "full_id": "w-92276", "highway": "service", "osm_type": "way"}, "geometry": {"type": "LineString", "coordinates": [[78.4423976, 17.4101217], [78.4423193, 17.4101285]]}}, {"type": "Feature", "id": "way/1189341296", "properties": {"osm_id": 1189341296, "highway": "service", "oneway": "yes"}, "geometry": {"type": "LineString", "coordinates": [[78.4422933, 17.4113985], [78.4422778, 17.4113755], [78.4422554, 17.4113586], [78.4422284, 17.4113496], [78.4421998, 17.4113494], [78.4421727, 17.411358], [78.44215, 17.4113746], [78.4421342, 17.4113973], [78.4421269, 17.4114238], [78.442129, 17.411451], [78.4421403, 17.4114761], [78.4421596, 17.4114963], [78.4421846, 17.4115095], [78.4422129, 17.4115142], [78.4422411, 17.4115099], [78.4422664, 17.411497], [78.4422859, 17.411477], [78.4422975, 17.4114521], [78.4423001, 17.411425], [78.4422933, 17.4113985]]}}, {"type": "Feature", "id": "way/1189341297", "properties": {"osm_id": 1189341297, "access": "private", "highway": "residential"}, "geometry": {"type": "LineString", "coordinates": [[78.4391487, 17.4128645], [78.4391969, 17.4128586], [78.4392305, 17.4128299], [78.4392447, 17.4127809], [78.4391474, 17.4124027], [78.4390925, 17.4123368], [78.4390068, 17.4123023]]}}, {"type": "Feature", "id": "way/1189341911", "properties": {"osm_id": 1189341911, "highway": "residential", "osm_type": "way"}, "geometry": {"type": "LineString", "coordinates": [[78.4381792, 17.4112917], [78.4381143, 17.4112702]]}}, {"type": "Feature", "id": "way/1189341912", "properties": {"osm_id": 1189341912, "highway": "residential"}, "geometry": {"type": "LineString", "coordinates": [[78.4380935, 17.4115104], [78.4381515, 17.4115297]]}}, {"type": "Feature", "id": "way/1189343309", "properties": {"osm_id": 1189343309, "highway": "residential", "maxspeed": "20"}, "geometry": {"type": "LineString", "coordinates": [[78.4348591, 17.4131882], [78.434778, 17.4124274], [78.4347631, 17.4122438], [78.4347339, 17.4118841]]}}, {"type": "Feature", "id": "way/1189343310", "properties": {"osm_id": 1189343310, "highway": "service", "source": "digitalglobe"}, "geometry": {"type": "LineString", "coordinates": [[78.4347377, 17.4124262], [78.434778, 17.4124274]]}}, {"type": "Feature", "id": "way/1189344559", "properties": {"osm_id": 1189344559, "highway": "residential"}, "geometry": {"type": "LineString", "coordinates": [[78.4321637, 17.4121624], [78.432233, 17.4126525]]}}, {"type": "Feature", "id": "way/1189344560", "properties": {"osm_id": "-64035", "access": "private", "full_id": "w-64035", "highway": "residential", "osm_type": "way"}, "geometry": {"type": "LineString", "coordinates": [[78.4322963, 17.4126373], [78.432667, 17.4125926], [78.4330909, 17.4125401]]}}, {"type": "Feature", "id": "way/1189344561", "properties": {"osm_id": 1189344561, "access": "private", "highway": "service"}, "geometry": {"type": "LineString", "coordinates": [[78.432762, 17.4130963], [78.4327589, 17.4130525], [78.4327256, 17.4130455], [78.4327052, 17.413021], [78.432699, 17.4129602], [78.4326813, 17.4129214], [78.4326508, 17.412891], [78.432615, 17.4128707]]}}, {"type": "Feature", "id": "way/1189344562", "properties": {"osm_id": 1189344562, "highway": "service"}, "geometry": {"type": "LineString", "coordinates": [[78.4327651, 17.4131402], [78.432762, 17.4130963]]}}, {"type": "Feature", "id": "way/1189344563", "properties": {"osm_id": "-64035", "access": "private", "full_id": "w-64035", "highway": "residential", "osm_type": "way"}, "geometry": {"type": "LineString", "coordinates": [[78.432233, 17.4126525], [78.4322963, 17.4126373]]}}, {"type": "Feature", "id": "way/1189344564", "properties": {"osm_id": 1189344564, "highway": "residential"}, "geometry": {"type": "LineString", "coordinates": [[78.4327651, 17.4131402], [78.4330271, 17.4131147]]}}, {"type": "Feature", "id": "way/1189347236", "properties": {"osm_id": "-64315", "access": "private", "full_id": "w-64315", "highway": "service", "osm_type": "way"}, "geometry": {"type": "LineString", "coordinates": [[78.4328434, 17.4110214], [78.4328398, 17.4109854], [78.4328386, 17.4109738]]}}, {"type": "Feature", "id": "way/1189349278", "properties": {"osm_id": 1189349278, "highway": "service"}, "geometry": {"type": "LineString", "coordinates": [[78.430989, 17.4112033], [78.4310961, 17.4111768], [78.4315059, 17.4110827]]}}, {"type": "Feature", "id": "way/1189354547", "properties": {"osm_id": 1189354547, "highway": "residential"}, "geometry": {"type": "LineString", "coordinates": [[78.4381542, 17.4152483], [78.4380877, 17.4147479]]}}, {"type": "Feature", "id": "way/1189545757", "properties": {"osm_id": "-92315", "full_id": "w-92315", "highway": "residential", "motor_vehicle": "no", "osm_type": "way"}, "geometry": {"type": "LineString", "coordinates": [[78.4418651, 17.4100742], [78.4420105, 17.409674]]}}, {"type": "Feature", "id": "way/1189557140", "properties": {"osm_id": 1189557140, "highway": "living_street"}, "geometry": {"type": "LineString", "coordinates": [[78.4315145, 17.4213105], [78.4320989, 17.4212135]]}}, {"type": "Feature", "id": "way/1189621839", "properties": {"osm_id": 1189621839, "highway": "residential", "osm_type": "way"}, "geometry": {"type": "LineString", "coordinates": [[78.4385276, 17.4131217], [78.4384012, 17.4127111], [78.4383492, 17.4125103], [78.4382435, 17.4120593]]}}, {"type": "Feature", "id": "way/1190166037", "properties": {"osm_id": 1190166037, "highway": "residential", "name": "Banjara Hills Road Number 11"}, "geometry": {"type": "LineString", "coordinates": [[78.4393779, 17.413892], [78.4395024, 17.4138825], [78.439727, 17.4138533]]}}, {"type": "Feature", "id": "way/1190166038", "properties": {"osm_id": "-92183", "full_id": "w-92183", "highway": "residential", "osm_type": "way"}, "geometry": {"type": "LineString", "coordinates": [[78.439649, 17.4133387], [78.439727, 17.4138533]]}}, {"type": "Feature", "id": "way/1190166039", "properties": {"osm_id": "-92183", "full_id": "w-92183", "highway": "steps", "osm_type": "way"}, "geometry": {"type": "LineString", "coordinates": [[78.439727, 17.4138533], [78.4398652, 17.4142049]]}}, {"type": "Feature", "id": "way/1190304666", "properties": {"osm_id": 1190304666, "highway": "residential"}, "geometry": {"type": "LineString", "coordinates": [[78.4404429, 17.4154442], [78.4409427, 17.41537]]}}, {"type": "Feature", "id": "way/1190315307", "properties": {"osm_id": 1190315307, "highway": "residential", "source": "digitalglobe"}, "geometry": {"type": "LineString", "coordinates": [[78.4315196, 17.4149192], [78.4320508, 17.4148167], [78.4321304, 17.4148003], [78.4321471, 17.4147876], [78.4321276, 17.4146789]]}}, {"type": "Feature", "id": "way/1191356921", "properties": {"osm_id": 1191356921, "highway": "residential"}, "geometry": {"type": "LineString", "coordinates": [[78.4444669, 17.4216925], [78.4444847, 17.4217661], [78.444526, 17.4217705]]}}, {"type": "Feature", "id": "way/1191974785", "properties": {"osm_id": 1191974785, "highway": "residential"}, "geometry": {"type": "LineString", "coordinates": [[78.4382677, 17.4156156], [78.4383221, 17.415914], [78.4383235, 17.4159271], [78.4383263, 17.4159492], [78.4383303, 17.4159804], [78.438333, 17.4160053], [78.438331, 17.4160278], [78.4383253, 17.4161426]]}}, {"type": "Feature", "id": "way/1191975164", "properties": {"osm_id": 1191975164, "access": "private", "highway": "service"}, "geometry": {"type": "LineString", "coordinates": [[78.4389193, 17.415361], [78.4389437, 17.4153547], [78.4392276, 17.4152818], [78.4392419, 17.4152717], [78.4392512, 17.4152545], [78.4392506, 17.4152355], [78.43921, 17.4150393], [78.4392031, 17.4150058]]}}, {"type": "Feature", "id": "way/1191975382", "properties": {"osm_id": 1191975382, "highway": "residential", "surface": "unpaved"}, "geometry": {"type": "LineString", "coordinates": [[78.4345766, 17.4136177], [78.4345574, 17.4140103]]}}, {"type": "Feature", "id": "way/1191976139", "properties": {"osm_id": 1191976139, "highway": "residential", "motor_vehicle": "no"}, "geometry": {"type": "LineString", "coordinates": [[78.4421971, 17.4137514], [78.4421744, 17.4135313], [78.4421652, 17.4134952], [78.4420871, 17.4132449], [78.442042, 17.4131034], [78.4419587, 17.4128182]]}}, {"type": "Feature", "id": "way/1191976836", "properties": {"osm_id": 1191976836, "highway": "residential"}, "geometry": {"type": "LineString", "coordinates": [[78.4371782, 17.4184124], [78.4372174, 17.4186187]]}}, {"type": "Feature", "id": "way/1192621602", "properties": {"osm_id": 1192621602, "highway": "residential"}, "geometry": {"type": "LineString", "coordinates": [[78.4381191, 17.4135995], [78.4381156, 17.4133408]]}}, {"type": "Feature", "id": "way/1192678153", "properties": {"osm_id": 1192678153, "highway": "residential"}, "geometry": {"type": "LineString", "coordinates": [[78.4341366, 17.4181585], [78.4341961, 17.4187391]]}}, {"type": "Feature", "id": "way/1193716942", "properties": {"osm_id": 1193716942, "highway": "residential"}, "geometry": {"type": "LineString", "coordinates": [[78.4357884, 17.4141539], [78.4361919, 17.4140886], [78.4365839, 17.4140252], [78.4366278, 17.4140259], [78.4368372, 17.4139453], [78.4369629, 17.4138969], [78.4370425, 17.4138663], [78.4370858, 17.4138483], [78.437204, 17.4137999], [78.4373197, 17.4137566]]}}, {"type": "Feature", "id": "way/1196273266", "properties": {"osm_id": 1196273266, "highway": "residential", "source": "maxar"}, "geometry": {"type": "LineString", "coordinates": [[78.4343013, 17.4149886], [78.4342783, 17.4148144]]}}, {"type": "Feature", "id": "way/1196273449", "properties": {"osm_id": 1196273449, "highway": "residential", "source": "maxar"}, "geometry": {"type": "LineString", "coordinates": [[78.4332052, 17.4176511], [78.4329265, 17.4176792]]}}, {"type": "Feature", "id": "way/1196779902", "properties": {"osm_id": 1196779902, "highway": "residential", "sidewalk": "no"}, "geometry": {"type": "LineString", "coordinates": [[78.4343797, 17.4157565], [78.4344506, 17.4162451]]}}, {"type": "Feature", "id": "way/1196779903", "properties": {"osm_id": 1196779903, "highway": "residential", "name": "Banjara Hills Road Number 11", "osm_type": "way"}, "geometry": {"type": "LineString", "coordinates": [[78.437927, 17.4153547], [78.4377195, 17.4154884], [78.4373565, 17.4157722]]}}, {"type": "Feature", "id": "way/1196779904", "properties": {"osm_id": 1196779904, "highway": "residential", "osm_type": "way"}, "geometry": {"type": "LineString", "coordinates": [[78.4378008, 17.4162782], [78.4378539, 17.4162096], [78.438063, 17.4158956], [78.4380863, 17.415793], [78.4380761, 17.4156403], [78.437927, 17.4153547]]}}, {"type": "Feature", "id": "way/1196779905", "properties": {"osm_id": 1196779905, "highway": "steps", "motor_vehicle": "no", "name": "Banjara Hills Road Number 11", "osm_type": "way"}, "geometry": {"type": "LineString", "coordinates": [[78.4381025, 17.4152725], [78.4379748, 17.4153323]]}}, {"type": "Feature", "id": "way/1200969177", "properties": {"osm_id": 1200969177, "highway": "residential", "source": "digitalglobe"}, "geometry": {"type": "LineString", "coordinates": [[78.4368502, 17.4132336], [78.4369822, 17.4131783], [78.4370547, 17.4131386]]}}, {"type": "Feature", "id": "way/1201937150", "properties": {"osm_id": 1201937150, "highway": "residential"}, "geometry": {"type": "LineString", "coordinates": [[78.4333999, 17.4167191], [78.4324631, 17.4168172]]}}, {"type": "Feature", "id": "way/1201937151", "properties": {"osm_id": 1201937151, "highway": "residential"}, "geometry": {"type": "LineString", "coordinates": [[78.433357, 17.4164633], [78.4333999, 17.4167191]]}}, {"type": "Feature", "id": "way/1201938359", "properties": {"osm_id": 1201938359, "highway": "residential"}, "geometry": {"type": "LineString", "coordinates": [[78.433347, 17.4163891], [78.4333516, 17.4164233], [78.433357, 17.4164633]]}}, {"type": "Feature", "id": "way/1201938360", "properties": {"osm_id": 1201938360, "highway": "secondary", "lanes": "2", "locality": "Banjara Hills", "maxspeed": "60", "name": "Banjara Hills Road Number 10", "oneway": "yes", "source": "digitalglobe", "surface": "asphalt"}, "geometry": {"type": "LineString", "coordinates": [[78.433347, 17.4163891], [78.4324245, 17.4164707], [78.4321943, 17.4164964], [78.4319738, 17.4165166], [78.4316967, 17.4165602], [78.4313131, 17.4166034], [78.4303792, 17.416706], [78.4299763, 17.4167612], [78.4292078, 17.4169213]]}}, {"type": "Feature", "id": "way/1203025956", "properties": {"osm_id": 1203025956, "highway": "residential"}, "geometry": {"type": "LineString", "coordinates": [[78.4412821, 17.4157707], [78.441244, 17.4154706], [78.441244, 17.415445], [78.4412628, 17.4154118], [78.4413233, 17.4153803]]}}, {"type": "Feature", "id": "way/1204081849", "properties": {"osm_id": 1204081849, "highway": "residential", "source": "Yahoo imagery"}, "geometry": {"type": "LineString", "coordinates": [[78.4311619, 17.4232369], [78.431584, 17.4231765]]}}, {"type": "Feature", "id": "way/1204083063", "properties": {"osm_id": 1204083063, "highway": "residential"}, "geometry": {"type": "LineString", "coordinates": [[78.4387935, 17.4236108], [78.4396341, 17.4233624], [78.4396631, 17.4232229]]}}, {"type": "Feature", "id": "way/1204083064", "properties": {"osm_id": 1204083064, "access": "private", "highway": "service"}, "geometry": {"type": "LineString", "coordinates": [[78.4416112, 17.4239349], [78.4415635, 17.423819], [78.4415629, 17.4237711], [78.4415627, 17.4237531], [78.4415632, 17.4236008]]}}, {"type": "Feature", "id": "way/1204083065", "properties": {"osm_id": 1204083065, "access": "private", "highway": "service"}, "geometry": {"type": "LineString", "coordinates": [[78.4416397, 17.4239305], [78.4416436, 17.4238209], [78.4416483, 17.4237753], [78.4416651, 17.4236098]]}}, {"type": "Feature", "id": "way/1204083066", "properties": {"osm_id": 1204083066, "access": "private", "highway": "service"}, "geometry": {"type": "LineString", "coordinates": [[78.4415629, 17.4237711], [78.4416483, 17.4237753]]}}, {"type": "Feature", "id": "way/1204083806", "properties": {"osm_id": 1204083806, "highway": "residential"}, "geometry": {"type": "LineString", "coordinates": [[78.433729, 17.4187781], [78.433803, 17.4192171], [78.4338384, 17.4198264]]}}, {"type": "Feature", "id": "way/1204083807", "properties": {"osm_id": 1204083807, "highway": "residential"}, "geometry": {"type": "LineString", "coordinates": [[78.4338384, 17.4198264], [78.4326094, 17.4199058], [78.4321177, 17.4199767]]}}, {"type": "Feature", "id": "way/1204084296", "properties": {"osm_id": 1204084296, "highway": "residential"}, "geometry": {"type": "LineString", "coordinates": [[78.4321177, 17.4199767], [78.4313629, 17.4200212], [78.4311515, 17.4200313]]}}, {"type": "Feature", "id": "way/1212651032", "properties": {"osm_id": 1212651032, "access": "private", "highway": "residential", "oneway": "yes"}, "geometry": {"type": "LineString", "coordinates": [[78.4406601, 17.4182015], [78.440669, 17.4182541], [78.4406711, 17.4182665], [78.4408222, 17.4182494], [78.4408579, 17.4182759], [78.4409294, 17.4187041], [78.4409077, 17.4187301], [78.4402668, 17.4188271], [78.4402267, 17.418815], [78.4401838, 17.4185745], [78.4402303, 17.4185062], [78.4404431, 17.4184721], [78.4404288, 17.4183288], [78.4404681, 17.41831], [78.4405843, 17.418281], [78.4405825, 17.4182695], [78.4405744, 17.4182166]]}}, {"type": "Feature", "id": "way/1215922602", "properties": {"osm_id": 1215922602, "highway": "residential", "source": "maxar"}, "geometry": {"type": "LineString", "coordinates": [[78.4374348, 17.4238041], [78.4373774, 17.4238017], [78.4372898, 17.4237796], [78.4372365, 17.4237332], [78.43719, 17.423679], [78.4371486, 17.4235803]]}}, {"type": "Feature", "id": "way/1216429088", "properties": {"osm_id": 1216429088, "highway": "residential", "source": "maxar"}, "geometry": {"type": "LineString", "coordinates": [[78.4343869, 17.4198618], [78.4343488, 17.4204042]]}}, {"type": "Feature", "id": "way/1216429089", "properties": {"osm_id": 1216429089, "access": "private", "highway": "service"}, "geometry": {"type": "LineString", "coordinates": [[78.4348127, 17.4198957], [78.4348229, 17.4198229], [78.4348468, 17.4194223]]}}, {"type": "Feature", "id": "way/1218268918", "properties": {"osm_id": 1218268918, "highway": "residential"}, "geometry": {"type": "LineString", "coordinates": [[78.4440429, 17.4212454], [78.4440113, 17.4214993], [78.4440471, 17.4218319]]}}, {"type": "Feature", "id": "way/1229104499", "properties": {"osm_id": 1229104499, "highway": "residential", "name": "Mithila Nagar Road"}, "geometry": {"type": "LineString", "coordinates": [[78.4354897, 17.4182305], [78.4350668, 17.4182529]]}}, {"type": "Feature", "id": "way/1235130610", "properties": {"osm_id": 1235130610, "access": "private", "highway": "service"}, "geometry": {"type": "LineString", "coordinates": [[78.4378954, 17.4245992], [78.4379156, 17.4244653], [78.4379221, 17.4244219], [78.4379587, 17.4242478], [78.4379304, 17.4241935], [78.4378786, 17.424183]]}}, {"type": "Feature", "id": "way/1238230419", "properties": {"osm_id": 1238230419, "highway": "residential"}, "geometry": {"type": "LineString", "coordinates": [[78.4349088, 17.4148872], [78.4349643, 17.4148987], [78.4350055, 17.4148717], [78.4350038, 17.4148399], [78.4350084, 17.4148085], [78.4350616, 17.414786]]}}, {"type": "Feature", "id": "way/1238230739", "properties": {"osm_id": 1238230739, "access": "private", "highway": "service"}, "geometry": {"type": "LineString", "coordinates": [[78.4350055, 17.4148717], [78.4350458, 17.4148657], [78.4355271, 17.4148016]]}}, {"type": "Feature", "id": "way/1238231035", "properties": {"osm_id": 1238231035, "highway": "residential"}, "geometry": {"type": "LineString", "coordinates": [[78.432357, 17.4137475], [78.4329298, 17.4137419]]}}, {"type": "Feature", "id": "way/1238233640", "properties": {"osm_id": 1238233640, "access": "private", "highway": "service"}, "geometry": {"type": "LineString", "coordinates": [[78.4347631, 17.4122438], [78.4348076, 17.4122387], [78.4351786, 17.4121957]]}}, {"type": "Feature", "id": "way/1238235287", "properties": {"osm_id": 1238235287, "access": "private", "highway": "residential"}, "geometry": {"type": "LineString", "coordinates": [[78.4373392, 17.4116492], [78.437394, 17.4116505], [78.4374294, 17.4116526]]}}, {"type": "Feature", "id": "way/1238235288", "properties": {"osm_id": 1238235288, "access": "private", "highway": "residential"}, "geometry": {"type": "LineString", "coordinates": [[78.4374294, 17.4116526], [78.4374357, 17.4116677], [78.4374504, 17.4116835], [78.4376891, 17.4116894]]}}, {"type": "Feature", "id": "way/1238288768", "properties": {"osm_id": 1238288768, "highway": "residential"}, "geometry": {"type": "LineString", "coordinates": [[78.4428483, 17.4183814], [78.4427994, 17.4181099]]}}, {"type": "Feature", "id": "way/1238291035", "properties": {"osm_id": 1238291035, "highway": "residential"}, "geometry": {"type": "LineString", "coordinates": [[78.4426981, 17.4221388], [78.4426828, 17.422612]]}}, {"type": "Feature", "id": "way/1238297116", "properties": {"osm_id": 1238297116, "access": "private", "highway": "residential"}, "geometry": {"type": "LineString", "coordinates": [[78.444825, 17.4204143], [78.4448397, 17.4204477], [78.4449142, 17.4206167]]}}, {"type": "Feature", "id": "way/1239303340", "properties": {"osm_id": 1239303340, "highway": "residential"}, "geometry": {"type": "LineString", "coordinates": [[78.4435114, 17.4117876], [78.4432913, 17.4118354], [78.4432667, 17.4118585], [78.4432406, 17.4119437], [78.4433161, 17.4122401]]}}, {"type": "Feature", "id": "way/1262931306", "properties": {"osm_id": 1262931306, "highway": "residential", "motor_vehicle": "no", "name": "Banjara Hills Road Number 11", "osm_type": "way"}, "geometry": {"type": "LineString", "coordinates": [[78.4379748, 17.4153323], [78.437927, 17.4153547]]}}, {"type": "Feature", "id": "way/1262931307", "properties": {"osm_id": 1262931307, "highway": "residential", "motor_vehicle": "no", "name": "Banjara Hills Road Number 11", "osm_type": "way"}, "geometry": {"type": "LineString", "coordinates": [[78.4381542, 17.4152483], [78.4381025, 17.4152725]]}}, {"type": "Feature", "id": "way/1273769901", "properties": {"osm_id": 1273769901, "highway": "residential"}, "geometry": {"type": "LineString", "coordinates": [[78.4373197, 17.4137566], [78.4372611, 17.4134711], [78.4372425, 17.413459], [78.4372037, 17.4134631], [78.4369738, 17.4135215]]}}, {"type": "Feature", "id": "way/1275572869", "properties": {"osm_id": 1275572869, "highway": "service"}, "geometry": {"type": "LineString", "coordinates": [[78.4359174, 17.4115178], [78.4358995, 17.4114546]]}}, {"type": "Feature", "id": "way/1275572870", "properties": {"osm_id": 1275572870, "access": "private", "highway": "service"}, "geometry": {"type": "LineString", "coordinates": [[78.4358995, 17.4114546], [78.435841, 17.4112692]]}}, {"type": "Feature", "id": "way/1275907574", "properties": {"osm_id": 1275907574, "access": "private", "highway": "residential"}, "geometry": {"type": "LineString", "coordinates": [[78.4405242, 17.4220541], [78.4405432, 17.4220803], [78.4405391, 17.4225436], [78.4405157, 17.4227137], [78.4405021, 17.4227395]]}}, {"type": "Feature", "id": "way/1275907575", "properties": {"osm_id": 1275907575, "access": "private", "highway": "residential"}, "geometry": {"type": "LineString", "coordinates": [[78.4401085, 17.4227781], [78.4401273, 17.4226948], [78.4401464, 17.4226839], [78.4401717, 17.4226767], [78.4404673, 17.4227434], [78.4405021, 17.4227395]]}}, {"type": "Feature", "id": "way/1275937983", "properties": {"osm_id": 1275937983, "access": "private", "highway": "service"}, "geometry": {"type": "LineString", "coordinates": [[78.4429127, 17.416672], [78.4430284, 17.4166348], [78.4434065, 17.4165323]]}}, {"type": "Feature", "id": "way/1286986997", "properties": {"osm_id": 1286986997, "access": "private", "highway": "steps"}, "geometry": {"type": "LineString", "coordinates": [[78.438049, 17.4114957], [78.4380935, 17.4115104]]}}, {"type": "Feature", "id": "way/1286989279", "properties": {"osm_id": 1286989279, "access": "private", "highway": "service"}, "geometry": {"type": "LineString", "coordinates": [[78.4336628, 17.4138101], [78.4336535, 17.4138839], [78.4336439, 17.4139602], [78.4338515, 17.413992]]}}, {"type": "Feature", "id": "way/1286989280", "properties": {"osm_id": 1286989280, "access": "private", "highway": "service"}, "geometry": {"type": "LineString", "coordinates": [[78.4336439, 17.4139602], [78.4334456, 17.4139248]]}}, {"type": "Feature", "id": "way/1296276043", "properties": {"osm_id": 1296276043, "access": "private", "highway": "residential"}, "geometry": {"type": "LineString", "coordinates": [[78.4406536, 17.4206198], [78.440612, 17.4206201], [78.4402793, 17.4206229], [78.4402328, 17.4206421], [78.4402007, 17.4206782], [78.4402124, 17.4208993], [78.4402342, 17.4209267], [78.4402691, 17.4209377], [78.4405622, 17.4209339], [78.4406092, 17.4209333]]}}, {"type": "Feature", "id": "way/1298489731", "properties": {"osm_id": 1298489731, "access": "private", "highway": "service"}, "geometry": {"type": "LineString", "coordinates": [[78.4327512, 17.4109874], [78.4327543, 17.4110056], [78.4327559, 17.4110223], [78.4327653, 17.4110306], [78.4328434, 17.4110214]]}}, {"type": "Feature", "id": "way/1299950531", "properties": {"osm_id": 1299950531, "access": "private", "highway": "residential"}, "geometry": {"type": "LineString", "coordinates": [[78.4350968, 17.4249244], [78.4349871, 17.4248909]]}}, {"type": "Feature", "id": "way/1299950533", "properties": {"osm_id": 1299950533, "highway": "residential"}, "geometry": {"type": "LineString", "coordinates": [[78.4351245, 17.424932], [78.4350968, 17.4249244]]}}, {"type": "Feature", "id": "way/1303151750", "properties": {"osm_id": 1303151750, "highway": "residential"}, "geometry": {"type": "LineString", "coordinates": [[78.4449781, 17.4246057], [78.4451457, 17.4244705], [78.4454161, 17.4244337], [78.4457315, 17.4244726], [78.4459611, 17.4245647], [78.4460963, 17.4247234], [78.4461501, 17.4247098]]}}, {"type": "Feature", "id": "way/1304798363", "properties": {"osm_id": 1304798363, "highway": "residential"}, "geometry": {"type": "LineString", "coordinates": [[78.4421784, 17.4141099], [78.4419471, 17.4141194]]}}, {"type": "Feature", "id": "way/1318037298", "properties": {"osm_id": 1318037298, "bicycle": "yes", "foot": "yes", "highway": "tertiary", "lanes": "2", "name": "Banjara Hills Road Number 14", "oneway": "yes", "sidewalk": "no"}, "geometry": {"type": "LineString", "coordinates": [[78.4318674, 17.4220933], [78.4319313, 17.4220782], [78.4321511, 17.4220384], [78.43221, 17.4219917]]}}, {"type": "Feature", "id": "way/1318037299", "properties": {"osm_id": 1318037299, "highway": "tertiary", "name": "Banjara Hills Road Number 14", "oneway": "yes"}, "geometry": {"type": "LineString", "coordinates": [[78.43221, 17.4219917], [78.4321415, 17.4219795], [78.4320479, 17.4219958]]}}, {"type": "Feature", "id": "way/1318037300", "properties": {"osm_id": 1318037300, "highway": "tertiary", "name": "Banjara Hills Road Number 14", "oneway": "yes"}, "geometry": {"type": "LineString", "coordinates": [[78.4320479, 17.4219958], [78.4319122, 17.4220195], [78.4318502, 17.4220317]]}}, {"type": "Feature", "id": "way/1318596430", "properties": {"osm_id": 1318596430, "highway": "residential"}, "geometry": {"type": "LineString", "coordinates": [[78.4307105, 17.4176512], [78.4308042, 17.4176383], [78.4309315, 17.4176209], [78.4310078, 17.4176082], [78.4311196, 17.4175917]]}}, {"type": "Feature", "id": "way/1318596635", "properties": {"osm_id": "-64075", "full_id": "w-64075", "highway": "steps", "osm_type": "way"}, "geometry": {"type": "LineString", "coordinates": [[78.4307446, 17.4179359], [78.4307341, 17.4178179]]}}, {"type": "Feature", "id": "way/1321763909", "properties": {"osm_id": 1321763909, "access": "private", "highway": "residential"}, "geometry": {"type": "LineString", "coordinates": [[78.4329262, 17.4233415], [78.4332408, 17.4232668], [78.4332905, 17.4232397], [78.4333117, 17.423214], [78.4333193, 17.4231942], [78.4333203, 17.4231652], [78.4332479, 17.4228714]]}}, {"type": "Feature", "id": "way/1321796341", "properties": {"osm_id": 1321796341, "access": "private", "highway": "residential"}, "geometry": {"type": "LineString", "coordinates": [[78.4440628, 17.4189847], [78.4440387, 17.4189056], [78.4439724, 17.418627]]}}, {"type": "Feature", "id": "way/1321796342", "properties": {"osm_id": 1321796342, "access": "private", "highway": "residential"}, "geometry": {"type": "LineString", "coordinates": [[78.4433672, 17.4181603], [78.4434086, 17.4181512], [78.4437765, 17.4180705], [78.4438308, 17.4180424], [78.4438508, 17.4180098], [78.4438461, 17.4179613], [78.4438275, 17.4178592], [78.443773, 17.4176036], [78.4437615, 17.4175498]]}}, {"type": "Feature", "id": "way/1324359107", "properties": {"osm_id": 1324359107, "highway": "residential", "motor_vehicle": "no"}, "geometry": {"type": "LineString", "coordinates": [[78.4332036, 17.4097604], [78.4332051, 17.4098969], [78.4332006, 17.4100775]]}}, {"type": "Feature", "id": "way/1332860987", "properties": {"osm_id": 1332860987, "highway": "residential"}, "geometry": {"type": "LineString", "coordinates": [[78.4405009, 17.4244199], [78.4404574, 17.4241392]]}}, {"type": "Feature", "id": "way/1339447571", "properties": {"osm_id": 1339447571, "access": "private", "highway": "residential", "layer": "1"}, "geometry": {"type": "LineString", "coordinates": [[78.4318615, 17.4235035], [78.4319214, 17.4234526], [78.4319942, 17.4233907], [78.4322228, 17.4231965], [78.4323397, 17.4234636], [78.432418, 17.4236551], [78.4324234, 17.423694], [78.4324116, 17.4237237], [78.4323869, 17.4237533], [78.4323644, 17.4237666], [78.4323172, 17.4237718], [78.4322786, 17.4237513], [78.4322539, 17.4237329], [78.4322238, 17.4237083], [78.4319942, 17.4233907]]}}, {"type": "Feature", "id": "way/1340687653", "properties": {"osm_id": "-64282", "full_id": "w-64282", "highway": "residential", "motor_vehicle": "no", "osm_type": "way"}, "geometry": {"type": "LineString", "coordinates": [[78.4336845, 17.410196], [78.4335369, 17.4102337], [78.4333345, 17.4102252], [78.4331461, 17.4102137], [78.4330623, 17.4101538], [78.4328879, 17.4100672], [78.4326157, 17.4100606], [78.4324412, 17.410111]]}}, {"type": "Feature", "id": "way/1342390473", "properties": {"osm_id": "-64289", "access": "yes", "full_id": "w-64289", "highway": "residential", "motor_vehicle": "no", "osm_type": "way"}, "geometry": {"type": "LineString", "coordinates": [[78.4323704, 17.4098111], [78.4324412, 17.410111]]}}, {"type": "Feature", "id": "way/1342444762", "properties": {"osm_id": 1342444762, "highway": "residential", "layer": "1"}, "geometry": {"type": "LineString", "coordinates": [[78.4326205, 17.4118392], [78.4324579, 17.4113142], [78.4322798, 17.4113511], [78.4324418, 17.411895]]}}, {"type": "Feature", "id": "way/1353180598", "properties": {"osm_id": 1353180598, "highway": "residential", "layer": "1"}, "geometry": {"type": "LineString", "coordinates": [[78.4322285, 17.4246919], [78.4323916, 17.4240772]]}}, {"type": "Feature", "id": "way/1354999296", "properties": {"osm_id": 1354999296, "highway": "residential", "source": "Yahoo imagery"}, "geometry": {"type": "LineString", "coordinates": [[78.4322489, 17.4239601], [78.4315181, 17.4240185]]}}, {"type": "Feature", "id": "way/1354999297", "properties": {"osm_id": 1354999297, "highway": "residential", "source": "Yahoo imagery"}, "geometry": {"type": "LineString", "coordinates": [[78.4329486, 17.4238219], [78.4325576, 17.4239214], [78.4322489, 17.4239601]]}}, {"type": "Feature", "id": "way/1357197790", "properties": {"osm_id": "-92141", "access": "yes", "full_id": "w-92141", "highway": "residential", "motor_vehicle": "no", "osm_type": "way"}, "geometry": {"type": "LineString", "coordinates": [[78.4421692, 17.4143856], [78.4419381, 17.4143901]]}}, {"type": "Feature", "id": "way/1363549344", "properties": {"osm_id": 1363549344, "access": "no", "highway": "residential", "osm_type": "way"}, "geometry": {"type": "LineString", "coordinates": [[78.4369082, 17.4133765], [78.4369738, 17.4135215]]}}, {"type": "Feature", "id": "way/1363652782", "properties": {"osm_id": 1363652782, "highway": "residential"}, "geometry": {"type": "LineString", "coordinates": [[78.4390612, 17.4157699], [78.4387574, 17.4158764]]}}, {"type": "Feature", "id": "way/1364440263", "properties": {"osm_id": 1364440263, "highway": "residential"}, "geometry": {"type": "LineString", "coordinates": [[78.445201, 17.415496], [78.445183, 17.4151596], [78.4449309, 17.4151983], [78.4449197, 17.4151964], [78.4449154, 17.4151864], [78.4449092, 17.414854], [78.445103, 17.414818]]}}, {"type": "Feature", "id": "way/1376438281", "properties": {"osm_id": 1376438281, "access": "private", "highway": "service"}, "geometry": {"type": "LineString", "coordinates": [[78.4318719, 17.4248673], [78.4319518, 17.4248798], [78.432121, 17.4249062]]}}, {"type": "Feature", "id": "way/1381111855", "properties": {"osm_id": 1381111855, "access": "private", "highway": "service", "oneway": "yes"}, "geometry": {"type": "LineString", "coordinates": [[78.4319686, 17.424781], [78.4319602, 17.4248304], [78.4319518, 17.4248798]]}}, {"type": "Feature", "id": "way/1387181762", "properties": {"osm_id": 1387181762, "highway": "residential"}, "geometry": {"type": "LineString", "coordinates": [[78.442156, 17.423984], [78.4421759, 17.4235735]]}}, {"type": "Feature", "id": "way/1390284416", "properties": {"osm_id": 1390284416, "highway": "residential"}, "geometry": {"type": "LineString", "coordinates": [[78.4316967, 17.4165602], [78.4317089, 17.416645]]}}, {"type": "Feature", "id": "way/1426616189", "properties": {"osm_id": 1426616189, "highway": "residential"}, "geometry": {"type": "LineString", "coordinates": [[78.4330596, 17.4210204], [78.4329824, 17.420606]]}}, {"type": "Feature", "id": "way/1426616190", "properties": {"osm_id": 1426616190, "bicycle": "no", "highway": "residential", "motor_vehicle": "no"}, "geometry": {"type": "LineString", "coordinates": [[78.4330949, 17.4212492], [78.4330596, 17.4210204]]}}, {"type": "Feature", "id": "way/1444685542", "properties": {"osm_id": 1444685542, "access": "private", "highway": "service"}, "geometry": {"type": "LineString", "coordinates": [[78.4311819, 17.4246425], [78.4311605, 17.4247225], [78.4311439, 17.4247987], [78.4311362, 17.4248338], [78.4311071, 17.4249439], [78.4309306, 17.4256116], [78.4309091, 17.4257156], [78.4308841, 17.4257463], [78.4308179, 17.425748], [78.4305604, 17.4256133], [78.4303262, 17.4254273], [78.4303369, 17.4253471], [78.4306694, 17.424721], [78.430682, 17.4246948], [78.4307066, 17.4246433], [78.4307582, 17.4245353]]}}, {"type": "Feature", "id": "way/1444685543", "properties": {"osm_id": 1444685543, "access": "private", "highway": "service"}, "geometry": {"type": "LineString", "coordinates": [[78.4311605, 17.4247225], [78.4312065, 17.4247315], [78.4315133, 17.4247914], [78.4314743, 17.424949], [78.4313658, 17.4254386], [78.4312927, 17.425738]]}}, {"type": "Feature", "id": "way/1444735333", "properties": {"osm_id": 1444735333, "highway": "service"}, "geometry": {"type": "LineString", "coordinates": [[78.4417433, 17.4219848], [78.4415985, 17.421862], [78.4414983, 17.4218057], [78.4413982, 17.421775], [78.4412408, 17.4217425], [78.4411425, 17.4217425], [78.4411014, 17.4217511], [78.4410835, 17.4218074], [78.441054, 17.422664], [78.441096, 17.4226885], [78.4416369, 17.4226786], [78.4416811, 17.4226479], [78.4416866, 17.4222909], [78.4416941, 17.4221022], [78.4417433, 17.4219848]]}}, {"type": "Feature", "id": "way/1444735334", "properties": {"osm_id": 1444735334, "highway": "service"}, "geometry": {"type": "LineString", "coordinates": [[78.4416866, 17.4222909], [78.4417906, 17.4222805], [78.4418402, 17.4222279], [78.4418857, 17.4221312]]}}, {"type": "Feature", "id": "way/1444735335", "properties": {"osm_id": 1444735335, "highway": "service"}, "geometry": {"type": "LineString", "coordinates": [[78.4417433, 17.4219848], [78.4417996, 17.4220179], [78.4418857, 17.4221312]]}}, {"type": "Feature", "id": "way/1445381866", "properties": {"osm_id": 1445381866, "access": "private", "highway": "service"}, "geometry": {"type": "LineString", "coordinates": [[78.430682, 17.4246948], [78.4311439, 17.4247987]]}}, {"type": "Feature", "id": "way/1445381867", "properties": {"osm_id": 1445381867, "access": "private", "highway": "service"}, "geometry": {"type": "LineString", "coordinates": [[78.4315133, 17.4247914], [78.4315209, 17.4247632], [78.4315373, 17.4247029]]}}, {"type": "Feature", "id": "way/1449625160", "properties": {"osm_id": 1449625160, "access": "private", "highway": "residential"}, "geometry": {"type": "LineString", "coordinates": [[78.4434862, 17.4170806], [78.4435821, 17.4174229], [78.4435939, 17.4174315], [78.4436124, 17.417436], [78.4436255, 17.417436], [78.4437546, 17.4174035], [78.4438486, 17.4173799], [78.4438611, 17.4173811], [78.4438738, 17.4173871], [78.4438901, 17.4174315], [78.4439174, 17.4175062]]}}, {"type": "Feature", "id": "way/1449634079", "properties": {"osm_id": 1449634079, "access": "private", "highway": "residential"}, "geometry": {"type": "LineString", "coordinates": [[78.4311906, 17.4122374], [78.431158, 17.4121181], [78.4311536, 17.412102], [78.4316147, 17.4119816], [78.4316482, 17.4119477], [78.4316482, 17.4118958], [78.4314955, 17.4113071], [78.4314662, 17.4112552]]}}, {"type": "Feature", "id": "way/1449634080", "properties": {"osm_id": 1449634080, "access": "private", "highway": "residential"}, "geometry": {"type": "LineString", "coordinates": [[78.4314662, 17.4112552], [78.4314076, 17.4112452], [78.4304413, 17.4114827], [78.430406, 17.4115178], [78.4304025, 17.4115673], [78.430412, 17.4116164], [78.4305208, 17.4121613], [78.4305563, 17.4122251], [78.4306128, 17.4122531], [78.4310199, 17.4121394], [78.4311536, 17.412102]]}}, {"type": "Feature", "id": "way/1449640082", "properties": {"osm_id": 1449640082, "access": "no", "highway": "living_street"}, "geometry": {"type": "LineString", "coordinates": [[78.4444719, 17.4240683], [78.4447713, 17.424108]]}}, {"type": "Feature", "id": "way/1449642503", "properties": {"osm_id": 1449642503, "highway": "residential"}, "geometry": {"type": "LineString", "coordinates": [[78.4440339, 17.4247901], [78.4444069, 17.4248137]]}}, {"type": "Feature", "id": "way/1449642504", "properties": {"osm_id": 1449642504, "highway": "living_street", "motorcar": "no"}, "geometry": {"type": "LineString", "coordinates": [[78.4433847, 17.4245038], [78.4436541, 17.4245344], [78.4438185, 17.4245499], [78.4439719, 17.4245367], [78.4440296, 17.424518], [78.4440768, 17.4244977], [78.4441145, 17.424492], [78.4441542, 17.4244892], [78.4443201, 17.4244771]]}}, {"type": "Feature", "id": "way/1449642505", "properties": {"osm_id": 1449642505, "highway": "living_street", "motorcar": "no"}, "geometry": {"type": "LineString", "coordinates": [[78.4429853, 17.4244134], [78.4433986, 17.4243872], [78.4434101, 17.4243986], [78.4434131, 17.4244295], [78.4433961, 17.4244796], [78.4433847, 17.4245038], [78.4433808, 17.4245122], [78.4433551, 17.4245553], [78.443321, 17.4246875], [78.4433259, 17.4251209], [78.443332, 17.4251311], [78.4433397, 17.4251451], [78.4433577, 17.425161], [78.4434212, 17.4251685], [78.4434749, 17.4251685], [78.4435122, 17.4251632], [78.4435731, 17.4251468], [78.4437204, 17.4250776], [78.4437493, 17.4250576], [78.443787, 17.4249936], [78.4438057, 17.4249762], [78.4438321, 17.4249728], [78.4439066, 17.4249826], [78.4439279, 17.4249826], [78.4439437, 17.4249708], [78.4439592, 17.4249472], [78.4439908, 17.4248779], [78.4440298, 17.4248309], [78.4440339, 17.4247901], [78.4440474, 17.4247423], [78.4440694, 17.4247046], [78.4440999, 17.4246785], [78.4441351, 17.4246527], [78.4441463, 17.4246398], [78.4441511, 17.4246137], [78.4441542, 17.4244892]]}}, {"type": "Feature", "id": "way/1450279767", "properties": {"osm_id": 1450279767, "highway": "living_street", "motorcar": "no"}, "geometry": {"type": "LineString", "coordinates": [[78.4406055, 17.4134587], [78.4405343, 17.4131531]]}}, {"type": "Feature", "id": "way/1450279768", "properties": {"osm_id": 1450279768, "highway": "living_street", "motorcar": "no"}, "geometry": {"type": "LineString", "coordinates": [[78.4403039, 17.4134763], [78.4402431, 17.4132179]]}}, {"type": "Feature", "id": "way/1450300623", "properties": {"osm_id": 1450300623, "access": "private", "highway": "residential"}, "geometry": {"type": "LineString", "coordinates": [[78.4310199, 17.4121394], [78.4310265, 17.4121614], [78.4310586, 17.4122689]]}}, {"type": "Feature", "id": "way/1450449429", "properties": {"osm_id": 1450449429, "highway": "living_street", "motorcar": "no"}, "geometry": {"type": "LineString", "coordinates": [[78.4315236, 17.418767], [78.431762, 17.4187622]]}}, {"type": "Feature", "id": "way/1450449430", "properties": {"osm_id": 1450449430, "highway": "living_street", "motorcar": "no"}, "geometry": {"type": "LineString", "coordinates": [[78.4314383, 17.4188996], [78.4317502, 17.4188955]]}}, {"type": "Feature", "id": "way/1450449431", "properties": {"osm_id": 1450449431, "highway": "living_street", "motorcar": "no"}, "geometry": {"type": "LineString", "coordinates": [[78.4317524, 17.4188708], [78.4319721, 17.4188683]]}}, {"type": "Feature", "id": "way/1450449432", "properties": {"osm_id": 1450449432, "highway": "living_street", "motorcar": "no"}, "geometry": {"type": "LineString", "coordinates": [[78.4319652, 17.4186351], [78.4317731, 17.4186365]]}}, {"type": "Feature", "id": "way/1450455051", "properties": {"osm_id": 1450455051, "access": "private", "highway": "residential"}, "geometry": {"type": "LineString", "coordinates": [[78.4329214, 17.4180064], [78.4329188, 17.4179479], [78.432904, 17.4175795], [78.4328959, 17.4175578], [78.4328782, 17.4175515], [78.4327503, 17.4175578]]}}, {"type": "Feature", "id": "way/1450462121", "properties": {"osm_id": 1450462121, "access": "private", "highway": "residential"}, "geometry": {"type": "LineString", "coordinates": [[78.4335328, 17.4152306], [78.4335742, 17.4152272], [78.4335846, 17.4152264], [78.4335655, 17.4149492], [78.4335736, 17.414933], [78.4335986, 17.4149253], [78.4339472, 17.4149021], [78.4339715, 17.4149085], [78.4339825, 17.4149239], [78.4340139, 17.4153014], [78.4340144, 17.4153067], [78.4340194, 17.4153675]]}}, {"type": "Feature", "id": "way/1450462122", "properties": {"osm_id": 1450462122, "access": "private", "highway": "residential"}, "geometry": {"type": "LineString", "coordinates": [[78.4335846, 17.4152264], [78.4335905, 17.4153071], [78.433603, 17.4153218], [78.4336244, 17.4153274], [78.4340139, 17.4153014]]}}, {"type": "Feature", "id": "way/1450466563", "properties": {"osm_id": 1450466563, "highway": "steps"}, "geometry": {"type": "LineString", "coordinates": [[78.4357458, 17.4171994], [78.4357857, 17.4174]]}}, {"type": "Feature", "id": "way/1450466564", "properties": {"osm_id": 1450466564, "highway": "residential"}, "geometry": {"type": "LineString", "coordinates": [[78.4357245, 17.4170925], [78.4357458, 17.4171994]]}}, {"type": "Feature", "id": "way/1450637192", "properties": {"osm_id": 1450637192, "highway": "living_street", "motorcar": "no"}, "geometry": {"type": "LineString", "coordinates": [[78.4408905, 17.4152247], [78.4409109, 17.4152222], [78.4409186, 17.4152156], [78.4409217, 17.4151979], [78.4409213, 17.415177], [78.4409208, 17.4150086]]}}, {"type": "Feature", "id": "way/1450637193", "properties": {"osm_id": 1450637193, "highway": "living_street", "motorcar": "no"}, "geometry": {"type": "LineString", "coordinates": [[78.4413983, 17.415019], [78.4414034, 17.41505], [78.4414107, 17.4150677], [78.4414269, 17.4150732], [78.4414484, 17.4150735], [78.4416552, 17.4150169]]}}, {"type": "Feature", "id": "way/1450644703", "properties": {"osm_id": 1450644703, "highway": "residential"}, "geometry": {"type": "LineString", "coordinates": [[78.4420764, 17.4137583], [78.4419556, 17.4132713], [78.4418215, 17.4128603]]}}, {"type": "Feature", "id": "way/1453319247", "properties": {"osm_id": 1453319247, "highway": "residential"}, "geometry": {"type": "LineString", "coordinates": [[78.4309315, 17.4176209], [78.4308831, 17.4173762]]}}, {"type": "Feature", "id": "way/1464307032", "properties": {"osm_id": 1464307032, "highway": "residential"}, "geometry": {"type": "LineString", "coordinates": [[78.4344506, 17.4162451], [78.4344613, 17.4163248]]}}, {"type": "Feature", "id": "way/1522043845", "properties": {"osm_id": 1522043845, "highway": "service", "oneway": "yes", "service": "driveway"}, "geometry": {"type": "LineString", "coordinates": [[78.4447202, 17.4194301], [78.444684, 17.4194652], [78.4446419, 17.419542], [78.4446038, 17.4196469], [78.4446126, 17.4196767], [78.4446315, 17.4196987], [78.4446626, 17.4197126], [78.4447035, 17.4197141], [78.4447549, 17.4197074], [78.4447922, 17.4196757], [78.4448042, 17.4196296], [78.4447986, 17.4195941], [78.4447637, 17.4195102], [78.4447328, 17.4194532], [78.4447202, 17.4194301]]}}]}